2026-03-08 23:54:45,527 [GeneticProgrammer] INFO ======================================================================
2026-03-08 23:54:45,527 [GeneticProgrammer] INFO GENETIC PROGRAMMING EVOLUTION — New cycle
2026-03-08 23:54:45,527 [GeneticProgrammer] INFO Symbols: ['BTCUSDT', 'ETHUSDT', 'SOLUSDT'] | Pop: 60 | Gens: 15
2026-03-08 23:54:45,527 [GeneticProgrammer] INFO ======================================================================
2026-03-08 23:54:48,490 [GeneticProgrammer] INFO Fetched BTCUSDT: 750 bars (1h)
2026-03-08 23:54:48,654 [GeneticProgrammer] INFO Fetched ETHUSDT: 750 bars (1h)
2026-03-08 23:54:48,815 [GeneticProgrammer] INFO Fetched SOLUSDT: 750 bars (1h)
2026-03-08 23:54:48,848 [GeneticProgrammer] INFO GP Evolution: pop=60, gens=15
2026-03-08 23:54:50,536 [GeneticProgrammer] INFO Gen   0 | Best: 0.3554 | Avg: -0.9374 | Stag: 0
2026-03-08 23:54:52,194 [GeneticProgrammer] INFO Gen   1 | Best: 0.3554 | Avg: -0.5443 | Stag: 1
2026-03-08 23:54:53,795 [GeneticProgrammer] INFO Gen   2 | Best: 0.3975 | Avg: -0.2204 | Stag: 0
2026-03-08 23:54:55,417 [GeneticProgrammer] INFO Gen   3 | Best: 0.5841 | Avg: -0.3242 | Stag: 0
2026-03-08 23:54:57,012 [GeneticProgrammer] INFO Gen   4 | Best: 0.5841 | Avg: -0.2797 | Stag: 1
2026-03-08 23:54:58,587 [GeneticProgrammer] INFO Gen   5 | Best: 0.7099 | Avg: -0.0937 | Stag: 0
2026-03-08 23:55:00,154 [GeneticProgrammer] INFO Gen   6 | Best: 0.7099 | Avg: -0.0826 | Stag: 1
2026-03-08 23:55:01,721 [GeneticProgrammer] INFO Gen   7 | Best: 0.7099 | Avg: -0.0088 | Stag: 2
2026-03-08 23:55:03,303 [GeneticProgrammer] INFO Gen   8 | Best: 0.7099 | Avg: -0.0623 | Stag: 3
2026-03-08 23:55:04,873 [GeneticProgrammer] INFO Gen   9 | Best: 0.7542 | Avg: -0.1313 | Stag: 0
2026-03-08 23:55:06,470 [GeneticProgrammer] INFO Gen  10 | Best: 0.7542 | Avg: -0.1703 | Stag: 1
2026-03-08 23:55:08,049 [GeneticProgrammer] INFO Gen  11 | Best: 0.7542 | Avg: -0.1584 | Stag: 2
2026-03-08 23:55:09,668 [GeneticProgrammer] INFO Gen  12 | Best: 0.7676 | Avg: -0.0901 | Stag: 0
2026-03-08 23:55:11,253 [GeneticProgrammer] INFO Gen  13 | Best: 0.7682 | Avg: -0.1599 | Stag: 0
2026-03-08 23:55:12,830 [GeneticProgrammer] INFO Gen  14 | Best: 0.7825 | Avg: -0.1821 | Stag: 0
2026-03-08 23:55:14,428 [GeneticProgrammer] INFO Saved 30 active picks to E:\findtorontoevents_antigravity.ca\genome\data\gp_active_picks.json
2026-03-08 23:55:14,435 [GeneticProgrammer] INFO Evolution done. Top: GPX_Gen15_246f61 fitness=0.7850
2026-03-09 00:01:35,496 [GeneticProgrammer] INFO ======================================================================
2026-03-09 00:01:35,496 [GeneticProgrammer] INFO GENETIC PROGRAMMING EVOLUTION — New cycle
2026-03-09 00:01:35,496 [GeneticProgrammer] INFO Symbols: ['BTCUSDT', 'ETHUSDT', 'SOLUSDT', 'AVAXUSDT', 'DOGEUSDT'] | Pop: 60 | Gens: 15
2026-03-09 00:01:35,496 [GeneticProgrammer] INFO ======================================================================
2026-03-09 00:01:39,153 [GeneticProgrammer] INFO Fetched BTCUSDT: 750 bars (1h)
2026-03-09 00:01:39,595 [GeneticProgrammer] INFO Fetched ETHUSDT: 750 bars (1h)
2026-03-09 00:01:39,758 [GeneticProgrammer] INFO Fetched SOLUSDT: 750 bars (1h)
2026-03-09 00:01:39,918 [GeneticProgrammer] INFO Fetched AVAXUSDT: 750 bars (1h)
2026-03-09 00:01:40,084 [GeneticProgrammer] INFO Fetched DOGEUSDT: 750 bars (1h)
2026-03-09 00:01:40,101 [GeneticProgrammer] INFO GP Evolution: pop=60, gens=15
2026-03-09 00:01:40,104 [GeneticProgrammer] INFO Seeded 10 prior winners
2026-03-09 00:01:43,361 [GeneticProgrammer] INFO Gen   0 | Best: 0.4899 | Avg: -0.7517 | Stag: 0
2026-03-09 00:01:46,075 [GeneticProgrammer] INFO Gen   1 | Best: 0.5090 | Avg: -0.4576 | Stag: 0
2026-03-09 00:01:48,810 [GeneticProgrammer] INFO Gen   2 | Best: 0.5489 | Avg: -0.3795 | Stag: 0
2026-03-09 00:01:51,531 [GeneticProgrammer] INFO Gen   3 | Best: 0.5851 | Avg: -0.2631 | Stag: 0
2026-03-09 00:01:54,245 [GeneticProgrammer] INFO Gen   4 | Best: 0.6870 | Avg: -0.2238 | Stag: 0
2026-03-09 00:01:56,968 [GeneticProgrammer] INFO Gen   5 | Best: 0.6870 | Avg: -0.1880 | Stag: 1
2026-03-09 00:01:59,650 [GeneticProgrammer] INFO Gen   6 | Best: 0.6870 | Avg: -0.1236 | Stag: 2
2026-03-09 00:02:02,347 [GeneticProgrammer] INFO Gen   7 | Best: 0.6870 | Avg: -0.1701 | Stag: 3
2026-03-09 00:02:05,056 [GeneticProgrammer] INFO Gen   8 | Best: 0.7049 | Avg: -0.1438 | Stag: 0
2026-03-09 00:02:07,739 [GeneticProgrammer] INFO Gen   9 | Best: 0.7049 | Avg: -0.0881 | Stag: 1
2026-03-09 00:02:10,441 [GeneticProgrammer] INFO Gen  10 | Best: 0.7049 | Avg: -0.2545 | Stag: 2
2026-03-09 00:02:13,163 [GeneticProgrammer] INFO Gen  11 | Best: 0.7049 | Avg: -0.1832 | Stag: 3
2026-03-09 00:02:15,839 [GeneticProgrammer] INFO Gen  12 | Best: 0.7049 | Avg: 0.0481 | Stag: 4
2026-03-09 00:02:18,515 [GeneticProgrammer] INFO Gen  13 | Best: 0.7049 | Avg: 0.0069 | Stag: 5
2026-03-09 00:02:21,173 [GeneticProgrammer] INFO Gen  14 | Best: 0.7203 | Avg: -0.0735 | Stag: 0
2026-03-09 00:02:23,883 [GeneticProgrammer] INFO Saved 50 active picks to E:\findtorontoevents_antigravity.ca\genome\data\gp_active_picks.json
2026-03-09 00:02:23,893 [GeneticProgrammer] INFO Evolution done. Top: GPM_Gen15_cfff58 fitness=0.7339
2026-03-09 00:03:15,858 [GeneticProgrammer] INFO Fetched BTCUSDT: 750 bars (1h)
2026-03-09 00:03:16,176 [GeneticProgrammer] INFO Fetched ETHUSDT: 750 bars (1h)
2026-03-09 00:03:16,761 [GeneticProgrammer] INFO Fetched SOLUSDT: 750 bars (1h)
2026-03-09 00:03:16,778 [GeneticProgrammer] INFO GP Evolution: pop=40, gens=10
2026-03-09 00:03:16,780 [GeneticProgrammer] INFO Seeded 10 prior winners
2026-03-09 00:03:18,178 [GeneticProgrammer] INFO Gen   0 | Best: 0.5224 | Avg: -0.7855 | Stag: 0
2026-03-09 00:03:19,272 [GeneticProgrammer] INFO Gen   1 | Best: 0.5224 | Avg: -0.4915 | Stag: 1
2026-03-09 00:03:20,378 [GeneticProgrammer] INFO Gen   2 | Best: 0.5232 | Avg: -0.3933 | Stag: 0
2026-03-09 00:03:21,444 [GeneticProgrammer] INFO Gen   3 | Best: 0.5251 | Avg: -0.2040 | Stag: 0
2026-03-09 00:03:22,524 [GeneticProgrammer] INFO Gen   4 | Best: 0.6116 | Avg: -0.1365 | Stag: 0
2026-03-09 00:03:23,595 [GeneticProgrammer] INFO Gen   5 | Best: 0.6116 | Avg: -0.1538 | Stag: 1
2026-03-09 00:03:24,695 [GeneticProgrammer] INFO Gen   6 | Best: 0.6116 | Avg: -0.2371 | Stag: 2
2026-03-09 00:03:25,816 [GeneticProgrammer] INFO Gen   7 | Best: 0.6116 | Avg: -0.4856 | Stag: 3
2026-03-09 00:03:26,946 [GeneticProgrammer] INFO Gen   8 | Best: 0.6218 | Avg: -0.4036 | Stag: 0
2026-03-09 00:03:28,080 [GeneticProgrammer] INFO Gen   9 | Best: 0.6792 | Avg: -0.6414 | Stag: 0
2026-03-09 00:03:29,183 [GeneticProgrammer] INFO Saved 26 active picks to E:\findtorontoevents_antigravity.ca\genome\data\gp_active_picks.json
2026-03-09 00:03:29,191 [GeneticProgrammer] INFO Evolution done. Top: GPX_Gen9_c0d030 fitness=0.6792
2026-03-09 00:26:07,899 [GeneticProgrammer] INFO ======================================================================
2026-03-09 00:26:07,899 [GeneticProgrammer] INFO GENETIC PROGRAMMING EVOLUTION — New cycle
2026-03-09 00:26:07,899 [GeneticProgrammer] INFO Symbols: ['BTCUSDT', 'ETHUSDT', 'SOLUSDT', 'AVAXUSDT', 'DOGEUSDT'] | Pop: 60 | Gens: 15
2026-03-09 00:26:07,899 [GeneticProgrammer] INFO ======================================================================
2026-03-09 00:26:10,472 [GeneticProgrammer] INFO Fetched BTCUSDT: 750 bars (1h)
2026-03-09 00:26:10,637 [GeneticProgrammer] INFO Fetched ETHUSDT: 750 bars (1h)
2026-03-09 00:26:10,800 [GeneticProgrammer] INFO Fetched SOLUSDT: 750 bars (1h)
2026-03-09 00:26:10,964 [GeneticProgrammer] INFO Fetched AVAXUSDT: 750 bars (1h)
2026-03-09 00:26:11,133 [GeneticProgrammer] INFO Fetched DOGEUSDT: 750 bars (1h)
2026-03-09 00:26:11,151 [GeneticProgrammer] INFO GP Evolution: pop=60, gens=15
2026-03-09 00:26:11,154 [GeneticProgrammer] INFO Seeded 10 prior winners
2026-03-09 00:26:14,483 [GeneticProgrammer] INFO Gen   0 | Best: 0.5714 | Avg: -0.8260 | Stag: 0
2026-03-09 00:26:17,232 [GeneticProgrammer] INFO Gen   1 | Best: 0.5714 | Avg: -0.4412 | Stag: 1
2026-03-09 00:26:19,941 [GeneticProgrammer] INFO Gen   2 | Best: 0.5714 | Avg: -0.2469 | Stag: 2
2026-03-09 00:26:22,650 [GeneticProgrammer] INFO Gen   3 | Best: 0.6197 | Avg: -0.2213 | Stag: 0
2026-03-09 00:26:25,384 [GeneticProgrammer] INFO Gen   4 | Best: 0.6197 | Avg: -0.3051 | Stag: 1
2026-03-09 00:26:28,128 [GeneticProgrammer] INFO Gen   5 | Best: 0.6334 | Avg: -0.2271 | Stag: 0
2026-03-09 00:26:30,848 [GeneticProgrammer] INFO Gen   6 | Best: 0.6334 | Avg: -0.3239 | Stag: 1
2026-03-09 00:26:33,588 [GeneticProgrammer] INFO Gen   7 | Best: 0.6334 | Avg: -0.1789 | Stag: 2
2026-03-09 00:26:36,325 [GeneticProgrammer] INFO Gen   8 | Best: 0.6334 | Avg: -0.2341 | Stag: 3
2026-03-09 00:26:39,013 [GeneticProgrammer] INFO Gen   9 | Best: 0.6334 | Avg: -0.1104 | Stag: 4
2026-03-09 00:26:41,663 [GeneticProgrammer] INFO Gen  10 | Best: 0.6334 | Avg: -0.1285 | Stag: 5
2026-03-09 00:26:44,459 [GeneticProgrammer] INFO Gen  11 | Best: 0.6334 | Avg: -0.3912 | Stag: 6
2026-03-09 00:26:47,193 [GeneticProgrammer] INFO Gen  12 | Best: 0.6334 | Avg: -0.2758 | Stag: 7
2026-03-09 00:26:49,975 [GeneticProgrammer] INFO Gen  13 | Best: 0.6334 | Avg: -0.4187 | Stag: 8
2026-03-09 00:26:52,793 [GeneticProgrammer] INFO Gen  14 | Best: 0.6334 | Avg: -0.5232 | Stag: 9
2026-03-09 00:26:55,576 [GeneticProgrammer] INFO Saved 44 active picks to E:\findtorontoevents_antigravity.ca\genome\data\gp_active_picks.json
2026-03-09 00:26:55,588 [GeneticProgrammer] INFO Evolution done. Top: GPM_Gen5_230b86 fitness=0.6334
2026-03-09 00:28:38,175 [MAPE_Evolver] INFO Fetching market data...
2026-03-09 00:28:40,726 [GeneticProgrammer] INFO Fetched BTCUSDT: 750 bars (1h)
2026-03-09 00:28:40,894 [GeneticProgrammer] INFO Fetched ETHUSDT: 750 bars (1h)
2026-03-09 00:28:41,065 [GeneticProgrammer] INFO Fetched SOLUSDT: 750 bars (1h)
2026-03-09 00:28:41,094 [MAPE_Evolver] INFO ======================================================================
2026-03-09 00:28:41,094 [MAPE_Evolver] INFO MAP-ELITES QUALITY-DIVERSITY EVOLUTION
2026-03-09 00:28:41,094 [MAPE_Evolver] INFO Grid: (5, 5, 3, 3, 3) = 675 cells
2026-03-09 00:28:41,094 [MAPE_Evolver] INFO Iterations: 500 | Initial random: 50
2026-03-09 00:28:41,094 [MAPE_Evolver] INFO ======================================================================
2026-03-09 00:28:41,094 [MAPE_Evolver] INFO 
[Phase 1] Random initialization (50 strategies)...
2026-03-09 00:28:41,122 [MAPE_Evolver] INFO   Init 0/50 | Coverage: 1/675 cells (0.1%) | QD: 0.09
2026-03-09 00:28:42,530 [MAPE_Evolver] INFO 
[Phase 2] Illumination (500 iterations)...
2026-03-09 00:28:42,558 [MAPE_Evolver] INFO   Iter     0 | Coverage: 1.3% | QD Score: -1.77 | Best: 0.571 | 
2026-03-09 00:28:51,056 [MAPE_Evolver] INFO   Iter   300 | Coverage: 4.1% | QD Score: -0.63 | Best: 0.655 | +NEW
2026-03-09 00:28:53,901 [MAPE_Evolver] INFO   Iter   400 | Coverage: 4.9% | QD Score: 0.25 | Best: 0.745 | +NEW
2026-03-09 00:28:56,714 [MAPE_Evolver] INFO 
======================================================================
2026-03-09 00:28:56,714 [MAPE_Evolver] INFO MAP-ELITES EVOLUTION COMPLETE
2026-03-09 00:28:56,714 [MAPE_Evolver] INFO Archive Coverage: 5.2%
2026-03-09 00:28:56,714 [MAPE_Evolver] INFO QD Score: 0.467
2026-03-09 00:28:56,714 [MAPE_Evolver] INFO Best Fitness: 0.745
2026-03-09 00:28:56,714 [MAPE_Evolver] INFO ======================================================================
2026-03-09 00:28:56,763 [MAPE_Evolver] INFO Saved 21 MAP-Elites picks to E:\findtorontoevents_antigravity.ca\genome\data\mape_active_picks.json
2026-03-09 00:30:54,826 [EnsembleEvolver] INFO Fetching market data...
2026-03-09 00:30:57,413 [GeneticProgrammer] INFO Fetched BTCUSDT: 750 bars (1h)
2026-03-09 00:30:57,867 [GeneticProgrammer] INFO Fetched ETHUSDT: 750 bars (1h)
2026-03-09 00:30:57,900 [EnsembleEvolver] INFO ======================================================================
2026-03-09 00:30:57,901 [EnsembleEvolver] INFO ENSEMBLE COEVOLUTION ENGINE
2026-03-09 00:30:57,901 [EnsembleEvolver] INFO Population: 20 | Generations: 8
2026-03-09 00:30:57,901 [EnsembleEvolver] INFO Ensemble size: (3, 8)
2026-03-09 00:30:57,901 [EnsembleEvolver] INFO ======================================================================
2026-03-09 00:30:57,901 [EnsembleEvolver] INFO 
Initializing population...
2026-03-09 00:31:21,551 [EnsembleEvolver] INFO Gen   0 | Best: 0.3349 | Avg: -0.0562 | Hall of Fame: 1
2026-03-09 00:31:43,882 [EnsembleEvolver] INFO Gen   1 | Best: 0.3349 | Avg: 0.0754 | Hall of Fame: 2
2026-03-09 00:32:02,252 [EnsembleEvolver] INFO Gen   2 | Best: 0.3349 | Avg: 0.0424 | Hall of Fame: 4
2026-03-09 00:32:22,240 [EnsembleEvolver] INFO Gen   3 | Best: 0.3349 | Avg: 0.1194 | Hall of Fame: 7
2026-03-09 00:32:38,878 [EnsembleEvolver] INFO Gen   4 | Best: 0.4228 | Avg: 0.1730 | Hall of Fame: 10
2026-03-09 00:32:56,937 [EnsembleEvolver] INFO Gen   5 | Best: 0.4512 | Avg: 0.2389 | Hall of Fame: 13
2026-03-09 00:33:15,365 [EnsembleEvolver] INFO Gen   6 | Best: 0.4512 | Avg: 0.2423 | Hall of Fame: 16
2026-03-09 00:33:37,183 [EnsembleEvolver] INFO Gen   7 | Best: 0.5070 | Avg: 0.3292 | Hall of Fame: 19
2026-03-09 00:33:58,693 [EnsembleEvolver] INFO Saved 10 ensemble picks to E:\findtorontoevents_antigravity.ca\genome\data\ensemble_active_picks.json
2026-03-09 00:45:00,230 [GeneticProgrammer] INFO ======================================================================
2026-03-09 00:45:00,230 [GeneticProgrammer] INFO GENETIC PROGRAMMING EVOLUTION — New cycle
2026-03-09 00:45:00,230 [GeneticProgrammer] INFO Symbols: ['BTCUSDT', 'ETHUSDT', 'SOLUSDT', 'AVAXUSDT', 'DOGEUSDT'] | Pop: 60 | Gens: 15
2026-03-09 00:45:00,230 [GeneticProgrammer] INFO ======================================================================
2026-03-09 00:45:03,503 [GeneticProgrammer] INFO Fetched BTCUSDT: 750 bars (1h)
2026-03-09 00:45:03,836 [GeneticProgrammer] INFO Fetched ETHUSDT: 750 bars (1h)
2026-03-09 00:45:04,054 [GeneticProgrammer] INFO Fetched SOLUSDT: 750 bars (1h)
2026-03-09 00:45:04,213 [GeneticProgrammer] INFO Fetched AVAXUSDT: 750 bars (1h)
2026-03-09 00:45:04,521 [GeneticProgrammer] INFO Fetched DOGEUSDT: 750 bars (1h)
2026-03-09 00:45:04,540 [GeneticProgrammer] INFO GP Evolution: pop=60, gens=15
2026-03-09 00:45:04,543 [GeneticProgrammer] INFO Seeded 10 prior winners
2026-03-09 00:45:07,835 [GeneticProgrammer] INFO Gen   0 | Best: 0.5841 | Avg: -0.9262 | Stag: 0
2026-03-09 00:45:10,509 [GeneticProgrammer] INFO Gen   1 | Best: 0.5841 | Avg: -0.3104 | Stag: 1
2026-03-09 00:45:13,149 [GeneticProgrammer] INFO Gen   2 | Best: 0.5937 | Avg: -0.1784 | Stag: 0
2026-03-09 00:45:15,837 [GeneticProgrammer] INFO Gen   3 | Best: 0.5960 | Avg: -0.2312 | Stag: 0
2026-03-09 00:45:18,504 [GeneticProgrammer] INFO Gen   4 | Best: 0.6187 | Avg: -0.1058 | Stag: 0
2026-03-09 00:45:21,163 [GeneticProgrammer] INFO Gen   5 | Best: 0.6187 | Avg: 0.0484 | Stag: 1
2026-03-09 00:45:23,825 [GeneticProgrammer] INFO Gen   6 | Best: 0.6187 | Avg: 0.0095 | Stag: 2
2026-03-09 00:45:26,502 [GeneticProgrammer] INFO Gen   7 | Best: 0.6187 | Avg: -0.0499 | Stag: 3
2026-03-09 00:45:29,162 [GeneticProgrammer] INFO Gen   8 | Best: 0.6294 | Avg: 0.0589 | Stag: 0
2026-03-09 00:45:31,843 [GeneticProgrammer] INFO Gen   9 | Best: 0.6294 | Avg: -0.1182 | Stag: 1
2026-03-09 00:45:34,518 [GeneticProgrammer] INFO Gen  10 | Best: 0.6294 | Avg: 0.0830 | Stag: 2
2026-03-09 00:45:37,225 [GeneticProgrammer] INFO Gen  11 | Best: 0.6294 | Avg: -0.0300 | Stag: 3
2026-03-09 00:45:39,883 [GeneticProgrammer] INFO Gen  12 | Best: 0.6315 | Avg: 0.1717 | Stag: 0
2026-03-09 00:45:42,569 [GeneticProgrammer] INFO Gen  13 | Best: 0.6496 | Avg: 0.2751 | Stag: 0
2026-03-09 00:45:45,247 [GeneticProgrammer] INFO Gen  14 | Best: 0.6623 | Avg: 0.2834 | Stag: 0
2026-03-09 00:45:47,925 [GeneticProgrammer] INFO Saved 50 active picks to E:\findtorontoevents_antigravity.ca\genome\data\gp_active_picks.json
2026-03-09 00:45:47,935 [GeneticProgrammer] INFO Evolution done. Top: GPX_Gen14_3ea914 fitness=0.6623
2026-03-09 01:05:39,503 [GeneticProgrammer] INFO ======================================================================
2026-03-09 01:05:39,504 [GeneticProgrammer] INFO GENETIC PROGRAMMING EVOLUTION — New cycle
2026-03-09 01:05:39,504 [GeneticProgrammer] INFO Symbols: ['BTCUSDT', 'ETHUSDT', 'SOLUSDT', 'AVAXUSDT', 'DOGEUSDT'] | Pop: 60 | Gens: 15
2026-03-09 01:05:39,504 [GeneticProgrammer] INFO ======================================================================
2026-03-09 01:05:42,781 [GeneticProgrammer] INFO Fetched BTCUSDT: 750 bars (1h)
2026-03-09 01:05:42,943 [GeneticProgrammer] INFO Fetched ETHUSDT: 750 bars (1h)
2026-03-09 01:05:43,247 [GeneticProgrammer] INFO Fetched SOLUSDT: 750 bars (1h)
2026-03-09 01:05:43,412 [GeneticProgrammer] INFO Fetched AVAXUSDT: 750 bars (1h)
2026-03-09 01:05:43,713 [GeneticProgrammer] INFO Fetched DOGEUSDT: 750 bars (1h)
2026-03-09 01:05:43,731 [GeneticProgrammer] INFO GP Evolution: pop=60, gens=15
2026-03-09 01:05:43,734 [GeneticProgrammer] INFO Seeded 10 prior winners
2026-03-09 01:05:47,039 [GeneticProgrammer] INFO Gen   0 | Best: 0.3842 | Avg: -0.8273 | Stag: 0
2026-03-09 01:05:49,708 [GeneticProgrammer] INFO Gen   1 | Best: 0.4466 | Avg: -0.2472 | Stag: 0
2026-03-09 01:05:52,362 [GeneticProgrammer] INFO Gen   2 | Best: 0.4633 | Avg: -0.0498 | Stag: 0
2026-03-09 01:05:55,002 [GeneticProgrammer] INFO Gen   3 | Best: 0.4633 | Avg: -0.0546 | Stag: 1
2026-03-09 01:05:57,650 [GeneticProgrammer] INFO Gen   4 | Best: 0.4633 | Avg: -0.0843 | Stag: 2
2026-03-09 01:06:00,288 [GeneticProgrammer] INFO Gen   5 | Best: 0.5998 | Avg: -0.0596 | Stag: 0
2026-03-09 01:06:02,946 [GeneticProgrammer] INFO Gen   6 | Best: 0.5998 | Avg: -0.1115 | Stag: 1
2026-03-09 01:06:05,635 [GeneticProgrammer] INFO Gen   7 | Best: 0.5998 | Avg: -0.1332 | Stag: 2
2026-03-09 01:06:08,313 [GeneticProgrammer] INFO Gen   8 | Best: 0.6011 | Avg: 0.0002 | Stag: 0
2026-03-09 01:06:10,996 [GeneticProgrammer] INFO Gen   9 | Best: 0.6011 | Avg: 0.0092 | Stag: 1
2026-03-09 01:06:13,666 [GeneticProgrammer] INFO Gen  10 | Best: 0.6380 | Avg: -0.0450 | Stag: 0
2026-03-09 01:06:16,360 [GeneticProgrammer] INFO Gen  11 | Best: 0.6486 | Avg: 0.0416 | Stag: 0
2026-03-09 01:06:19,042 [GeneticProgrammer] INFO Gen  12 | Best: 0.6533 | Avg: 0.0055 | Stag: 0
2026-03-09 01:06:21,710 [GeneticProgrammer] INFO Gen  13 | Best: 0.6629 | Avg: -0.1166 | Stag: 0
2026-03-09 01:06:24,385 [GeneticProgrammer] INFO Gen  14 | Best: 0.6785 | Avg: -0.0067 | Stag: 0
2026-03-09 01:06:27,082 [GeneticProgrammer] INFO Saved 50 active picks to E:\findtorontoevents_antigravity.ca\genome\data\gp_active_picks.json
2026-03-09 01:06:27,091 [GeneticProgrammer] INFO Evolution done. Top: GPX_Gen15_b511f2 fitness=0.7257
2026-03-09 01:40:06,057 [GeneticProgrammer] INFO ======================================================================
2026-03-09 01:40:06,057 [GeneticProgrammer] INFO GENETIC PROGRAMMING EVOLUTION — New cycle
2026-03-09 01:40:06,058 [GeneticProgrammer] INFO Symbols: ['BTCUSDT', 'ETHUSDT', 'SOLUSDT', 'AVAXUSDT', 'DOGEUSDT'] | Pop: 60 | Gens: 15
2026-03-09 01:40:06,058 [GeneticProgrammer] INFO ======================================================================
2026-03-09 01:40:08,858 [GeneticProgrammer] INFO Fetched BTCUSDT: 750 bars (1h)
2026-03-09 01:40:09,027 [GeneticProgrammer] INFO Fetched ETHUSDT: 750 bars (1h)
2026-03-09 01:40:09,186 [GeneticProgrammer] INFO Fetched SOLUSDT: 750 bars (1h)
2026-03-09 01:40:09,348 [GeneticProgrammer] INFO Fetched AVAXUSDT: 750 bars (1h)
2026-03-09 01:40:09,508 [GeneticProgrammer] INFO Fetched DOGEUSDT: 750 bars (1h)
2026-03-09 01:40:09,526 [GeneticProgrammer] INFO GP Evolution: pop=60, gens=15
2026-03-09 01:40:09,528 [GeneticProgrammer] INFO Seeded 10 prior winners
2026-03-09 01:40:12,792 [GeneticProgrammer] INFO Gen   0 | Best: 0.3828 | Avg: -0.7496 | Stag: 0
2026-03-09 01:40:15,515 [GeneticProgrammer] INFO Gen   1 | Best: 0.3828 | Avg: -0.3746 | Stag: 1
2026-03-09 01:40:18,258 [GeneticProgrammer] INFO Gen   2 | Best: 0.4106 | Avg: -0.3256 | Stag: 0
2026-03-09 01:40:20,967 [GeneticProgrammer] INFO Gen   3 | Best: 0.5603 | Avg: -0.1979 | Stag: 0
2026-03-09 01:40:23,680 [GeneticProgrammer] INFO Gen   4 | Best: 0.5603 | Avg: -0.2181 | Stag: 1
2026-03-09 01:40:26,329 [GeneticProgrammer] INFO Gen   5 | Best: 0.6242 | Avg: 0.0268 | Stag: 0
2026-03-09 01:40:29,019 [GeneticProgrammer] INFO Gen   6 | Best: 0.6360 | Avg: -0.0193 | Stag: 0
2026-03-09 01:40:31,685 [GeneticProgrammer] INFO Gen   7 | Best: 0.6360 | Avg: 0.1027 | Stag: 1
2026-03-09 01:40:34,437 [GeneticProgrammer] INFO Gen   8 | Best: 0.6956 | Avg: -0.0519 | Stag: 0
2026-03-09 01:40:37,172 [GeneticProgrammer] INFO Gen   9 | Best: 0.7133 | Avg: 0.1031 | Stag: 0
2026-03-09 01:40:39,906 [GeneticProgrammer] INFO Gen  10 | Best: 0.7133 | Avg: 0.2159 | Stag: 1
2026-03-09 01:40:42,631 [GeneticProgrammer] INFO Gen  11 | Best: 0.7133 | Avg: 0.1531 | Stag: 2
2026-03-09 01:40:45,359 [GeneticProgrammer] INFO Gen  12 | Best: 0.7296 | Avg: 0.1875 | Stag: 0
2026-03-09 01:40:48,079 [GeneticProgrammer] INFO Gen  13 | Best: 0.7296 | Avg: 0.3706 | Stag: 1
2026-03-09 01:40:50,811 [GeneticProgrammer] INFO Gen  14 | Best: 0.7296 | Avg: 0.2142 | Stag: 2
2026-03-09 01:40:53,537 [GeneticProgrammer] INFO Saved 50 active picks to E:\findtorontoevents_antigravity.ca\genome\data\gp_active_picks.json
2026-03-09 01:40:53,546 [GeneticProgrammer] INFO Evolution done. Top: GPX_Gen15_f26819 fitness=0.7300
2026-03-09 01:41:33,381 [GeneticProgrammer] INFO Fetched BTCUSDT: 750 bars (1h)
2026-03-09 01:41:33,546 [GeneticProgrammer] INFO Fetched ETHUSDT: 750 bars (1h)
2026-03-09 01:41:33,706 [GeneticProgrammer] INFO Fetched SOLUSDT: 750 bars (1h)
2026-03-09 01:41:34,007 [GeneticProgrammer] INFO Fetched AVAXUSDT: 750 bars (1h)
2026-03-09 01:41:34,171 [GeneticProgrammer] INFO Fetched DOGEUSDT: 750 bars (1h)
2026-03-09 02:01:32,142 [GeneticProgrammer] INFO ======================================================================
2026-03-09 02:01:32,142 [GeneticProgrammer] INFO GENETIC PROGRAMMING EVOLUTION — New cycle
2026-03-09 02:01:32,142 [GeneticProgrammer] INFO Symbols: ['BTCUSDT', 'ETHUSDT', 'SOLUSDT', 'AVAXUSDT', 'DOGEUSDT'] | Pop: 60 | Gens: 15
2026-03-09 02:01:32,142 [GeneticProgrammer] INFO ======================================================================
2026-03-09 02:01:35,007 [GeneticProgrammer] INFO Fetched BTCUSDT: 750 bars (1h)
2026-03-09 02:01:35,177 [GeneticProgrammer] INFO Fetched ETHUSDT: 750 bars (1h)
2026-03-09 02:01:35,340 [GeneticProgrammer] INFO Fetched SOLUSDT: 750 bars (1h)
2026-03-09 02:01:35,648 [GeneticProgrammer] INFO Fetched AVAXUSDT: 750 bars (1h)
2026-03-09 02:01:35,951 [GeneticProgrammer] INFO Fetched DOGEUSDT: 750 bars (1h)
2026-03-09 02:01:35,969 [GeneticProgrammer] INFO GP Evolution: pop=60, gens=15
2026-03-09 02:01:35,972 [GeneticProgrammer] INFO Seeded 10 prior winners
2026-03-09 02:01:39,291 [GeneticProgrammer] INFO Gen   0 | Best: 0.3810 | Avg: -0.8377 | Stag: 0
2026-03-09 02:01:42,035 [GeneticProgrammer] INFO Gen   1 | Best: 0.3810 | Avg: -0.3852 | Stag: 1
2026-03-09 02:01:44,705 [GeneticProgrammer] INFO Gen   2 | Best: 0.3810 | Avg: -0.1583 | Stag: 2
2026-03-09 02:01:47,364 [GeneticProgrammer] INFO Gen   3 | Best: 0.4505 | Avg: -0.0730 | Stag: 0
2026-03-09 02:01:50,099 [GeneticProgrammer] INFO Gen   4 | Best: 0.4505 | Avg: -0.2422 | Stag: 1
2026-03-09 02:01:52,821 [GeneticProgrammer] INFO Gen   5 | Best: 0.4505 | Avg: -0.0987 | Stag: 2
2026-03-09 02:01:55,557 [GeneticProgrammer] INFO Gen   6 | Best: 0.4900 | Avg: -0.1301 | Stag: 0
2026-03-09 02:01:58,292 [GeneticProgrammer] INFO Gen   7 | Best: 0.4900 | Avg: 0.0217 | Stag: 1
2026-03-09 02:02:00,995 [GeneticProgrammer] INFO Gen   8 | Best: 0.4900 | Avg: 0.0181 | Stag: 2
2026-03-09 02:02:03,705 [GeneticProgrammer] INFO Gen   9 | Best: 0.5159 | Avg: 0.1617 | Stag: 0
2026-03-09 02:02:06,453 [GeneticProgrammer] INFO Gen  10 | Best: 0.5449 | Avg: 0.0226 | Stag: 0
2026-03-09 02:02:09,212 [GeneticProgrammer] INFO Gen  11 | Best: 0.5449 | Avg: 0.1066 | Stag: 1
2026-03-09 02:02:11,957 [GeneticProgrammer] INFO Gen  12 | Best: 0.5449 | Avg: 0.1349 | Stag: 2
2026-03-09 02:02:14,759 [GeneticProgrammer] INFO Gen  13 | Best: 0.5568 | Avg: 0.0155 | Stag: 0
2026-03-09 02:02:17,514 [GeneticProgrammer] INFO Gen  14 | Best: 0.5863 | Avg: 0.2131 | Stag: 0
2026-03-09 02:02:20,315 [GeneticProgrammer] INFO Saved 48 active picks to E:\findtorontoevents_antigravity.ca\genome\data\gp_active_picks.json
2026-03-09 02:02:20,330 [GeneticProgrammer] INFO Evolution done. Top: GPX_Gen14_eadedc fitness=0.5863
2026-03-09 02:02:59,396 [GeneticProgrammer] INFO Fetched BTCUSDT: 750 bars (1h)
2026-03-09 02:02:59,557 [GeneticProgrammer] INFO Fetched ETHUSDT: 750 bars (1h)
2026-03-09 02:02:59,719 [GeneticProgrammer] INFO Fetched SOLUSDT: 750 bars (1h)
2026-03-09 02:02:59,878 [GeneticProgrammer] INFO Fetched AVAXUSDT: 750 bars (1h)
2026-03-09 02:03:00,179 [GeneticProgrammer] INFO Fetched DOGEUSDT: 750 bars (1h)
2026-03-09 02:31:33,780 [GeneticProgrammer] INFO ======================================================================
2026-03-09 02:31:33,780 [GeneticProgrammer] INFO GENETIC PROGRAMMING EVOLUTION — New cycle
2026-03-09 02:31:33,780 [GeneticProgrammer] INFO Symbols: ['BTCUSDT', 'ETHUSDT', 'SOLUSDT', 'AVAXUSDT', 'DOGEUSDT'] | Pop: 60 | Gens: 15
2026-03-09 02:31:33,780 [GeneticProgrammer] INFO ======================================================================
2026-03-09 02:31:36,404 [GeneticProgrammer] INFO Fetched BTCUSDT: 750 bars (1h)
2026-03-09 02:31:36,572 [GeneticProgrammer] INFO Fetched ETHUSDT: 750 bars (1h)
2026-03-09 02:31:37,160 [GeneticProgrammer] INFO Fetched SOLUSDT: 750 bars (1h)
2026-03-09 02:31:37,327 [GeneticProgrammer] INFO Fetched AVAXUSDT: 750 bars (1h)
2026-03-09 02:31:37,493 [GeneticProgrammer] INFO Fetched DOGEUSDT: 750 bars (1h)
2026-03-09 02:31:37,512 [GeneticProgrammer] INFO GP Evolution: pop=60, gens=15
2026-03-09 02:31:37,515 [GeneticProgrammer] INFO Seeded 10 prior winners
2026-03-09 02:31:40,816 [GeneticProgrammer] INFO Gen   0 | Best: 0.3810 | Avg: -0.7742 | Stag: 0
2026-03-09 02:31:43,604 [GeneticProgrammer] INFO Gen   1 | Best: 0.3810 | Avg: -0.6053 | Stag: 1
2026-03-09 02:31:46,293 [GeneticProgrammer] INFO Gen   2 | Best: 0.5787 | Avg: -0.2848 | Stag: 0
2026-03-09 02:31:49,019 [GeneticProgrammer] INFO Gen   3 | Best: 0.5995 | Avg: -0.2918 | Stag: 0
2026-03-09 02:31:51,756 [GeneticProgrammer] INFO Gen   4 | Best: 0.6113 | Avg: -0.2968 | Stag: 0
2026-03-09 02:31:54,475 [GeneticProgrammer] INFO Gen   5 | Best: 0.6443 | Avg: -0.1379 | Stag: 0
2026-03-09 02:31:57,173 [GeneticProgrammer] INFO Gen   6 | Best: 0.6443 | Avg: -0.1233 | Stag: 1
2026-03-09 02:31:59,933 [GeneticProgrammer] INFO Gen   7 | Best: 0.6663 | Avg: -0.2873 | Stag: 0
2026-03-09 02:32:02,616 [GeneticProgrammer] INFO Gen   8 | Best: 0.6663 | Avg: -0.1139 | Stag: 1
2026-03-09 02:32:05,312 [GeneticProgrammer] INFO Gen   9 | Best: 0.6706 | Avg: -0.0647 | Stag: 0
2026-03-09 02:32:08,016 [GeneticProgrammer] INFO Gen  10 | Best: 0.7184 | Avg: -0.0811 | Stag: 0
2026-03-09 02:32:10,767 [GeneticProgrammer] INFO Gen  11 | Best: 0.7184 | Avg: -0.1712 | Stag: 1
2026-03-09 02:32:13,457 [GeneticProgrammer] INFO Gen  12 | Best: 0.7206 | Avg: 0.2691 | Stag: 0
2026-03-09 02:32:16,196 [GeneticProgrammer] INFO Gen  13 | Best: 0.7206 | Avg: -0.1228 | Stag: 1
2026-03-09 02:32:18,919 [GeneticProgrammer] INFO Gen  14 | Best: 0.7206 | Avg: 0.2206 | Stag: 2
2026-03-09 02:32:21,638 [GeneticProgrammer] INFO Saved 50 active picks to E:\findtorontoevents_antigravity.ca\genome\data\gp_active_picks.json
2026-03-09 02:32:21,644 [GeneticProgrammer] INFO Evolution done. Top: GPM_Gen15_2ea142 fitness=0.7228
2026-03-09 02:32:50,698 [GeneticProgrammer] INFO Fetched BTCUSDT: 750 bars (1h)
2026-03-09 02:32:51,145 [GeneticProgrammer] INFO Fetched ETHUSDT: 750 bars (1h)
2026-03-09 02:32:51,745 [GeneticProgrammer] INFO Fetched SOLUSDT: 750 bars (1h)
2026-03-09 02:32:52,046 [GeneticProgrammer] INFO Fetched AVAXUSDT: 750 bars (1h)
2026-03-09 02:32:52,208 [GeneticProgrammer] INFO Fetched DOGEUSDT: 750 bars (1h)
2026-03-09 03:01:35,457 [GeneticProgrammer] INFO ======================================================================
2026-03-09 03:01:35,457 [GeneticProgrammer] INFO GENETIC PROGRAMMING EVOLUTION — New cycle
2026-03-09 03:01:35,457 [GeneticProgrammer] INFO Symbols: ['BTCUSDT', 'ETHUSDT', 'SOLUSDT', 'AVAXUSDT', 'DOGEUSDT'] | Pop: 60 | Gens: 15
2026-03-09 03:01:35,457 [GeneticProgrammer] INFO ======================================================================
2026-03-09 03:01:37,999 [GeneticProgrammer] INFO Fetched BTCUSDT: 750 bars (1h)
2026-03-09 03:01:38,161 [GeneticProgrammer] INFO Fetched ETHUSDT: 750 bars (1h)
2026-03-09 03:01:38,326 [GeneticProgrammer] INFO Fetched SOLUSDT: 750 bars (1h)
2026-03-09 03:01:38,489 [GeneticProgrammer] INFO Fetched AVAXUSDT: 750 bars (1h)
2026-03-09 03:01:38,651 [GeneticProgrammer] INFO Fetched DOGEUSDT: 750 bars (1h)
2026-03-09 03:01:38,668 [GeneticProgrammer] INFO GP Evolution: pop=60, gens=15
2026-03-09 03:01:38,671 [GeneticProgrammer] INFO Seeded 10 prior winners
2026-03-09 03:01:41,977 [GeneticProgrammer] INFO Gen   0 | Best: 0.3810 | Avg: -0.7963 | Stag: 0
2026-03-09 03:01:44,691 [GeneticProgrammer] INFO Gen   1 | Best: 0.4083 | Avg: -0.3534 | Stag: 0
2026-03-09 03:01:47,381 [GeneticProgrammer] INFO Gen   2 | Best: 0.4083 | Avg: -0.3119 | Stag: 1
2026-03-09 03:01:50,090 [GeneticProgrammer] INFO Gen   3 | Best: 0.5127 | Avg: -0.3346 | Stag: 0
2026-03-09 03:01:52,784 [GeneticProgrammer] INFO Gen   4 | Best: 0.5994 | Avg: -0.1439 | Stag: 0
2026-03-09 03:01:55,502 [GeneticProgrammer] INFO Gen   5 | Best: 0.6084 | Avg: -0.0496 | Stag: 0
2026-03-09 03:01:58,172 [GeneticProgrammer] INFO Gen   6 | Best: 0.6220 | Avg: 0.1673 | Stag: 0
2026-03-09 03:02:00,882 [GeneticProgrammer] INFO Gen   7 | Best: 0.6267 | Avg: 0.0122 | Stag: 0
2026-03-09 03:02:03,558 [GeneticProgrammer] INFO Gen   8 | Best: 0.6267 | Avg: 0.0616 | Stag: 1
2026-03-09 03:02:06,239 [GeneticProgrammer] INFO Gen   9 | Best: 0.6267 | Avg: 0.1210 | Stag: 2
2026-03-09 03:02:08,919 [GeneticProgrammer] INFO Gen  10 | Best: 0.6523 | Avg: 0.2050 | Stag: 0
2026-03-09 03:02:11,618 [GeneticProgrammer] INFO Gen  11 | Best: 0.6523 | Avg: 0.1154 | Stag: 1
2026-03-09 03:02:14,316 [GeneticProgrammer] INFO Gen  12 | Best: 0.6672 | Avg: -0.0163 | Stag: 0
2026-03-09 03:02:17,058 [GeneticProgrammer] INFO Gen  13 | Best: 0.6682 | Avg: 0.0987 | Stag: 0
2026-03-09 03:02:19,753 [GeneticProgrammer] INFO Gen  14 | Best: 0.6882 | Avg: 0.2549 | Stag: 0
2026-03-09 03:02:22,517 [GeneticProgrammer] INFO Saved 50 active picks to E:\findtorontoevents_antigravity.ca\genome\data\gp_active_picks.json
2026-03-09 03:02:22,525 [GeneticProgrammer] INFO Evolution done. Top: GPX_Gen15_87e5d4 fitness=0.6948
2026-03-09 03:02:56,113 [GeneticProgrammer] INFO Fetched BTCUSDT: 750 bars (1h)
2026-03-09 03:02:56,276 [GeneticProgrammer] INFO Fetched ETHUSDT: 750 bars (1h)
2026-03-09 03:02:56,436 [GeneticProgrammer] INFO Fetched SOLUSDT: 750 bars (1h)
2026-03-09 03:02:56,598 [GeneticProgrammer] INFO Fetched AVAXUSDT: 750 bars (1h)
2026-03-09 03:02:56,902 [GeneticProgrammer] INFO Fetched DOGEUSDT: 750 bars (1h)
2026-03-09 03:31:32,342 [GeneticProgrammer] INFO ======================================================================
2026-03-09 03:31:32,342 [GeneticProgrammer] INFO GENETIC PROGRAMMING EVOLUTION — New cycle
2026-03-09 03:31:32,342 [GeneticProgrammer] INFO Symbols: ['BTCUSDT', 'ETHUSDT', 'SOLUSDT', 'AVAXUSDT', 'DOGEUSDT'] | Pop: 60 | Gens: 15
2026-03-09 03:31:32,342 [GeneticProgrammer] INFO ======================================================================
2026-03-09 03:31:35,184 [GeneticProgrammer] INFO Fetched BTCUSDT: 750 bars (1h)
2026-03-09 03:31:35,348 [GeneticProgrammer] INFO Fetched ETHUSDT: 750 bars (1h)
2026-03-09 03:31:35,510 [GeneticProgrammer] INFO Fetched SOLUSDT: 750 bars (1h)
2026-03-09 03:31:35,676 [GeneticProgrammer] INFO Fetched AVAXUSDT: 750 bars (1h)
2026-03-09 03:31:35,838 [GeneticProgrammer] INFO Fetched DOGEUSDT: 750 bars (1h)
2026-03-09 03:31:35,858 [GeneticProgrammer] INFO GP Evolution: pop=60, gens=15
2026-03-09 03:31:35,861 [GeneticProgrammer] INFO Seeded 10 prior winners
2026-03-09 03:31:39,050 [GeneticProgrammer] INFO Gen   0 | Best: 0.3786 | Avg: -0.8704 | Stag: 0
2026-03-09 03:31:41,680 [GeneticProgrammer] INFO Gen   1 | Best: 0.3786 | Avg: -0.4099 | Stag: 1
2026-03-09 03:31:44,262 [GeneticProgrammer] INFO Gen   2 | Best: 0.3786 | Avg: -0.1426 | Stag: 2
2026-03-09 03:31:46,845 [GeneticProgrammer] INFO Gen   3 | Best: 0.3786 | Avg: -0.2213 | Stag: 3
2026-03-09 03:31:49,426 [GeneticProgrammer] INFO Gen   4 | Best: 0.4381 | Avg: -0.0915 | Stag: 0
2026-03-09 03:31:52,051 [GeneticProgrammer] INFO Gen   5 | Best: 0.4676 | Avg: -0.1941 | Stag: 0
2026-03-09 03:31:54,634 [GeneticProgrammer] INFO Gen   6 | Best: 0.5531 | Avg: -0.0546 | Stag: 0
2026-03-09 03:31:57,263 [GeneticProgrammer] INFO Gen   7 | Best: 0.5531 | Avg: 0.0279 | Stag: 1
2026-03-09 03:31:59,956 [GeneticProgrammer] INFO Gen   8 | Best: 0.5531 | Avg: -0.2046 | Stag: 2
2026-03-09 03:32:02,611 [GeneticProgrammer] INFO Gen   9 | Best: 0.5531 | Avg: -0.1090 | Stag: 3
2026-03-09 03:32:05,294 [GeneticProgrammer] INFO Gen  10 | Best: 0.5593 | Avg: -0.0895 | Stag: 0
2026-03-09 03:32:08,006 [GeneticProgrammer] INFO Gen  11 | Best: 0.6137 | Avg: -0.1034 | Stag: 0
2026-03-09 03:32:10,692 [GeneticProgrammer] INFO Gen  12 | Best: 0.6137 | Avg: 0.1064 | Stag: 1
2026-03-09 03:32:13,373 [GeneticProgrammer] INFO Gen  13 | Best: 0.6137 | Avg: 0.1311 | Stag: 2
2026-03-09 03:32:16,052 [GeneticProgrammer] INFO Gen  14 | Best: 0.6137 | Avg: 0.0871 | Stag: 3
2026-03-09 03:32:18,788 [GeneticProgrammer] INFO Saved 50 active picks to E:\findtorontoevents_antigravity.ca\genome\data\gp_active_picks.json
2026-03-09 03:32:18,801 [GeneticProgrammer] INFO Evolution done. Top: GPX_Gen11_f67a01 fitness=0.6137
2026-03-09 03:32:49,424 [GeneticProgrammer] INFO Fetched BTCUSDT: 750 bars (1h)
2026-03-09 03:32:49,587 [GeneticProgrammer] INFO Fetched ETHUSDT: 750 bars (1h)
2026-03-09 03:32:49,753 [GeneticProgrammer] INFO Fetched SOLUSDT: 750 bars (1h)
2026-03-09 03:32:49,914 [GeneticProgrammer] INFO Fetched AVAXUSDT: 750 bars (1h)
2026-03-09 03:32:50,079 [GeneticProgrammer] INFO Fetched DOGEUSDT: 750 bars (1h)
2026-03-09 04:01:32,369 [GeneticProgrammer] INFO ======================================================================
2026-03-09 04:01:32,369 [GeneticProgrammer] INFO GENETIC PROGRAMMING EVOLUTION — New cycle
2026-03-09 04:01:32,369 [GeneticProgrammer] INFO Symbols: ['BTCUSDT', 'ETHUSDT', 'SOLUSDT', 'AVAXUSDT', 'DOGEUSDT'] | Pop: 60 | Gens: 15
2026-03-09 04:01:32,369 [GeneticProgrammer] INFO ======================================================================
2026-03-09 04:01:35,186 [GeneticProgrammer] INFO Fetched BTCUSDT: 750 bars (1h)
2026-03-09 04:01:35,639 [GeneticProgrammer] INFO Fetched ETHUSDT: 750 bars (1h)
2026-03-09 04:01:35,800 [GeneticProgrammer] INFO Fetched SOLUSDT: 750 bars (1h)
2026-03-09 04:01:35,961 [GeneticProgrammer] INFO Fetched AVAXUSDT: 750 bars (1h)
2026-03-09 04:01:36,123 [GeneticProgrammer] INFO Fetched DOGEUSDT: 750 bars (1h)
2026-03-09 04:01:36,142 [GeneticProgrammer] INFO GP Evolution: pop=60, gens=15
2026-03-09 04:01:36,144 [GeneticProgrammer] INFO Seeded 10 prior winners
2026-03-09 04:01:39,425 [GeneticProgrammer] INFO Gen   0 | Best: 0.3826 | Avg: -0.8984 | Stag: 0
2026-03-09 04:01:42,161 [GeneticProgrammer] INFO Gen   1 | Best: 0.4068 | Avg: -0.5109 | Stag: 0
2026-03-09 04:01:44,788 [GeneticProgrammer] INFO Gen   2 | Best: 0.5708 | Avg: -0.1190 | Stag: 0
2026-03-09 04:01:47,500 [GeneticProgrammer] INFO Gen   3 | Best: 0.5708 | Avg: -0.3386 | Stag: 1
2026-03-09 04:01:50,241 [GeneticProgrammer] INFO Gen   4 | Best: 0.5761 | Avg: -0.2007 | Stag: 0
2026-03-09 04:01:52,975 [GeneticProgrammer] INFO Gen   5 | Best: 0.6351 | Avg: -0.1942 | Stag: 0
2026-03-09 04:01:55,735 [GeneticProgrammer] INFO Gen   6 | Best: 0.6351 | Avg: -0.2797 | Stag: 1
2026-03-09 04:01:58,496 [GeneticProgrammer] INFO Gen   7 | Best: 0.6351 | Avg: -0.3084 | Stag: 2
2026-03-09 04:02:01,319 [GeneticProgrammer] INFO Gen   8 | Best: 0.6351 | Avg: -0.4600 | Stag: 3
2026-03-09 04:02:04,070 [GeneticProgrammer] INFO Gen   9 | Best: 0.6351 | Avg: -0.3201 | Stag: 4
2026-03-09 04:02:06,827 [GeneticProgrammer] INFO Gen  10 | Best: 0.6696 | Avg: -0.3488 | Stag: 0
2026-03-09 04:02:09,551 [GeneticProgrammer] INFO Gen  11 | Best: 0.6843 | Avg: -0.0218 | Stag: 0
2026-03-09 04:02:12,336 [GeneticProgrammer] INFO Gen  12 | Best: 0.7470 | Avg: -0.2497 | Stag: 0
2026-03-09 04:02:15,111 [GeneticProgrammer] INFO Gen  13 | Best: 0.7569 | Avg: -0.1522 | Stag: 0
2026-03-09 04:02:17,870 [GeneticProgrammer] INFO Gen  14 | Best: 0.7918 | Avg: -0.1008 | Stag: 0
2026-03-09 04:02:20,685 [GeneticProgrammer] INFO Saved 50 active picks to E:\findtorontoevents_antigravity.ca\genome\data\gp_active_picks.json
2026-03-09 04:02:20,693 [GeneticProgrammer] INFO Evolution done. Top: GPX_Gen14_c71526 fitness=0.7918
2026-03-09 04:02:50,543 [GeneticProgrammer] INFO Fetched BTCUSDT: 750 bars (1h)
2026-03-09 04:02:50,992 [GeneticProgrammer] INFO Fetched ETHUSDT: 750 bars (1h)
2026-03-09 04:02:51,294 [GeneticProgrammer] INFO Fetched SOLUSDT: 750 bars (1h)
2026-03-09 04:02:51,456 [GeneticProgrammer] INFO Fetched AVAXUSDT: 750 bars (1h)
2026-03-09 04:02:51,617 [GeneticProgrammer] INFO Fetched DOGEUSDT: 750 bars (1h)
2026-03-09 04:31:33,370 [GeneticProgrammer] INFO ======================================================================
2026-03-09 04:31:33,370 [GeneticProgrammer] INFO GENETIC PROGRAMMING EVOLUTION — New cycle
2026-03-09 04:31:33,370 [GeneticProgrammer] INFO Symbols: ['BTCUSDT', 'ETHUSDT', 'SOLUSDT', 'AVAXUSDT', 'DOGEUSDT'] | Pop: 60 | Gens: 15
2026-03-09 04:31:33,370 [GeneticProgrammer] INFO ======================================================================
2026-03-09 04:31:36,831 [GeneticProgrammer] INFO Fetched BTCUSDT: 750 bars (1h)
2026-03-09 04:31:36,993 [GeneticProgrammer] INFO Fetched ETHUSDT: 750 bars (1h)
2026-03-09 04:31:37,301 [GeneticProgrammer] INFO Fetched SOLUSDT: 750 bars (1h)
2026-03-09 04:31:37,466 [GeneticProgrammer] INFO Fetched AVAXUSDT: 750 bars (1h)
2026-03-09 04:31:37,627 [GeneticProgrammer] INFO Fetched DOGEUSDT: 750 bars (1h)
2026-03-09 04:31:37,647 [GeneticProgrammer] INFO GP Evolution: pop=60, gens=15
2026-03-09 04:31:37,651 [GeneticProgrammer] INFO Seeded 10 prior winners
2026-03-09 04:31:40,894 [GeneticProgrammer] INFO Gen   0 | Best: 0.3826 | Avg: -0.8484 | Stag: 0
2026-03-09 04:31:43,551 [GeneticProgrammer] INFO Gen   1 | Best: 0.3827 | Avg: -0.4327 | Stag: 0
2026-03-09 04:31:46,153 [GeneticProgrammer] INFO Gen   2 | Best: 0.4158 | Avg: -0.2522 | Stag: 0
2026-03-09 04:31:48,715 [GeneticProgrammer] INFO Gen   3 | Best: 0.4158 | Avg: -0.2078 | Stag: 1
2026-03-09 04:31:51,287 [GeneticProgrammer] INFO Gen   4 | Best: 0.4158 | Avg: -0.1438 | Stag: 2
2026-03-09 04:31:53,887 [GeneticProgrammer] INFO Gen   5 | Best: 0.4246 | Avg: -0.1738 | Stag: 0
2026-03-09 04:31:56,440 [GeneticProgrammer] INFO Gen   6 | Best: 0.4697 | Avg: -0.0632 | Stag: 0
2026-03-09 04:31:59,005 [GeneticProgrammer] INFO Gen   7 | Best: 0.4697 | Avg: -0.0432 | Stag: 1
2026-03-09 04:32:01,578 [GeneticProgrammer] INFO Gen   8 | Best: 0.4845 | Avg: -0.0741 | Stag: 0
2026-03-09 04:32:04,152 [GeneticProgrammer] INFO Gen   9 | Best: 0.4845 | Avg: 0.0102 | Stag: 1
2026-03-09 04:32:06,731 [GeneticProgrammer] INFO Gen  10 | Best: 0.4845 | Avg: 0.0411 | Stag: 2
2026-03-09 04:32:09,322 [GeneticProgrammer] INFO Gen  11 | Best: 0.4946 | Avg: 0.1356 | Stag: 0
2026-03-09 04:32:11,916 [GeneticProgrammer] INFO Gen  12 | Best: 0.5390 | Avg: 0.1007 | Stag: 0
2026-03-09 04:32:14,502 [GeneticProgrammer] INFO Gen  13 | Best: 0.5390 | Avg: 0.0601 | Stag: 1
2026-03-09 04:32:17,083 [GeneticProgrammer] INFO Gen  14 | Best: 0.5390 | Avg: 0.0215 | Stag: 2
2026-03-09 04:32:19,696 [GeneticProgrammer] INFO Saved 50 active picks to E:\findtorontoevents_antigravity.ca\genome\data\gp_active_picks.json
2026-03-09 04:32:19,706 [GeneticProgrammer] INFO Evolution done. Top: GPX_Gen12_9778ff fitness=0.5390
2026-03-09 04:32:58,864 [GeneticProgrammer] INFO Fetched BTCUSDT: 750 bars (1h)
2026-03-09 04:32:59,031 [GeneticProgrammer] INFO Fetched ETHUSDT: 750 bars (1h)
2026-03-09 04:32:59,337 [GeneticProgrammer] INFO Fetched SOLUSDT: 750 bars (1h)
2026-03-09 04:32:59,638 [GeneticProgrammer] INFO Fetched AVAXUSDT: 750 bars (1h)
2026-03-09 04:32:59,800 [GeneticProgrammer] INFO Fetched DOGEUSDT: 750 bars (1h)
2026-03-09 05:01:33,991 [GeneticProgrammer] INFO ======================================================================
2026-03-09 05:01:33,991 [GeneticProgrammer] INFO GENETIC PROGRAMMING EVOLUTION — New cycle
2026-03-09 05:01:33,991 [GeneticProgrammer] INFO Symbols: ['BTCUSDT', 'ETHUSDT', 'SOLUSDT', 'AVAXUSDT', 'DOGEUSDT'] | Pop: 60 | Gens: 15
2026-03-09 05:01:33,991 [GeneticProgrammer] INFO ======================================================================
2026-03-09 05:01:37,188 [GeneticProgrammer] INFO Fetched BTCUSDT: 750 bars (1h)
2026-03-09 05:01:37,351 [GeneticProgrammer] INFO Fetched ETHUSDT: 750 bars (1h)
2026-03-09 05:01:37,514 [GeneticProgrammer] INFO Fetched SOLUSDT: 750 bars (1h)
2026-03-09 05:01:37,681 [GeneticProgrammer] INFO Fetched AVAXUSDT: 750 bars (1h)
2026-03-09 05:01:37,845 [GeneticProgrammer] INFO Fetched DOGEUSDT: 750 bars (1h)
2026-03-09 05:01:37,863 [GeneticProgrammer] INFO GP Evolution: pop=60, gens=15
2026-03-09 05:01:37,866 [GeneticProgrammer] INFO Seeded 10 prior winners
2026-03-09 05:01:41,055 [GeneticProgrammer] INFO Gen   0 | Best: 0.3826 | Avg: -0.7645 | Stag: 0
2026-03-09 05:01:43,715 [GeneticProgrammer] INFO Gen   1 | Best: 0.3826 | Avg: -0.4944 | Stag: 1
2026-03-09 05:01:46,342 [GeneticProgrammer] INFO Gen   2 | Best: 0.4563 | Avg: -0.2753 | Stag: 0
2026-03-09 05:01:48,968 [GeneticProgrammer] INFO Gen   3 | Best: 0.5679 | Avg: -0.1098 | Stag: 0
2026-03-09 05:01:51,602 [GeneticProgrammer] INFO Gen   4 | Best: 0.5679 | Avg: -0.0560 | Stag: 1
2026-03-09 05:01:54,239 [GeneticProgrammer] INFO Gen   5 | Best: 0.5679 | Avg: 0.0256 | Stag: 2
2026-03-09 05:01:56,873 [GeneticProgrammer] INFO Gen   6 | Best: 0.5679 | Avg: -0.0608 | Stag: 3
2026-03-09 05:01:59,485 [GeneticProgrammer] INFO Gen   7 | Best: 0.5679 | Avg: 0.1228 | Stag: 4
2026-03-09 05:02:02,122 [GeneticProgrammer] INFO Gen   8 | Best: 0.5799 | Avg: 0.0444 | Stag: 0
2026-03-09 05:02:04,781 [GeneticProgrammer] INFO Gen   9 | Best: 0.5813 | Avg: 0.0289 | Stag: 0
2026-03-09 05:02:07,463 [GeneticProgrammer] INFO Gen  10 | Best: 0.5813 | Avg: -0.0278 | Stag: 1
2026-03-09 05:02:10,106 [GeneticProgrammer] INFO Gen  11 | Best: 0.5813 | Avg: 0.1674 | Stag: 2
2026-03-09 05:02:12,750 [GeneticProgrammer] INFO Gen  12 | Best: 0.6107 | Avg: 0.0310 | Stag: 0
2026-03-09 05:02:15,364 [GeneticProgrammer] INFO Gen  13 | Best: 0.6506 | Avg: 0.0759 | Stag: 0
2026-03-09 05:02:18,036 [GeneticProgrammer] INFO Gen  14 | Best: 0.6611 | Avg: -0.0061 | Stag: 0
2026-03-09 05:02:20,685 [GeneticProgrammer] INFO Saved 50 active picks to E:\findtorontoevents_antigravity.ca\genome\data\gp_active_picks.json
2026-03-09 05:02:20,698 [GeneticProgrammer] INFO Evolution done. Top: GPX_Gen14_324025 fitness=0.6611
2026-03-09 05:03:01,474 [GeneticProgrammer] INFO Fetched BTCUSDT: 750 bars (1h)
2026-03-09 05:03:01,636 [GeneticProgrammer] INFO Fetched ETHUSDT: 750 bars (1h)
2026-03-09 05:03:01,798 [GeneticProgrammer] INFO Fetched SOLUSDT: 750 bars (1h)
2026-03-09 05:03:01,963 [GeneticProgrammer] INFO Fetched AVAXUSDT: 750 bars (1h)
2026-03-09 05:03:02,126 [GeneticProgrammer] INFO Fetched DOGEUSDT: 750 bars (1h)
2026-03-09 05:31:33,990 [GeneticProgrammer] INFO ======================================================================
2026-03-09 05:31:33,991 [GeneticProgrammer] INFO GENETIC PROGRAMMING EVOLUTION — New cycle
2026-03-09 05:31:33,991 [GeneticProgrammer] INFO Symbols: ['BTCUSDT', 'ETHUSDT', 'SOLUSDT', 'AVAXUSDT', 'DOGEUSDT'] | Pop: 60 | Gens: 15
2026-03-09 05:31:33,991 [GeneticProgrammer] INFO ======================================================================
2026-03-09 05:31:36,508 [GeneticProgrammer] INFO Fetched BTCUSDT: 750 bars (1h)
2026-03-09 05:31:36,670 [GeneticProgrammer] INFO Fetched ETHUSDT: 750 bars (1h)
2026-03-09 05:31:36,835 [GeneticProgrammer] INFO Fetched SOLUSDT: 750 bars (1h)
2026-03-09 05:31:36,999 [GeneticProgrammer] INFO Fetched AVAXUSDT: 750 bars (1h)
2026-03-09 05:31:37,161 [GeneticProgrammer] INFO Fetched DOGEUSDT: 750 bars (1h)
2026-03-09 05:31:37,179 [GeneticProgrammer] INFO GP Evolution: pop=60, gens=15
2026-03-09 05:31:37,182 [GeneticProgrammer] INFO Seeded 10 prior winners
2026-03-09 05:31:40,419 [GeneticProgrammer] INFO Gen   0 | Best: 0.3826 | Avg: -0.8374 | Stag: 0
2026-03-09 05:31:43,072 [GeneticProgrammer] INFO Gen   1 | Best: 0.3826 | Avg: -0.3829 | Stag: 1
2026-03-09 05:31:45,696 [GeneticProgrammer] INFO Gen   2 | Best: 0.4287 | Avg: -0.2962 | Stag: 0
2026-03-09 05:31:48,339 [GeneticProgrammer] INFO Gen   3 | Best: 0.4450 | Avg: -0.2505 | Stag: 0
2026-03-09 05:31:50,964 [GeneticProgrammer] INFO Gen   4 | Best: 0.5277 | Avg: -0.1799 | Stag: 0
2026-03-09 05:31:53,605 [GeneticProgrammer] INFO Gen   5 | Best: 0.5743 | Avg: -0.1748 | Stag: 0
2026-03-09 05:31:56,213 [GeneticProgrammer] INFO Gen   6 | Best: 0.5743 | Avg: -0.1237 | Stag: 1
2026-03-09 05:31:58,822 [GeneticProgrammer] INFO Gen   7 | Best: 0.5988 | Avg: -0.0421 | Stag: 0
2026-03-09 05:32:01,404 [GeneticProgrammer] INFO Gen   8 | Best: 0.6555 | Avg: 0.1120 | Stag: 0
2026-03-09 05:32:03,957 [GeneticProgrammer] INFO Gen   9 | Best: 0.6638 | Avg: 0.2247 | Stag: 0
2026-03-09 05:32:06,568 [GeneticProgrammer] INFO Gen  10 | Best: 0.6685 | Avg: 0.0298 | Stag: 0
2026-03-09 05:32:09,143 [GeneticProgrammer] INFO Gen  11 | Best: 0.6908 | Avg: 0.2171 | Stag: 0
2026-03-09 05:32:11,702 [GeneticProgrammer] INFO Gen  12 | Best: 0.7138 | Avg: 0.3201 | Stag: 0
2026-03-09 05:32:14,224 [GeneticProgrammer] INFO Gen  13 | Best: 0.7394 | Avg: 0.3196 | Stag: 0
2026-03-09 05:32:16,771 [GeneticProgrammer] INFO Gen  14 | Best: 0.7464 | Avg: 0.2087 | Stag: 0
2026-03-09 05:32:19,312 [GeneticProgrammer] INFO Saved 50 active picks to E:\findtorontoevents_antigravity.ca\genome\data\gp_active_picks.json
2026-03-09 05:32:19,319 [GeneticProgrammer] INFO Evolution done. Top: GPX_Gen15_1c8e11 fitness=0.7549
2026-03-09 05:32:54,281 [GeneticProgrammer] INFO Fetched BTCUSDT: 750 bars (1h)
2026-03-09 05:32:54,446 [GeneticProgrammer] INFO Fetched ETHUSDT: 750 bars (1h)
2026-03-09 05:32:54,610 [GeneticProgrammer] INFO Fetched SOLUSDT: 750 bars (1h)
2026-03-09 05:32:54,770 [GeneticProgrammer] INFO Fetched AVAXUSDT: 750 bars (1h)
2026-03-09 05:32:54,930 [GeneticProgrammer] INFO Fetched DOGEUSDT: 750 bars (1h)
2026-03-09 06:01:33,272 [GeneticProgrammer] INFO ======================================================================
2026-03-09 06:01:33,272 [GeneticProgrammer] INFO GENETIC PROGRAMMING EVOLUTION — New cycle
2026-03-09 06:01:33,272 [GeneticProgrammer] INFO Symbols: ['BTCUSDT', 'ETHUSDT', 'SOLUSDT', 'AVAXUSDT', 'DOGEUSDT'] | Pop: 60 | Gens: 15
2026-03-09 06:01:33,272 [GeneticProgrammer] INFO ======================================================================
2026-03-09 06:01:36,973 [GeneticProgrammer] INFO Fetched BTCUSDT: 750 bars (1h)
2026-03-09 06:01:37,272 [GeneticProgrammer] INFO Fetched ETHUSDT: 750 bars (1h)
2026-03-09 06:01:37,438 [GeneticProgrammer] INFO Fetched SOLUSDT: 750 bars (1h)
2026-03-09 06:01:37,739 [GeneticProgrammer] INFO Fetched AVAXUSDT: 750 bars (1h)
2026-03-09 06:01:38,044 [GeneticProgrammer] INFO Fetched DOGEUSDT: 750 bars (1h)
2026-03-09 06:01:38,064 [GeneticProgrammer] INFO GP Evolution: pop=60, gens=15
2026-03-09 06:01:38,066 [GeneticProgrammer] INFO Seeded 10 prior winners
2026-03-09 06:01:41,244 [GeneticProgrammer] INFO Gen   0 | Best: 0.5020 | Avg: -0.7399 | Stag: 0
2026-03-09 06:01:43,834 [GeneticProgrammer] INFO Gen   1 | Best: 0.5020 | Avg: -0.2255 | Stag: 1
2026-03-09 06:01:46,426 [GeneticProgrammer] INFO Gen   2 | Best: 0.5722 | Avg: -0.1979 | Stag: 0
2026-03-09 06:01:49,013 [GeneticProgrammer] INFO Gen   3 | Best: 0.5943 | Avg: -0.0670 | Stag: 0
2026-03-09 06:01:51,605 [GeneticProgrammer] INFO Gen   4 | Best: 0.5943 | Avg: -0.0390 | Stag: 1
2026-03-09 06:01:54,185 [GeneticProgrammer] INFO Gen   5 | Best: 0.5943 | Avg: 0.0548 | Stag: 2
2026-03-09 06:01:56,738 [GeneticProgrammer] INFO Gen   6 | Best: 0.5943 | Avg: 0.0344 | Stag: 3
2026-03-09 06:01:59,333 [GeneticProgrammer] INFO Gen   7 | Best: 0.5943 | Avg: 0.0578 | Stag: 4
2026-03-09 06:02:01,912 [GeneticProgrammer] INFO Gen   8 | Best: 0.5943 | Avg: 0.0007 | Stag: 5
2026-03-09 06:02:04,517 [GeneticProgrammer] INFO Gen   9 | Best: 0.5943 | Avg: -0.0067 | Stag: 6
2026-03-09 06:02:07,117 [GeneticProgrammer] INFO Gen  10 | Best: 0.5943 | Avg: -0.0411 | Stag: 7
2026-03-09 06:02:09,758 [GeneticProgrammer] INFO Gen  11 | Best: 0.6077 | Avg: -0.1288 | Stag: 0
2026-03-09 06:02:12,371 [GeneticProgrammer] INFO Gen  12 | Best: 0.6077 | Avg: -0.1248 | Stag: 1
2026-03-09 06:02:14,960 [GeneticProgrammer] INFO Gen  13 | Best: 0.6270 | Avg: 0.0781 | Stag: 0
2026-03-09 06:02:17,535 [GeneticProgrammer] INFO Gen  14 | Best: 0.6270 | Avg: 0.1620 | Stag: 1
2026-03-09 06:02:20,167 [GeneticProgrammer] INFO Saved 50 active picks to E:\findtorontoevents_antigravity.ca\genome\data\gp_active_picks.json
2026-03-09 06:02:20,176 [GeneticProgrammer] INFO Evolution done. Top: GPM_Gen13_996d9f fitness=0.6270
2026-03-09 06:02:42,102 [GeneticProgrammer] INFO Fetched BTCUSDT: 750 bars (1h)
2026-03-09 06:02:42,854 [GeneticProgrammer] INFO Fetched ETHUSDT: 750 bars (1h)
2026-03-09 06:02:43,015 [GeneticProgrammer] INFO Fetched SOLUSDT: 750 bars (1h)
2026-03-09 06:02:43,317 [GeneticProgrammer] INFO Fetched AVAXUSDT: 750 bars (1h)
2026-03-09 06:02:43,478 [GeneticProgrammer] INFO Fetched DOGEUSDT: 750 bars (1h)
2026-03-09 06:31:32,374 [GeneticProgrammer] INFO ======================================================================
2026-03-09 06:31:32,375 [GeneticProgrammer] INFO GENETIC PROGRAMMING EVOLUTION — New cycle
2026-03-09 06:31:32,375 [GeneticProgrammer] INFO Symbols: ['BTCUSDT', 'ETHUSDT', 'SOLUSDT', 'AVAXUSDT', 'DOGEUSDT'] | Pop: 60 | Gens: 15
2026-03-09 06:31:32,375 [GeneticProgrammer] INFO ======================================================================
2026-03-09 06:31:35,668 [GeneticProgrammer] INFO Fetched BTCUSDT: 750 bars (1h)
2026-03-09 06:31:35,837 [GeneticProgrammer] INFO Fetched ETHUSDT: 750 bars (1h)
2026-03-09 06:31:35,998 [GeneticProgrammer] INFO Fetched SOLUSDT: 750 bars (1h)
2026-03-09 06:31:36,161 [GeneticProgrammer] INFO Fetched AVAXUSDT: 750 bars (1h)
2026-03-09 06:31:36,464 [GeneticProgrammer] INFO Fetched DOGEUSDT: 750 bars (1h)
2026-03-09 06:31:36,482 [GeneticProgrammer] INFO GP Evolution: pop=60, gens=15
2026-03-09 06:31:36,486 [GeneticProgrammer] INFO Seeded 10 prior winners
2026-03-09 06:31:39,725 [GeneticProgrammer] INFO Gen   0 | Best: 0.4428 | Avg: -0.8307 | Stag: 0
2026-03-09 06:31:42,364 [GeneticProgrammer] INFO Gen   1 | Best: 0.4428 | Avg: -0.3476 | Stag: 1
2026-03-09 06:31:45,010 [GeneticProgrammer] INFO Gen   2 | Best: 0.4652 | Avg: -0.2260 | Stag: 0
2026-03-09 06:31:47,601 [GeneticProgrammer] INFO Gen   3 | Best: 0.5046 | Avg: -0.0791 | Stag: 0
2026-03-09 06:31:50,258 [GeneticProgrammer] INFO Gen   4 | Best: 0.5046 | Avg: -0.1019 | Stag: 1
2026-03-09 06:31:52,892 [GeneticProgrammer] INFO Gen   5 | Best: 0.6725 | Avg: 0.0877 | Stag: 0
2026-03-09 06:31:55,541 [GeneticProgrammer] INFO Gen   6 | Best: 0.6725 | Avg: 0.0965 | Stag: 1
2026-03-09 06:31:58,189 [GeneticProgrammer] INFO Gen   7 | Best: 0.6827 | Avg: 0.1057 | Stag: 0
2026-03-09 06:32:00,814 [GeneticProgrammer] INFO Gen   8 | Best: 0.6850 | Avg: 0.2169 | Stag: 0
2026-03-09 06:32:03,461 [GeneticProgrammer] INFO Gen   9 | Best: 0.6850 | Avg: 0.1761 | Stag: 1
2026-03-09 06:32:06,094 [GeneticProgrammer] INFO Gen  10 | Best: 0.6850 | Avg: 0.1906 | Stag: 2
2026-03-09 06:32:08,720 [GeneticProgrammer] INFO Gen  11 | Best: 0.6850 | Avg: 0.2896 | Stag: 3
2026-03-09 06:32:11,387 [GeneticProgrammer] INFO Gen  12 | Best: 0.6911 | Avg: 0.1172 | Stag: 0
2026-03-09 06:32:14,051 [GeneticProgrammer] INFO Gen  13 | Best: 0.7157 | Avg: 0.1880 | Stag: 0
2026-03-09 06:32:16,685 [GeneticProgrammer] INFO Gen  14 | Best: 0.7157 | Avg: 0.2560 | Stag: 1
2026-03-09 06:32:19,342 [GeneticProgrammer] INFO Saved 50 active picks to E:\findtorontoevents_antigravity.ca\genome\data\gp_active_picks.json
2026-03-09 06:32:19,356 [GeneticProgrammer] INFO Evolution done. Top: GPM_Gen13_c518f7 fitness=0.7157
2026-03-09 06:32:42,379 [GeneticProgrammer] INFO Fetched BTCUSDT: 750 bars (1h)
2026-03-09 06:32:42,539 [GeneticProgrammer] INFO Fetched ETHUSDT: 750 bars (1h)
2026-03-09 06:32:42,701 [GeneticProgrammer] INFO Fetched SOLUSDT: 750 bars (1h)
2026-03-09 06:32:42,866 [GeneticProgrammer] INFO Fetched AVAXUSDT: 750 bars (1h)
2026-03-09 06:32:43,030 [GeneticProgrammer] INFO Fetched DOGEUSDT: 750 bars (1h)
2026-03-09 07:01:32,532 [GeneticProgrammer] INFO ======================================================================
2026-03-09 07:01:32,532 [GeneticProgrammer] INFO GENETIC PROGRAMMING EVOLUTION — New cycle
2026-03-09 07:01:32,532 [GeneticProgrammer] INFO Symbols: ['BTCUSDT', 'ETHUSDT', 'SOLUSDT', 'AVAXUSDT', 'DOGEUSDT'] | Pop: 60 | Gens: 15
2026-03-09 07:01:32,532 [GeneticProgrammer] INFO ======================================================================
2026-03-09 07:01:35,350 [GeneticProgrammer] INFO Fetched BTCUSDT: 750 bars (1h)
2026-03-09 07:01:35,515 [GeneticProgrammer] INFO Fetched ETHUSDT: 750 bars (1h)
2026-03-09 07:01:35,677 [GeneticProgrammer] INFO Fetched SOLUSDT: 750 bars (1h)
2026-03-09 07:01:35,843 [GeneticProgrammer] INFO Fetched AVAXUSDT: 750 bars (1h)
2026-03-09 07:01:36,012 [GeneticProgrammer] INFO Fetched DOGEUSDT: 750 bars (1h)
2026-03-09 07:01:36,031 [GeneticProgrammer] INFO GP Evolution: pop=60, gens=15
2026-03-09 07:01:36,034 [GeneticProgrammer] INFO Seeded 10 prior winners
2026-03-09 07:01:39,208 [GeneticProgrammer] INFO Gen   0 | Best: 0.4279 | Avg: -0.7940 | Stag: 0
2026-03-09 07:01:41,856 [GeneticProgrammer] INFO Gen   1 | Best: 0.4279 | Avg: -0.4689 | Stag: 1
2026-03-09 07:01:44,473 [GeneticProgrammer] INFO Gen   2 | Best: 0.4279 | Avg: -0.3733 | Stag: 2
2026-03-09 07:01:47,081 [GeneticProgrammer] INFO Gen   3 | Best: 0.4279 | Avg: -0.2897 | Stag: 3
2026-03-09 07:01:49,681 [GeneticProgrammer] INFO Gen   4 | Best: 0.4279 | Avg: -0.2745 | Stag: 4
2026-03-09 07:01:52,313 [GeneticProgrammer] INFO Gen   5 | Best: 0.4279 | Avg: -0.3411 | Stag: 5
2026-03-09 07:01:54,935 [GeneticProgrammer] INFO Gen   6 | Best: 0.4279 | Avg: -0.3065 | Stag: 6
2026-03-09 07:01:57,587 [GeneticProgrammer] INFO Gen   7 | Best: 0.4279 | Avg: -0.4324 | Stag: 7
2026-03-09 07:02:00,229 [GeneticProgrammer] INFO Gen   8 | Best: 0.4754 | Avg: -0.3316 | Stag: 0
2026-03-09 07:02:02,815 [GeneticProgrammer] INFO Gen   9 | Best: 0.5280 | Avg: -0.1130 | Stag: 0
2026-03-09 07:02:05,384 [GeneticProgrammer] INFO Gen  10 | Best: 0.5980 | Avg: -0.0224 | Stag: 0
2026-03-09 07:02:07,973 [GeneticProgrammer] INFO Gen  11 | Best: 0.5980 | Avg: 0.0535 | Stag: 1
2026-03-09 07:02:10,594 [GeneticProgrammer] INFO Gen  12 | Best: 0.5998 | Avg: -0.0379 | Stag: 0
2026-03-09 07:02:13,214 [GeneticProgrammer] INFO Gen  13 | Best: 0.5998 | Avg: 0.0428 | Stag: 1
2026-03-09 07:02:15,837 [GeneticProgrammer] INFO Gen  14 | Best: 0.5998 | Avg: -0.0042 | Stag: 2
2026-03-09 07:02:18,529 [GeneticProgrammer] INFO Saved 48 active picks to E:\findtorontoevents_antigravity.ca\genome\data\gp_active_picks.json
2026-03-09 07:02:18,540 [GeneticProgrammer] INFO Evolution done. Top: GPM_Gen12_04340d fitness=0.5998
2026-03-09 07:02:40,264 [GeneticProgrammer] INFO Fetched BTCUSDT: 750 bars (1h)
2026-03-09 07:02:40,426 [GeneticProgrammer] INFO Fetched ETHUSDT: 750 bars (1h)
2026-03-09 07:02:40,588 [GeneticProgrammer] INFO Fetched SOLUSDT: 750 bars (1h)
2026-03-09 07:02:41,171 [GeneticProgrammer] INFO Fetched AVAXUSDT: 750 bars (1h)
2026-03-09 07:02:41,476 [GeneticProgrammer] INFO Fetched DOGEUSDT: 750 bars (1h)
2026-03-09 07:31:32,435 [GeneticProgrammer] INFO ======================================================================
2026-03-09 07:31:32,435 [GeneticProgrammer] INFO GENETIC PROGRAMMING EVOLUTION — New cycle
2026-03-09 07:31:32,435 [GeneticProgrammer] INFO Symbols: ['BTCUSDT', 'ETHUSDT', 'SOLUSDT', 'AVAXUSDT', 'DOGEUSDT'] | Pop: 60 | Gens: 15
2026-03-09 07:31:32,435 [GeneticProgrammer] INFO ======================================================================
2026-03-09 07:31:35,359 [GeneticProgrammer] INFO Fetched BTCUSDT: 750 bars (1h)
2026-03-09 07:31:35,525 [GeneticProgrammer] INFO Fetched ETHUSDT: 750 bars (1h)
2026-03-09 07:31:35,692 [GeneticProgrammer] INFO Fetched SOLUSDT: 750 bars (1h)
2026-03-09 07:31:35,856 [GeneticProgrammer] INFO Fetched AVAXUSDT: 750 bars (1h)
2026-03-09 07:31:36,018 [GeneticProgrammer] INFO Fetched DOGEUSDT: 750 bars (1h)
2026-03-09 07:31:36,035 [GeneticProgrammer] INFO GP Evolution: pop=60, gens=15
2026-03-09 07:31:36,037 [GeneticProgrammer] INFO Seeded 10 prior winners
2026-03-09 07:31:39,209 [GeneticProgrammer] INFO Gen   0 | Best: 0.4284 | Avg: -0.8269 | Stag: 0
2026-03-09 07:31:41,797 [GeneticProgrammer] INFO Gen   1 | Best: 0.4284 | Avg: -0.3004 | Stag: 1
2026-03-09 07:31:44,397 [GeneticProgrammer] INFO Gen   2 | Best: 0.4284 | Avg: -0.3455 | Stag: 2
2026-03-09 07:31:47,016 [GeneticProgrammer] INFO Gen   3 | Best: 0.4284 | Avg: -0.2638 | Stag: 3
2026-03-09 07:31:49,584 [GeneticProgrammer] INFO Gen   4 | Best: 0.4284 | Avg: -0.1948 | Stag: 4
2026-03-09 07:31:52,199 [GeneticProgrammer] INFO Gen   5 | Best: 0.4284 | Avg: -0.2754 | Stag: 5
2026-03-09 07:31:54,835 [GeneticProgrammer] INFO Gen   6 | Best: 0.6303 | Avg: -0.2742 | Stag: 0
2026-03-09 07:31:57,421 [GeneticProgrammer] INFO Gen   7 | Best: 0.6303 | Avg: -0.0088 | Stag: 1
2026-03-09 07:32:00,023 [GeneticProgrammer] INFO Gen   8 | Best: 0.6658 | Avg: 0.1375 | Stag: 0
2026-03-09 07:32:02,584 [GeneticProgrammer] INFO Gen   9 | Best: 0.6658 | Avg: 0.2405 | Stag: 1
2026-03-09 07:32:05,172 [GeneticProgrammer] INFO Gen  10 | Best: 0.6802 | Avg: 0.1938 | Stag: 0
2026-03-09 07:32:07,767 [GeneticProgrammer] INFO Gen  11 | Best: 0.6802 | Avg: 0.1964 | Stag: 1
2026-03-09 07:32:10,374 [GeneticProgrammer] INFO Gen  12 | Best: 0.6802 | Avg: 0.1811 | Stag: 2
2026-03-09 07:32:12,948 [GeneticProgrammer] INFO Gen  13 | Best: 0.6857 | Avg: 0.2417 | Stag: 0
2026-03-09 07:32:15,523 [GeneticProgrammer] INFO Gen  14 | Best: 0.6923 | Avg: 0.2270 | Stag: 0
2026-03-09 07:32:18,148 [GeneticProgrammer] INFO Saved 50 active picks to E:\findtorontoevents_antigravity.ca\genome\data\gp_active_picks.json
2026-03-09 07:32:18,154 [GeneticProgrammer] INFO Evolution done. Top: GPX_Gen15_5ca2dd fitness=0.6926
2026-03-09 07:32:41,267 [GeneticProgrammer] INFO Fetched BTCUSDT: 750 bars (1h)
2026-03-09 07:32:41,429 [GeneticProgrammer] INFO Fetched ETHUSDT: 750 bars (1h)
2026-03-09 07:32:41,597 [GeneticProgrammer] INFO Fetched SOLUSDT: 750 bars (1h)
2026-03-09 07:32:41,907 [GeneticProgrammer] INFO Fetched AVAXUSDT: 750 bars (1h)
2026-03-09 07:32:42,068 [GeneticProgrammer] INFO Fetched DOGEUSDT: 750 bars (1h)
2026-03-09 08:01:32,488 [GeneticProgrammer] INFO ======================================================================
2026-03-09 08:01:32,488 [GeneticProgrammer] INFO GENETIC PROGRAMMING EVOLUTION — New cycle
2026-03-09 08:01:32,488 [GeneticProgrammer] INFO Symbols: ['BTCUSDT', 'ETHUSDT', 'SOLUSDT', 'AVAXUSDT', 'DOGEUSDT'] | Pop: 60 | Gens: 15
2026-03-09 08:01:32,488 [GeneticProgrammer] INFO ======================================================================
2026-03-09 08:01:35,018 [GeneticProgrammer] INFO Fetched BTCUSDT: 750 bars (1h)
2026-03-09 08:01:35,180 [GeneticProgrammer] INFO Fetched ETHUSDT: 750 bars (1h)
2026-03-09 08:01:35,479 [GeneticProgrammer] INFO Fetched SOLUSDT: 750 bars (1h)
2026-03-09 08:01:35,643 [GeneticProgrammer] INFO Fetched AVAXUSDT: 750 bars (1h)
2026-03-09 08:01:35,804 [GeneticProgrammer] INFO Fetched DOGEUSDT: 750 bars (1h)
2026-03-09 08:01:35,822 [GeneticProgrammer] INFO GP Evolution: pop=60, gens=15
2026-03-09 08:01:35,825 [GeneticProgrammer] INFO Seeded 10 prior winners
2026-03-09 08:01:39,010 [GeneticProgrammer] INFO Gen   0 | Best: 0.3820 | Avg: -0.7825 | Stag: 0
2026-03-09 08:01:41,642 [GeneticProgrammer] INFO Gen   1 | Best: 0.4073 | Avg: -0.3278 | Stag: 0
2026-03-09 08:01:44,268 [GeneticProgrammer] INFO Gen   2 | Best: 0.5152 | Avg: -0.1526 | Stag: 0
2026-03-09 08:01:46,884 [GeneticProgrammer] INFO Gen   3 | Best: 0.5791 | Avg: -0.1112 | Stag: 0
2026-03-09 08:01:49,500 [GeneticProgrammer] INFO Gen   4 | Best: 0.5791 | Avg: -0.0593 | Stag: 1
2026-03-09 08:01:52,120 [GeneticProgrammer] INFO Gen   5 | Best: 0.5791 | Avg: -0.1143 | Stag: 2
2026-03-09 08:01:54,705 [GeneticProgrammer] INFO Gen   6 | Best: 0.6507 | Avg: 0.0056 | Stag: 0
2026-03-09 08:01:57,279 [GeneticProgrammer] INFO Gen   7 | Best: 0.6507 | Avg: -0.0788 | Stag: 1
2026-03-09 08:01:59,851 [GeneticProgrammer] INFO Gen   8 | Best: 0.6692 | Avg: 0.0126 | Stag: 0
2026-03-09 08:02:02,451 [GeneticProgrammer] INFO Gen   9 | Best: 0.6718 | Avg: -0.0711 | Stag: 0
2026-03-09 08:02:05,040 [GeneticProgrammer] INFO Gen  10 | Best: 0.6758 | Avg: -0.0543 | Stag: 0
2026-03-09 08:02:07,624 [GeneticProgrammer] INFO Gen  11 | Best: 0.6758 | Avg: -0.0272 | Stag: 1
2026-03-09 08:02:10,173 [GeneticProgrammer] INFO Gen  12 | Best: 0.6764 | Avg: 0.0528 | Stag: 0
2026-03-09 08:02:12,747 [GeneticProgrammer] INFO Gen  13 | Best: 0.6875 | Avg: -0.0498 | Stag: 0
2026-03-09 08:02:15,310 [GeneticProgrammer] INFO Gen  14 | Best: 0.6893 | Avg: 0.0617 | Stag: 0
2026-03-09 08:02:17,876 [GeneticProgrammer] INFO Saved 50 active picks to E:\findtorontoevents_antigravity.ca\genome\data\gp_active_picks.json
2026-03-09 08:02:17,884 [GeneticProgrammer] INFO Evolution done. Top: GPX_Gen14_43d872 fitness=0.6893
2026-03-09 08:02:40,239 [GeneticProgrammer] INFO Fetched BTCUSDT: 750 bars (1h)
2026-03-09 08:02:40,401 [GeneticProgrammer] INFO Fetched ETHUSDT: 750 bars (1h)
2026-03-09 08:02:40,567 [GeneticProgrammer] INFO Fetched SOLUSDT: 750 bars (1h)
2026-03-09 08:02:40,875 [GeneticProgrammer] INFO Fetched AVAXUSDT: 750 bars (1h)
2026-03-09 08:02:41,178 [GeneticProgrammer] INFO Fetched DOGEUSDT: 750 bars (1h)
2026-03-09 08:31:32,863 [GeneticProgrammer] INFO ======================================================================
2026-03-09 08:31:32,863 [GeneticProgrammer] INFO GENETIC PROGRAMMING EVOLUTION — New cycle
2026-03-09 08:31:32,863 [GeneticProgrammer] INFO Symbols: ['BTCUSDT', 'ETHUSDT', 'SOLUSDT', 'AVAXUSDT', 'DOGEUSDT'] | Pop: 60 | Gens: 15
2026-03-09 08:31:32,863 [GeneticProgrammer] INFO ======================================================================
2026-03-09 08:31:35,834 [GeneticProgrammer] INFO Fetched BTCUSDT: 750 bars (1h)
2026-03-09 08:31:35,997 [GeneticProgrammer] INFO Fetched ETHUSDT: 750 bars (1h)
2026-03-09 08:31:36,162 [GeneticProgrammer] INFO Fetched SOLUSDT: 750 bars (1h)
2026-03-09 08:31:36,327 [GeneticProgrammer] INFO Fetched AVAXUSDT: 750 bars (1h)
2026-03-09 08:31:36,487 [GeneticProgrammer] INFO Fetched DOGEUSDT: 750 bars (1h)
2026-03-09 08:31:36,507 [GeneticProgrammer] INFO GP Evolution: pop=60, gens=15
2026-03-09 08:31:36,510 [GeneticProgrammer] INFO Seeded 10 prior winners
2026-03-09 08:31:39,725 [GeneticProgrammer] INFO Gen   0 | Best: 0.3820 | Avg: -0.8299 | Stag: 0
2026-03-09 08:31:42,362 [GeneticProgrammer] INFO Gen   1 | Best: 0.3820 | Avg: -0.4535 | Stag: 1
2026-03-09 08:31:45,033 [GeneticProgrammer] INFO Gen   2 | Best: 0.3820 | Avg: -0.3440 | Stag: 2
2026-03-09 08:31:47,620 [GeneticProgrammer] INFO Gen   3 | Best: 0.4601 | Avg: -0.0680 | Stag: 0
2026-03-09 08:31:50,227 [GeneticProgrammer] INFO Gen   4 | Best: 0.5219 | Avg: -0.0144 | Stag: 0
2026-03-09 08:31:52,840 [GeneticProgrammer] INFO Gen   5 | Best: 0.5219 | Avg: -0.1283 | Stag: 1
2026-03-09 08:31:55,464 [GeneticProgrammer] INFO Gen   6 | Best: 0.5219 | Avg: 0.0000 | Stag: 2
2026-03-09 08:31:58,067 [GeneticProgrammer] INFO Gen   7 | Best: 0.5219 | Avg: 0.1107 | Stag: 3
2026-03-09 08:32:00,682 [GeneticProgrammer] INFO Gen   8 | Best: 0.5458 | Avg: 0.0317 | Stag: 0
2026-03-09 08:32:03,267 [GeneticProgrammer] INFO Gen   9 | Best: 0.5458 | Avg: 0.1942 | Stag: 1
2026-03-09 08:32:05,896 [GeneticProgrammer] INFO Gen  10 | Best: 0.5458 | Avg: 0.0303 | Stag: 2
2026-03-09 08:32:08,494 [GeneticProgrammer] INFO Gen  11 | Best: 0.5458 | Avg: 0.0766 | Stag: 3
2026-03-09 08:32:11,134 [GeneticProgrammer] INFO Gen  12 | Best: 0.5458 | Avg: -0.0709 | Stag: 4
2026-03-09 08:32:13,762 [GeneticProgrammer] INFO Gen  13 | Best: 0.5458 | Avg: -0.0311 | Stag: 5
2026-03-09 08:32:16,342 [GeneticProgrammer] INFO Gen  14 | Best: 0.5533 | Avg: -0.0310 | Stag: 0
2026-03-09 08:32:18,981 [GeneticProgrammer] INFO Saved 48 active picks to E:\findtorontoevents_antigravity.ca\genome\data\gp_active_picks.json
2026-03-09 08:32:18,993 [GeneticProgrammer] INFO Evolution done. Top: GPX_Gen15_6ce088 fitness=0.5729
2026-03-09 08:32:41,915 [GeneticProgrammer] INFO Fetched BTCUSDT: 750 bars (1h)
2026-03-09 08:32:42,221 [GeneticProgrammer] INFO Fetched ETHUSDT: 750 bars (1h)
2026-03-09 08:32:42,523 [GeneticProgrammer] INFO Fetched SOLUSDT: 750 bars (1h)
2026-03-09 08:32:42,825 [GeneticProgrammer] INFO Fetched AVAXUSDT: 750 bars (1h)
2026-03-09 08:32:42,985 [GeneticProgrammer] INFO Fetched DOGEUSDT: 750 bars (1h)
2026-03-09 09:01:34,122 [GeneticProgrammer] INFO ======================================================================
2026-03-09 09:01:34,122 [GeneticProgrammer] INFO GENETIC PROGRAMMING EVOLUTION — New cycle
2026-03-09 09:01:34,122 [GeneticProgrammer] INFO Symbols: ['BTCUSDT', 'ETHUSDT', 'SOLUSDT', 'AVAXUSDT', 'DOGEUSDT'] | Pop: 60 | Gens: 15
2026-03-09 09:01:34,122 [GeneticProgrammer] INFO ======================================================================
2026-03-09 09:01:36,895 [GeneticProgrammer] INFO Fetched BTCUSDT: 750 bars (1h)
2026-03-09 09:01:37,062 [GeneticProgrammer] INFO Fetched ETHUSDT: 750 bars (1h)
2026-03-09 09:01:37,227 [GeneticProgrammer] INFO Fetched SOLUSDT: 750 bars (1h)
2026-03-09 09:01:37,388 [GeneticProgrammer] INFO Fetched AVAXUSDT: 750 bars (1h)
2026-03-09 09:01:37,551 [GeneticProgrammer] INFO Fetched DOGEUSDT: 750 bars (1h)
2026-03-09 09:01:37,570 [GeneticProgrammer] INFO GP Evolution: pop=60, gens=15
2026-03-09 09:01:37,573 [GeneticProgrammer] INFO Seeded 10 prior winners
2026-03-09 09:01:40,806 [GeneticProgrammer] INFO Gen   0 | Best: 0.3854 | Avg: -0.7813 | Stag: 0
2026-03-09 09:01:43,436 [GeneticProgrammer] INFO Gen   1 | Best: 0.4174 | Avg: -0.3509 | Stag: 0
2026-03-09 09:01:46,027 [GeneticProgrammer] INFO Gen   2 | Best: 0.4380 | Avg: -0.1057 | Stag: 0
2026-03-09 09:01:48,630 [GeneticProgrammer] INFO Gen   3 | Best: 0.5189 | Avg: -0.0681 | Stag: 0
2026-03-09 09:01:51,236 [GeneticProgrammer] INFO Gen   4 | Best: 0.5695 | Avg: -0.0822 | Stag: 0
2026-03-09 09:01:53,849 [GeneticProgrammer] INFO Gen   5 | Best: 0.6014 | Avg: -0.0801 | Stag: 0
2026-03-09 09:01:56,511 [GeneticProgrammer] INFO Gen   6 | Best: 0.6014 | Avg: -0.3014 | Stag: 1
2026-03-09 09:01:59,165 [GeneticProgrammer] INFO Gen   7 | Best: 0.6014 | Avg: -0.0731 | Stag: 2
2026-03-09 09:02:01,820 [GeneticProgrammer] INFO Gen   8 | Best: 0.6014 | Avg: -0.1078 | Stag: 3
2026-03-09 09:02:04,447 [GeneticProgrammer] INFO Gen   9 | Best: 0.6146 | Avg: -0.0332 | Stag: 0
2026-03-09 09:02:07,103 [GeneticProgrammer] INFO Gen  10 | Best: 0.6146 | Avg: -0.0798 | Stag: 1
2026-03-09 09:02:09,768 [GeneticProgrammer] INFO Gen  11 | Best: 0.6599 | Avg: -0.1447 | Stag: 0
2026-03-09 09:02:12,456 [GeneticProgrammer] INFO Gen  12 | Best: 0.6599 | Avg: -0.2248 | Stag: 1
2026-03-09 09:02:15,148 [GeneticProgrammer] INFO Gen  13 | Best: 0.6599 | Avg: 0.0329 | Stag: 2
2026-03-09 09:02:17,810 [GeneticProgrammer] INFO Gen  14 | Best: 0.6651 | Avg: 0.0811 | Stag: 0
2026-03-09 09:02:20,467 [GeneticProgrammer] INFO Saved 50 active picks to E:\findtorontoevents_antigravity.ca\genome\data\gp_active_picks.json
2026-03-09 09:02:20,475 [GeneticProgrammer] INFO Evolution done. Top: GPX_Gen15_cd9c1f fitness=0.6825
2026-03-09 09:02:42,249 [GeneticProgrammer] INFO Fetched BTCUSDT: 750 bars (1h)
2026-03-09 09:02:42,411 [GeneticProgrammer] INFO Fetched ETHUSDT: 750 bars (1h)
2026-03-09 09:02:42,994 [GeneticProgrammer] INFO Fetched SOLUSDT: 750 bars (1h)
2026-03-09 09:02:43,159 [GeneticProgrammer] INFO Fetched AVAXUSDT: 750 bars (1h)
2026-03-09 09:02:43,321 [GeneticProgrammer] INFO Fetched DOGEUSDT: 750 bars (1h)
2026-03-09 09:32:50,678 [GeneticProgrammer] INFO ======================================================================
2026-03-09 09:32:50,678 [GeneticProgrammer] INFO GENETIC PROGRAMMING EVOLUTION — New cycle
2026-03-09 09:32:50,678 [GeneticProgrammer] INFO Symbols: ['BTCUSDT', 'ETHUSDT', 'SOLUSDT', 'AVAXUSDT', 'DOGEUSDT'] | Pop: 60 | Gens: 15
2026-03-09 09:32:50,678 [GeneticProgrammer] INFO ======================================================================
2026-03-09 09:32:53,195 [GeneticProgrammer] INFO Fetched BTCUSDT: 750 bars (1h)
2026-03-09 09:32:53,357 [GeneticProgrammer] INFO Fetched ETHUSDT: 750 bars (1h)
2026-03-09 09:32:53,659 [GeneticProgrammer] INFO Fetched SOLUSDT: 750 bars (1h)
2026-03-09 09:32:53,821 [GeneticProgrammer] INFO Fetched AVAXUSDT: 750 bars (1h)
2026-03-09 09:32:54,126 [GeneticProgrammer] INFO Fetched DOGEUSDT: 750 bars (1h)
2026-03-09 09:32:54,145 [GeneticProgrammer] INFO GP Evolution: pop=60, gens=15
2026-03-09 09:32:54,148 [GeneticProgrammer] INFO Seeded 10 prior winners
2026-03-09 09:32:57,293 [GeneticProgrammer] INFO Gen   0 | Best: 0.3570 | Avg: -0.8327 | Stag: 0
2026-03-09 09:32:59,938 [GeneticProgrammer] INFO Gen   1 | Best: 0.3570 | Avg: -0.3895 | Stag: 1
2026-03-09 09:33:02,532 [GeneticProgrammer] INFO Gen   2 | Best: 0.3911 | Avg: -0.1421 | Stag: 0
2026-03-09 09:33:05,126 [GeneticProgrammer] INFO Gen   3 | Best: 0.4434 | Avg: -0.1084 | Stag: 0
2026-03-09 09:33:07,706 [GeneticProgrammer] INFO Gen   4 | Best: 0.4929 | Avg: 0.0253 | Stag: 0
2026-03-09 09:33:10,282 [GeneticProgrammer] INFO Gen   5 | Best: 0.5413 | Avg: 0.0959 | Stag: 0
2026-03-09 09:33:12,838 [GeneticProgrammer] INFO Gen   6 | Best: 0.5413 | Avg: 0.0824 | Stag: 1
2026-03-09 09:33:15,369 [GeneticProgrammer] INFO Gen   7 | Best: 0.5413 | Avg: 0.0446 | Stag: 2
2026-03-09 09:33:17,970 [GeneticProgrammer] INFO Gen   8 | Best: 0.5413 | Avg: -0.0036 | Stag: 3
2026-03-09 09:33:20,547 [GeneticProgrammer] INFO Gen   9 | Best: 0.5465 | Avg: 0.1317 | Stag: 0
2026-03-09 09:33:23,136 [GeneticProgrammer] INFO Gen  10 | Best: 0.5465 | Avg: 0.0084 | Stag: 1
2026-03-09 09:33:25,763 [GeneticProgrammer] INFO Gen  11 | Best: 0.5465 | Avg: -0.0048 | Stag: 2
2026-03-09 09:33:28,328 [GeneticProgrammer] INFO Gen  12 | Best: 0.5505 | Avg: 0.0471 | Stag: 0
2026-03-09 09:33:30,953 [GeneticProgrammer] INFO Gen  13 | Best: 0.5542 | Avg: 0.0226 | Stag: 0
2026-03-09 09:33:33,537 [GeneticProgrammer] INFO Gen  14 | Best: 0.5542 | Avg: 0.0950 | Stag: 1
2026-03-09 09:33:36,174 [GeneticProgrammer] INFO Saved 48 active picks to E:\findtorontoevents_antigravity.ca\genome\data\gp_active_picks.json
2026-03-09 09:33:36,184 [GeneticProgrammer] INFO Evolution done. Top: GPM_Gen15_424649 fitness=0.5761
2026-03-09 10:01:33,343 [GeneticProgrammer] INFO ======================================================================
2026-03-09 10:01:33,343 [GeneticProgrammer] INFO GENETIC PROGRAMMING EVOLUTION — New cycle
2026-03-09 10:01:33,343 [GeneticProgrammer] INFO Symbols: ['BTCUSDT', 'ETHUSDT', 'SOLUSDT', 'AVAXUSDT', 'DOGEUSDT'] | Pop: 60 | Gens: 15
2026-03-09 10:01:33,343 [GeneticProgrammer] INFO ======================================================================
2026-03-09 10:01:35,859 [GeneticProgrammer] INFO Fetched BTCUSDT: 750 bars (1h)
2026-03-09 10:01:36,164 [GeneticProgrammer] INFO Fetched ETHUSDT: 750 bars (1h)
2026-03-09 10:01:36,332 [GeneticProgrammer] INFO Fetched SOLUSDT: 750 bars (1h)
2026-03-09 10:01:36,495 [GeneticProgrammer] INFO Fetched AVAXUSDT: 750 bars (1h)
2026-03-09 10:01:36,656 [GeneticProgrammer] INFO Fetched DOGEUSDT: 750 bars (1h)
2026-03-09 10:01:36,673 [GeneticProgrammer] INFO GP Evolution: pop=60, gens=15
2026-03-09 10:01:36,676 [GeneticProgrammer] INFO Seeded 10 prior winners
2026-03-09 10:01:39,858 [GeneticProgrammer] INFO Gen   0 | Best: 0.3917 | Avg: -0.7486 | Stag: 0
2026-03-09 10:01:42,484 [GeneticProgrammer] INFO Gen   1 | Best: 0.4889 | Avg: -0.3883 | Stag: 0
2026-03-09 10:01:45,078 [GeneticProgrammer] INFO Gen   2 | Best: 0.4889 | Avg: -0.2117 | Stag: 1
2026-03-09 10:01:47,666 [GeneticProgrammer] INFO Gen   3 | Best: 0.4889 | Avg: -0.1153 | Stag: 2
2026-03-09 10:01:50,257 [GeneticProgrammer] INFO Gen   4 | Best: 0.4889 | Avg: -0.0951 | Stag: 3
2026-03-09 10:01:52,852 [GeneticProgrammer] INFO Gen   5 | Best: 0.5396 | Avg: -0.1418 | Stag: 0
2026-03-09 10:01:55,452 [GeneticProgrammer] INFO Gen   6 | Best: 0.5499 | Avg: -0.1596 | Stag: 0
2026-03-09 10:01:58,058 [GeneticProgrammer] INFO Gen   7 | Best: 0.6212 | Avg: -0.0486 | Stag: 0
2026-03-09 10:02:00,664 [GeneticProgrammer] INFO Gen   8 | Best: 0.6212 | Avg: -0.2478 | Stag: 1
2026-03-09 10:02:03,274 [GeneticProgrammer] INFO Gen   9 | Best: 0.6537 | Avg: -0.0887 | Stag: 0
2026-03-09 10:02:05,898 [GeneticProgrammer] INFO Gen  10 | Best: 0.6577 | Avg: -0.1870 | Stag: 0
2026-03-09 10:02:08,525 [GeneticProgrammer] INFO Gen  11 | Best: 0.6578 | Avg: -0.1259 | Stag: 0
2026-03-09 10:02:11,124 [GeneticProgrammer] INFO Gen  12 | Best: 0.6872 | Avg: 0.0124 | Stag: 0
2026-03-09 10:02:13,741 [GeneticProgrammer] INFO Gen  13 | Best: 0.6901 | Avg: 0.1735 | Stag: 0
2026-03-09 10:02:16,377 [GeneticProgrammer] INFO Gen  14 | Best: 0.6901 | Avg: 0.0833 | Stag: 1
2026-03-09 10:02:19,041 [GeneticProgrammer] INFO Saved 50 active picks to E:\findtorontoevents_antigravity.ca\genome\data\gp_active_picks.json
2026-03-09 10:02:19,048 [GeneticProgrammer] INFO Evolution done. Top: GPX_Gen13_437beb fitness=0.6901
2026-03-09 10:31:32,180 [GeneticProgrammer] INFO ======================================================================
2026-03-09 10:31:32,180 [GeneticProgrammer] INFO GENETIC PROGRAMMING EVOLUTION — New cycle
2026-03-09 10:31:32,180 [GeneticProgrammer] INFO Symbols: ['BTCUSDT', 'ETHUSDT', 'SOLUSDT', 'AVAXUSDT', 'DOGEUSDT'] | Pop: 60 | Gens: 15
2026-03-09 10:31:32,180 [GeneticProgrammer] INFO ======================================================================
2026-03-09 10:31:34,818 [GeneticProgrammer] INFO Fetched BTCUSDT: 750 bars (1h)
2026-03-09 10:31:34,979 [GeneticProgrammer] INFO Fetched ETHUSDT: 750 bars (1h)
2026-03-09 10:31:35,142 [GeneticProgrammer] INFO Fetched SOLUSDT: 750 bars (1h)
2026-03-09 10:31:35,306 [GeneticProgrammer] INFO Fetched AVAXUSDT: 750 bars (1h)
2026-03-09 10:31:35,468 [GeneticProgrammer] INFO Fetched DOGEUSDT: 750 bars (1h)
2026-03-09 10:31:35,486 [GeneticProgrammer] INFO GP Evolution: pop=60, gens=15
2026-03-09 10:31:35,489 [GeneticProgrammer] INFO Seeded 10 prior winners
2026-03-09 10:31:38,628 [GeneticProgrammer] INFO Gen   0 | Best: 0.5108 | Avg: -0.7151 | Stag: 0
2026-03-09 10:31:41,278 [GeneticProgrammer] INFO Gen   1 | Best: 0.5852 | Avg: -0.4004 | Stag: 0
2026-03-09 10:31:43,920 [GeneticProgrammer] INFO Gen   2 | Best: 0.5852 | Avg: -0.4397 | Stag: 1
2026-03-09 10:31:46,597 [GeneticProgrammer] INFO Gen   3 | Best: 0.5852 | Avg: -0.3946 | Stag: 2
2026-03-09 10:31:49,277 [GeneticProgrammer] INFO Gen   4 | Best: 0.5852 | Avg: -0.2825 | Stag: 3
2026-03-09 10:31:51,943 [GeneticProgrammer] INFO Gen   5 | Best: 0.5852 | Avg: -0.3023 | Stag: 4
2026-03-09 10:31:54,636 [GeneticProgrammer] INFO Gen   6 | Best: 0.5852 | Avg: -0.2575 | Stag: 5
2026-03-09 10:31:57,321 [GeneticProgrammer] INFO Gen   7 | Best: 0.5943 | Avg: -0.2542 | Stag: 0
2026-03-09 10:32:00,017 [GeneticProgrammer] INFO Gen   8 | Best: 0.5943 | Avg: -0.2723 | Stag: 1
2026-03-09 10:32:02,690 [GeneticProgrammer] INFO Gen   9 | Best: 0.5943 | Avg: -0.2649 | Stag: 2
2026-03-09 10:32:05,363 [GeneticProgrammer] INFO Gen  10 | Best: 0.5943 | Avg: -0.1966 | Stag: 3
2026-03-09 10:32:08,017 [GeneticProgrammer] INFO Gen  11 | Best: 0.6236 | Avg: -0.0368 | Stag: 0
2026-03-09 10:32:10,627 [GeneticProgrammer] INFO Gen  12 | Best: 0.6236 | Avg: -0.1718 | Stag: 1
2026-03-09 10:32:13,270 [GeneticProgrammer] INFO Gen  13 | Best: 0.6236 | Avg: -0.0696 | Stag: 2
2026-03-09 10:32:15,914 [GeneticProgrammer] INFO Gen  14 | Best: 0.6322 | Avg: -0.0429 | Stag: 0
2026-03-09 10:32:18,616 [GeneticProgrammer] INFO Saved 46 active picks to E:\findtorontoevents_antigravity.ca\genome\data\gp_active_picks.json
2026-03-09 10:32:18,628 [GeneticProgrammer] INFO Evolution done. Top: GPM_Gen14_041586 fitness=0.6322
2026-03-09 11:01:31,233 [GeneticProgrammer] INFO ======================================================================
2026-03-09 11:01:31,233 [GeneticProgrammer] INFO GENETIC PROGRAMMING EVOLUTION — New cycle
2026-03-09 11:01:31,233 [GeneticProgrammer] INFO Symbols: ['BTCUSDT', 'ETHUSDT', 'SOLUSDT', 'AVAXUSDT', 'DOGEUSDT'] | Pop: 60 | Gens: 15
2026-03-09 11:01:31,233 [GeneticProgrammer] INFO ======================================================================
2026-03-09 11:01:33,747 [GeneticProgrammer] INFO Fetched BTCUSDT: 750 bars (1h)
2026-03-09 11:01:33,908 [GeneticProgrammer] INFO Fetched ETHUSDT: 750 bars (1h)
2026-03-09 11:01:34,210 [GeneticProgrammer] INFO Fetched SOLUSDT: 750 bars (1h)
2026-03-09 11:01:34,371 [GeneticProgrammer] INFO Fetched AVAXUSDT: 750 bars (1h)
2026-03-09 11:01:34,531 [GeneticProgrammer] INFO Fetched DOGEUSDT: 750 bars (1h)
2026-03-09 11:01:34,548 [GeneticProgrammer] INFO GP Evolution: pop=60, gens=15
2026-03-09 11:01:34,551 [GeneticProgrammer] INFO Seeded 10 prior winners
2026-03-09 11:01:37,720 [GeneticProgrammer] INFO Gen   0 | Best: 0.6614 | Avg: -0.7213 | Stag: 0
2026-03-09 11:01:40,372 [GeneticProgrammer] INFO Gen   1 | Best: 0.6614 | Avg: -0.3989 | Stag: 1
2026-03-09 11:01:42,936 [GeneticProgrammer] INFO Gen   2 | Best: 0.6614 | Avg: -0.0943 | Stag: 2
2026-03-09 11:01:45,530 [GeneticProgrammer] INFO Gen   3 | Best: 0.6614 | Avg: -0.0986 | Stag: 3
2026-03-09 11:01:48,155 [GeneticProgrammer] INFO Gen   4 | Best: 0.6614 | Avg: -0.0105 | Stag: 4
2026-03-09 11:01:50,758 [GeneticProgrammer] INFO Gen   5 | Best: 0.6721 | Avg: 0.1119 | Stag: 0
2026-03-09 11:01:53,404 [GeneticProgrammer] INFO Gen   6 | Best: 0.6721 | Avg: 0.1033 | Stag: 1
2026-03-09 11:01:56,043 [GeneticProgrammer] INFO Gen   7 | Best: 0.6871 | Avg: 0.2690 | Stag: 0
2026-03-09 11:01:58,679 [GeneticProgrammer] INFO Gen   8 | Best: 0.6871 | Avg: 0.1583 | Stag: 1
2026-03-09 11:02:01,335 [GeneticProgrammer] INFO Gen   9 | Best: 0.6871 | Avg: 0.1036 | Stag: 2
2026-03-09 11:02:04,005 [GeneticProgrammer] INFO Gen  10 | Best: 0.7004 | Avg: 0.2373 | Stag: 0
2026-03-09 11:02:06,663 [GeneticProgrammer] INFO Gen  11 | Best: 0.7083 | Avg: 0.2756 | Stag: 0
2026-03-09 11:02:09,335 [GeneticProgrammer] INFO Gen  12 | Best: 0.7236 | Avg: 0.2832 | Stag: 0
2026-03-09 11:02:12,041 [GeneticProgrammer] INFO Gen  13 | Best: 0.7408 | Avg: 0.1177 | Stag: 0
2026-03-09 11:02:14,773 [GeneticProgrammer] INFO Gen  14 | Best: 0.7408 | Avg: 0.1663 | Stag: 1
2026-03-09 11:02:17,483 [GeneticProgrammer] INFO Saved 50 active picks to E:\findtorontoevents_antigravity.ca\genome\data\gp_active_picks.json
2026-03-09 11:02:17,494 [GeneticProgrammer] INFO Evolution done. Top: GPX_Gen13_ded084 fitness=0.7408
2026-03-09 11:31:32,503 [GeneticProgrammer] INFO ======================================================================
2026-03-09 11:31:32,503 [GeneticProgrammer] INFO GENETIC PROGRAMMING EVOLUTION — New cycle
2026-03-09 11:31:32,503 [GeneticProgrammer] INFO Symbols: ['BTCUSDT', 'ETHUSDT', 'SOLUSDT', 'AVAXUSDT', 'DOGEUSDT'] | Pop: 60 | Gens: 15
2026-03-09 11:31:32,503 [GeneticProgrammer] INFO ======================================================================
2026-03-09 11:31:35,050 [GeneticProgrammer] INFO Fetched BTCUSDT: 750 bars (1h)
2026-03-09 11:31:35,211 [GeneticProgrammer] INFO Fetched ETHUSDT: 750 bars (1h)
2026-03-09 11:31:35,375 [GeneticProgrammer] INFO Fetched SOLUSDT: 750 bars (1h)
2026-03-09 11:31:35,537 [GeneticProgrammer] INFO Fetched AVAXUSDT: 750 bars (1h)
2026-03-09 11:31:35,839 [GeneticProgrammer] INFO Fetched DOGEUSDT: 750 bars (1h)
2026-03-09 11:31:35,857 [GeneticProgrammer] INFO GP Evolution: pop=60, gens=15
2026-03-09 11:31:35,860 [GeneticProgrammer] INFO Seeded 10 prior winners
2026-03-09 11:31:38,992 [GeneticProgrammer] INFO Gen   0 | Best: 0.4591 | Avg: -0.6876 | Stag: 0
2026-03-09 11:31:41,600 [GeneticProgrammer] INFO Gen   1 | Best: 0.4591 | Avg: -0.4878 | Stag: 1
2026-03-09 11:31:44,206 [GeneticProgrammer] INFO Gen   2 | Best: 0.4591 | Avg: -0.3442 | Stag: 2
2026-03-09 11:31:46,763 [GeneticProgrammer] INFO Gen   3 | Best: 0.4591 | Avg: -0.1863 | Stag: 3
2026-03-09 11:31:49,339 [GeneticProgrammer] INFO Gen   4 | Best: 0.4981 | Avg: -0.1981 | Stag: 0
2026-03-09 11:31:51,956 [GeneticProgrammer] INFO Gen   5 | Best: 0.5218 | Avg: -0.0950 | Stag: 0
2026-03-09 11:31:54,546 [GeneticProgrammer] INFO Gen   6 | Best: 0.5218 | Avg: -0.0525 | Stag: 1
2026-03-09 11:31:57,168 [GeneticProgrammer] INFO Gen   7 | Best: 0.5573 | Avg: -0.2737 | Stag: 0
2026-03-09 11:31:59,763 [GeneticProgrammer] INFO Gen   8 | Best: 0.5573 | Avg: -0.0921 | Stag: 1
2026-03-09 11:32:02,400 [GeneticProgrammer] INFO Gen   9 | Best: 0.5876 | Avg: -0.2200 | Stag: 0
2026-03-09 11:32:05,053 [GeneticProgrammer] INFO Gen  10 | Best: 0.6184 | Avg: -0.1282 | Stag: 0
2026-03-09 11:32:07,699 [GeneticProgrammer] INFO Gen  11 | Best: 0.6184 | Avg: -0.0059 | Stag: 1
2026-03-09 11:32:10,297 [GeneticProgrammer] INFO Gen  12 | Best: 0.6184 | Avg: 0.0805 | Stag: 2
2026-03-09 11:32:12,911 [GeneticProgrammer] INFO Gen  13 | Best: 0.6184 | Avg: 0.0427 | Stag: 3
2026-03-09 11:32:15,521 [GeneticProgrammer] INFO Gen  14 | Best: 0.6184 | Avg: -0.0922 | Stag: 4
2026-03-09 11:32:18,159 [GeneticProgrammer] INFO Saved 48 active picks to E:\findtorontoevents_antigravity.ca\genome\data\gp_active_picks.json
2026-03-09 11:32:18,168 [GeneticProgrammer] INFO Evolution done. Top: GPX_Gen10_3c09e0 fitness=0.6184
2026-03-09 12:01:32,547 [GeneticProgrammer] INFO ======================================================================
2026-03-09 12:01:32,547 [GeneticProgrammer] INFO GENETIC PROGRAMMING EVOLUTION — New cycle
2026-03-09 12:01:32,547 [GeneticProgrammer] INFO Symbols: ['BTCUSDT', 'ETHUSDT', 'SOLUSDT', 'AVAXUSDT', 'DOGEUSDT'] | Pop: 60 | Gens: 15
2026-03-09 12:01:32,548 [GeneticProgrammer] INFO ======================================================================
2026-03-09 12:01:35,252 [GeneticProgrammer] INFO Fetched BTCUSDT: 750 bars (1h)
2026-03-09 12:01:35,415 [GeneticProgrammer] INFO Fetched ETHUSDT: 750 bars (1h)
2026-03-09 12:01:35,579 [GeneticProgrammer] INFO Fetched SOLUSDT: 750 bars (1h)
2026-03-09 12:01:35,742 [GeneticProgrammer] INFO Fetched AVAXUSDT: 750 bars (1h)
2026-03-09 12:01:35,907 [GeneticProgrammer] INFO Fetched DOGEUSDT: 750 bars (1h)
2026-03-09 12:01:35,927 [GeneticProgrammer] INFO GP Evolution: pop=60, gens=15
2026-03-09 12:01:35,930 [GeneticProgrammer] INFO Seeded 10 prior winners
2026-03-09 12:01:39,105 [GeneticProgrammer] INFO Gen   0 | Best: 0.3770 | Avg: -0.8330 | Stag: 0
2026-03-09 12:01:41,738 [GeneticProgrammer] INFO Gen   1 | Best: 0.3770 | Avg: -0.4555 | Stag: 1
2026-03-09 12:01:44,335 [GeneticProgrammer] INFO Gen   2 | Best: 0.4204 | Avg: -0.3316 | Stag: 0
2026-03-09 12:01:46,939 [GeneticProgrammer] INFO Gen   3 | Best: 0.4765 | Avg: -0.3063 | Stag: 0
2026-03-09 12:01:49,566 [GeneticProgrammer] INFO Gen   4 | Best: 0.4765 | Avg: -0.3179 | Stag: 1
2026-03-09 12:01:52,206 [GeneticProgrammer] INFO Gen   5 | Best: 0.4765 | Avg: -0.2981 | Stag: 2
2026-03-09 12:01:54,787 [GeneticProgrammer] INFO Gen   6 | Best: 0.4765 | Avg: -0.1492 | Stag: 3
2026-03-09 12:01:57,380 [GeneticProgrammer] INFO Gen   7 | Best: 0.5159 | Avg: -0.1063 | Stag: 0
2026-03-09 12:01:59,947 [GeneticProgrammer] INFO Gen   8 | Best: 0.5876 | Avg: 0.0674 | Stag: 0
2026-03-09 12:02:02,531 [GeneticProgrammer] INFO Gen   9 | Best: 0.5990 | Avg: 0.0094 | Stag: 0
2026-03-09 12:02:05,121 [GeneticProgrammer] INFO Gen  10 | Best: 0.5990 | Avg: 0.0177 | Stag: 1
2026-03-09 12:02:07,727 [GeneticProgrammer] INFO Gen  11 | Best: 0.6320 | Avg: 0.0481 | Stag: 0
2026-03-09 12:02:10,316 [GeneticProgrammer] INFO Gen  12 | Best: 0.6320 | Avg: 0.1329 | Stag: 1
2026-03-09 12:02:12,983 [GeneticProgrammer] INFO Gen  13 | Best: 0.6320 | Avg: -0.1948 | Stag: 2
2026-03-09 12:02:15,624 [GeneticProgrammer] INFO Gen  14 | Best: 0.6320 | Avg: 0.0062 | Stag: 3
2026-03-09 12:02:18,307 [GeneticProgrammer] INFO Saved 50 active picks to E:\findtorontoevents_antigravity.ca\genome\data\gp_active_picks.json
2026-03-09 12:02:18,317 [GeneticProgrammer] INFO Evolution done. Top: GPX_Gen15_690f59 fitness=0.6350
2026-03-09 12:31:32,035 [GeneticProgrammer] INFO ======================================================================
2026-03-09 12:31:32,036 [GeneticProgrammer] INFO GENETIC PROGRAMMING EVOLUTION — New cycle
2026-03-09 12:31:32,036 [GeneticProgrammer] INFO Symbols: ['BTCUSDT', 'ETHUSDT', 'SOLUSDT', 'AVAXUSDT', 'DOGEUSDT'] | Pop: 60 | Gens: 15
2026-03-09 12:31:32,036 [GeneticProgrammer] INFO ======================================================================
2026-03-09 12:31:34,527 [GeneticProgrammer] INFO Fetched BTCUSDT: 750 bars (1h)
2026-03-09 12:31:34,687 [GeneticProgrammer] INFO Fetched ETHUSDT: 750 bars (1h)
2026-03-09 12:31:34,852 [GeneticProgrammer] INFO Fetched SOLUSDT: 750 bars (1h)
2026-03-09 12:31:35,016 [GeneticProgrammer] INFO Fetched AVAXUSDT: 750 bars (1h)
2026-03-09 12:31:35,322 [GeneticProgrammer] INFO Fetched DOGEUSDT: 750 bars (1h)
2026-03-09 12:31:35,340 [GeneticProgrammer] INFO GP Evolution: pop=60, gens=15
2026-03-09 12:31:35,343 [GeneticProgrammer] INFO Seeded 10 prior winners
2026-03-09 12:31:38,570 [GeneticProgrammer] INFO Gen   0 | Best: 0.3770 | Avg: -0.8380 | Stag: 0
2026-03-09 12:31:41,186 [GeneticProgrammer] INFO Gen   1 | Best: 0.3770 | Avg: -0.5226 | Stag: 1
2026-03-09 12:31:43,779 [GeneticProgrammer] INFO Gen   2 | Best: 0.3770 | Avg: -0.3949 | Stag: 2
2026-03-09 12:31:46,383 [GeneticProgrammer] INFO Gen   3 | Best: 0.3770 | Avg: -0.2785 | Stag: 3
2026-03-09 12:31:49,031 [GeneticProgrammer] INFO Gen   4 | Best: 0.3770 | Avg: -0.2733 | Stag: 4
2026-03-09 12:31:51,655 [GeneticProgrammer] INFO Gen   5 | Best: 0.3930 | Avg: -0.3212 | Stag: 0
2026-03-09 12:31:54,264 [GeneticProgrammer] INFO Gen   6 | Best: 0.3930 | Avg: -0.2762 | Stag: 1
2026-03-09 12:31:56,845 [GeneticProgrammer] INFO Gen   7 | Best: 0.4979 | Avg: -0.2335 | Stag: 0
2026-03-09 12:31:59,441 [GeneticProgrammer] INFO Gen   8 | Best: 0.5089 | Avg: -0.1129 | Stag: 0
2026-03-09 12:32:01,996 [GeneticProgrammer] INFO Gen   9 | Best: 0.5089 | Avg: 0.0703 | Stag: 1
2026-03-09 12:32:04,599 [GeneticProgrammer] INFO Gen  10 | Best: 0.5678 | Avg: -0.0110 | Stag: 0
2026-03-09 12:32:07,209 [GeneticProgrammer] INFO Gen  11 | Best: 0.5695 | Avg: 0.0466 | Stag: 0
2026-03-09 12:32:09,831 [GeneticProgrammer] INFO Gen  12 | Best: 0.5978 | Avg: -0.0511 | Stag: 0
2026-03-09 12:32:12,428 [GeneticProgrammer] INFO Gen  13 | Best: 0.5978 | Avg: 0.0643 | Stag: 1
2026-03-09 12:32:15,007 [GeneticProgrammer] INFO Gen  14 | Best: 0.6006 | Avg: 0.1633 | Stag: 0
2026-03-09 12:32:17,655 [GeneticProgrammer] INFO Saved 50 active picks to E:\findtorontoevents_antigravity.ca\genome\data\gp_active_picks.json
2026-03-09 12:32:17,662 [GeneticProgrammer] INFO Evolution done. Top: GPX_Gen15_4af3df fitness=0.6227
2026-03-09 13:01:34,175 [GeneticProgrammer] INFO ======================================================================
2026-03-09 13:01:34,175 [GeneticProgrammer] INFO GENETIC PROGRAMMING EVOLUTION — New cycle
2026-03-09 13:01:34,175 [GeneticProgrammer] INFO Symbols: ['BTCUSDT', 'ETHUSDT', 'SOLUSDT', 'AVAXUSDT', 'DOGEUSDT'] | Pop: 60 | Gens: 15
2026-03-09 13:01:34,175 [GeneticProgrammer] INFO ======================================================================
2026-03-09 13:01:36,872 [GeneticProgrammer] INFO Fetched BTCUSDT: 750 bars (1h)
2026-03-09 13:01:37,042 [GeneticProgrammer] INFO Fetched ETHUSDT: 750 bars (1h)
2026-03-09 13:01:37,345 [GeneticProgrammer] INFO Fetched SOLUSDT: 750 bars (1h)
2026-03-09 13:01:37,646 [GeneticProgrammer] INFO Fetched AVAXUSDT: 750 bars (1h)
2026-03-09 13:01:37,815 [GeneticProgrammer] INFO Fetched DOGEUSDT: 750 bars (1h)
2026-03-09 13:01:37,832 [GeneticProgrammer] INFO GP Evolution: pop=60, gens=15
2026-03-09 13:01:37,834 [GeneticProgrammer] INFO Seeded 10 prior winners
2026-03-09 13:01:40,956 [GeneticProgrammer] INFO Gen   0 | Best: 0.4306 | Avg: -0.5974 | Stag: 0
2026-03-09 13:01:43,594 [GeneticProgrammer] INFO Gen   1 | Best: 0.4306 | Avg: -0.3918 | Stag: 1
2026-03-09 13:01:46,234 [GeneticProgrammer] INFO Gen   2 | Best: 0.4306 | Avg: -0.3695 | Stag: 2
2026-03-09 13:01:48,868 [GeneticProgrammer] INFO Gen   3 | Best: 0.4318 | Avg: -0.2554 | Stag: 0
2026-03-09 13:01:51,513 [GeneticProgrammer] INFO Gen   4 | Best: 0.4318 | Avg: -0.2372 | Stag: 1
2026-03-09 13:01:54,166 [GeneticProgrammer] INFO Gen   5 | Best: 0.4511 | Avg: -0.2690 | Stag: 0
2026-03-09 13:01:56,796 [GeneticProgrammer] INFO Gen   6 | Best: 0.4511 | Avg: -0.2493 | Stag: 1
2026-03-09 13:01:59,441 [GeneticProgrammer] INFO Gen   7 | Best: 0.5858 | Avg: -0.1893 | Stag: 0
2026-03-09 13:02:02,119 [GeneticProgrammer] INFO Gen   8 | Best: 0.5858 | Avg: -0.2433 | Stag: 1
2026-03-09 13:02:04,804 [GeneticProgrammer] INFO Gen   9 | Best: 0.5858 | Avg: -0.2190 | Stag: 2
2026-03-09 13:02:07,498 [GeneticProgrammer] INFO Gen  10 | Best: 0.5858 | Avg: -0.2430 | Stag: 3
2026-03-09 13:02:10,182 [GeneticProgrammer] INFO Gen  11 | Best: 0.5920 | Avg: -0.1484 | Stag: 0
2026-03-09 13:02:12,848 [GeneticProgrammer] INFO Gen  12 | Best: 0.5920 | Avg: -0.1814 | Stag: 1
2026-03-09 13:02:15,497 [GeneticProgrammer] INFO Gen  13 | Best: 0.6147 | Avg: -0.0773 | Stag: 0
2026-03-09 13:02:18,182 [GeneticProgrammer] INFO Gen  14 | Best: 0.6233 | Avg: 0.0614 | Stag: 0
2026-03-09 13:02:20,888 [GeneticProgrammer] INFO Saved 50 active picks to E:\findtorontoevents_antigravity.ca\genome\data\gp_active_picks.json
2026-03-09 13:02:20,900 [GeneticProgrammer] INFO Evolution done. Top: GPX_Gen14_21a67f fitness=0.6233
2026-03-09 13:31:32,445 [GeneticProgrammer] INFO ======================================================================
2026-03-09 13:31:32,445 [GeneticProgrammer] INFO GENETIC PROGRAMMING EVOLUTION — New cycle
2026-03-09 13:31:32,446 [GeneticProgrammer] INFO Symbols: ['BTCUSDT', 'ETHUSDT', 'SOLUSDT', 'AVAXUSDT', 'DOGEUSDT'] | Pop: 60 | Gens: 15
2026-03-09 13:31:32,446 [GeneticProgrammer] INFO ======================================================================
2026-03-09 13:31:35,235 [GeneticProgrammer] INFO Fetched BTCUSDT: 750 bars (1h)
2026-03-09 13:31:35,401 [GeneticProgrammer] INFO Fetched ETHUSDT: 750 bars (1h)
2026-03-09 13:31:35,562 [GeneticProgrammer] INFO Fetched SOLUSDT: 750 bars (1h)
2026-03-09 13:31:35,728 [GeneticProgrammer] INFO Fetched AVAXUSDT: 750 bars (1h)
2026-03-09 13:31:35,888 [GeneticProgrammer] INFO Fetched DOGEUSDT: 750 bars (1h)
2026-03-09 13:31:35,909 [GeneticProgrammer] INFO GP Evolution: pop=60, gens=15
2026-03-09 13:31:35,911 [GeneticProgrammer] INFO Seeded 10 prior winners
2026-03-09 13:31:39,102 [GeneticProgrammer] INFO Gen   0 | Best: 0.4306 | Avg: -0.6996 | Stag: 0
2026-03-09 13:31:41,736 [GeneticProgrammer] INFO Gen   1 | Best: 0.4306 | Avg: -0.4070 | Stag: 1
2026-03-09 13:31:44,352 [GeneticProgrammer] INFO Gen   2 | Best: 0.4306 | Avg: -0.3780 | Stag: 2
2026-03-09 13:31:46,946 [GeneticProgrammer] INFO Gen   3 | Best: 0.4306 | Avg: -0.2412 | Stag: 3
2026-03-09 13:31:49,539 [GeneticProgrammer] INFO Gen   4 | Best: 0.4898 | Avg: -0.0870 | Stag: 0
2026-03-09 13:31:52,118 [GeneticProgrammer] INFO Gen   5 | Best: 0.4898 | Avg: -0.0793 | Stag: 1
2026-03-09 13:31:54,738 [GeneticProgrammer] INFO Gen   6 | Best: 0.4898 | Avg: -0.2088 | Stag: 2
2026-03-09 13:31:57,333 [GeneticProgrammer] INFO Gen   7 | Best: 0.4898 | Avg: -0.2055 | Stag: 3
2026-03-09 13:31:59,887 [GeneticProgrammer] INFO Gen   8 | Best: 0.5199 | Avg: -0.0038 | Stag: 0
2026-03-09 13:32:02,470 [GeneticProgrammer] INFO Gen   9 | Best: 0.5256 | Avg: 0.0111 | Stag: 0
2026-03-09 13:32:05,035 [GeneticProgrammer] INFO Gen  10 | Best: 0.5256 | Avg: -0.0434 | Stag: 1
2026-03-09 13:32:07,630 [GeneticProgrammer] INFO Gen  11 | Best: 0.5344 | Avg: -0.0898 | Stag: 0
2026-03-09 13:32:10,225 [GeneticProgrammer] INFO Gen  12 | Best: 0.5344 | Avg: -0.0134 | Stag: 1
2026-03-09 13:32:12,826 [GeneticProgrammer] INFO Gen  13 | Best: 0.5344 | Avg: -0.1070 | Stag: 2
2026-03-09 13:32:15,338 [GeneticProgrammer] INFO Gen  14 | Best: 0.5436 | Avg: 0.1028 | Stag: 0
2026-03-09 13:32:17,951 [GeneticProgrammer] INFO Saved 50 active picks to E:\findtorontoevents_antigravity.ca\genome\data\gp_active_picks.json
2026-03-09 13:32:17,960 [GeneticProgrammer] INFO Evolution done. Top: GPX_Gen15_a2e920 fitness=0.5455
2026-03-09 14:01:33,814 [GeneticProgrammer] INFO ======================================================================
2026-03-09 14:01:33,814 [GeneticProgrammer] INFO GENETIC PROGRAMMING EVOLUTION — New cycle
2026-03-09 14:01:33,814 [GeneticProgrammer] INFO Symbols: ['BTCUSDT', 'ETHUSDT', 'SOLUSDT', 'AVAXUSDT', 'DOGEUSDT'] | Pop: 60 | Gens: 15
2026-03-09 14:01:33,814 [GeneticProgrammer] INFO ======================================================================
2026-03-09 14:01:36,612 [GeneticProgrammer] INFO Fetched BTCUSDT: 750 bars (1h)
2026-03-09 14:01:36,776 [GeneticProgrammer] INFO Fetched ETHUSDT: 750 bars (1h)
2026-03-09 14:01:36,936 [GeneticProgrammer] INFO Fetched SOLUSDT: 750 bars (1h)
2026-03-09 14:01:37,098 [GeneticProgrammer] INFO Fetched AVAXUSDT: 750 bars (1h)
2026-03-09 14:01:37,264 [GeneticProgrammer] INFO Fetched DOGEUSDT: 750 bars (1h)
2026-03-09 14:01:37,280 [GeneticProgrammer] INFO GP Evolution: pop=60, gens=15
2026-03-09 14:01:37,283 [GeneticProgrammer] INFO Seeded 10 prior winners
2026-03-09 14:01:40,486 [GeneticProgrammer] INFO Gen   0 | Best: 0.4076 | Avg: -0.9057 | Stag: 0
2026-03-09 14:01:43,066 [GeneticProgrammer] INFO Gen   1 | Best: 0.5056 | Avg: -0.2871 | Stag: 0
2026-03-09 14:01:45,626 [GeneticProgrammer] INFO Gen   2 | Best: 0.5822 | Avg: -0.1680 | Stag: 0
2026-03-09 14:01:48,189 [GeneticProgrammer] INFO Gen   3 | Best: 0.5822 | Avg: -0.1123 | Stag: 1
2026-03-09 14:01:50,758 [GeneticProgrammer] INFO Gen   4 | Best: 0.5822 | Avg: -0.1443 | Stag: 2
2026-03-09 14:01:53,339 [GeneticProgrammer] INFO Gen   5 | Best: 0.5822 | Avg: -0.1853 | Stag: 3
2026-03-09 14:01:55,914 [GeneticProgrammer] INFO Gen   6 | Best: 0.6060 | Avg: -0.0267 | Stag: 0
2026-03-09 14:01:58,454 [GeneticProgrammer] INFO Gen   7 | Best: 0.6248 | Avg: 0.0446 | Stag: 0
2026-03-09 14:02:00,969 [GeneticProgrammer] INFO Gen   8 | Best: 0.6369 | Avg: 0.3011 | Stag: 0
2026-03-09 14:02:03,483 [GeneticProgrammer] INFO Gen   9 | Best: 0.6551 | Avg: 0.3248 | Stag: 0
2026-03-09 14:02:05,975 [GeneticProgrammer] INFO Gen  10 | Best: 0.6895 | Avg: 0.3689 | Stag: 0
2026-03-09 14:02:08,500 [GeneticProgrammer] INFO Gen  11 | Best: 0.6895 | Avg: 0.4081 | Stag: 1
2026-03-09 14:02:11,039 [GeneticProgrammer] INFO Gen  12 | Best: 0.6981 | Avg: 0.3519 | Stag: 0
2026-03-09 14:02:13,551 [GeneticProgrammer] INFO Gen  13 | Best: 0.7313 | Avg: 0.4391 | Stag: 0
2026-03-09 14:02:16,035 [GeneticProgrammer] INFO Gen  14 | Best: 0.7593 | Avg: 0.4982 | Stag: 0
2026-03-09 14:02:18,554 [GeneticProgrammer] INFO Saved 50 active picks to E:\findtorontoevents_antigravity.ca\genome\data\gp_active_picks.json
2026-03-09 14:02:18,558 [GeneticProgrammer] INFO Evolution done. Top: GPM_Gen15_1987b2 fitness=0.7603
2026-03-09 14:31:31,427 [GeneticProgrammer] INFO ======================================================================
2026-03-09 14:31:31,427 [GeneticProgrammer] INFO GENETIC PROGRAMMING EVOLUTION — New cycle
2026-03-09 14:31:31,427 [GeneticProgrammer] INFO Symbols: ['BTCUSDT', 'ETHUSDT', 'SOLUSDT', 'AVAXUSDT', 'DOGEUSDT'] | Pop: 60 | Gens: 15
2026-03-09 14:31:31,427 [GeneticProgrammer] INFO ======================================================================
2026-03-09 14:31:33,968 [GeneticProgrammer] INFO Fetched BTCUSDT: 750 bars (1h)
2026-03-09 14:31:34,130 [GeneticProgrammer] INFO Fetched ETHUSDT: 750 bars (1h)
2026-03-09 14:31:34,293 [GeneticProgrammer] INFO Fetched SOLUSDT: 750 bars (1h)
2026-03-09 14:31:34,602 [GeneticProgrammer] INFO Fetched AVAXUSDT: 750 bars (1h)
2026-03-09 14:31:34,768 [GeneticProgrammer] INFO Fetched DOGEUSDT: 750 bars (1h)
2026-03-09 14:31:34,785 [GeneticProgrammer] INFO GP Evolution: pop=60, gens=15
2026-03-09 14:31:34,787 [GeneticProgrammer] INFO Seeded 10 prior winners
2026-03-09 14:31:37,990 [GeneticProgrammer] INFO Gen   0 | Best: 0.4076 | Avg: -0.8028 | Stag: 0
2026-03-09 14:31:40,656 [GeneticProgrammer] INFO Gen   1 | Best: 0.4459 | Avg: -0.4921 | Stag: 0
2026-03-09 14:31:43,259 [GeneticProgrammer] INFO Gen   2 | Best: 0.4459 | Avg: -0.2239 | Stag: 1
2026-03-09 14:31:45,865 [GeneticProgrammer] INFO Gen   3 | Best: 0.5404 | Avg: -0.2855 | Stag: 0
2026-03-09 14:31:48,490 [GeneticProgrammer] INFO Gen   4 | Best: 0.5823 | Avg: -0.2874 | Stag: 0
2026-03-09 14:31:51,071 [GeneticProgrammer] INFO Gen   5 | Best: 0.5823 | Avg: -0.0857 | Stag: 1
2026-03-09 14:31:53,715 [GeneticProgrammer] INFO Gen   6 | Best: 0.6719 | Avg: -0.1350 | Stag: 0
2026-03-09 14:31:56,336 [GeneticProgrammer] INFO Gen   7 | Best: 0.7026 | Avg: -0.0621 | Stag: 0
2026-03-09 14:31:58,985 [GeneticProgrammer] INFO Gen   8 | Best: 0.7063 | Avg: -0.0562 | Stag: 0
2026-03-09 14:32:01,587 [GeneticProgrammer] INFO Gen   9 | Best: 0.7063 | Avg: 0.1760 | Stag: 1
2026-03-09 14:32:04,156 [GeneticProgrammer] INFO Gen  10 | Best: 0.7404 | Avg: 0.2120 | Stag: 0
2026-03-09 14:32:06,756 [GeneticProgrammer] INFO Gen  11 | Best: 0.7404 | Avg: 0.2235 | Stag: 1
2026-03-09 14:32:09,354 [GeneticProgrammer] INFO Gen  12 | Best: 0.7404 | Avg: 0.2815 | Stag: 2
2026-03-09 14:32:11,919 [GeneticProgrammer] INFO Gen  13 | Best: 0.7404 | Avg: 0.2754 | Stag: 3
2026-03-09 14:32:14,501 [GeneticProgrammer] INFO Gen  14 | Best: 0.7404 | Avg: 0.1566 | Stag: 4
2026-03-09 14:32:17,132 [GeneticProgrammer] INFO Saved 50 active picks to E:\findtorontoevents_antigravity.ca\genome\data\gp_active_picks.json
2026-03-09 14:32:17,137 [GeneticProgrammer] INFO Evolution done. Top: GPM_Gen10_b0d847 fitness=0.7404
2026-03-09 15:01:32,358 [GeneticProgrammer] INFO ======================================================================
2026-03-09 15:01:32,358 [GeneticProgrammer] INFO GENETIC PROGRAMMING EVOLUTION — New cycle
2026-03-09 15:01:32,358 [GeneticProgrammer] INFO Symbols: ['BTCUSDT', 'ETHUSDT', 'SOLUSDT', 'AVAXUSDT', 'DOGEUSDT'] | Pop: 60 | Gens: 15
2026-03-09 15:01:32,358 [GeneticProgrammer] INFO ======================================================================
2026-03-09 15:01:35,066 [GeneticProgrammer] INFO Fetched BTCUSDT: 750 bars (1h)
2026-03-09 15:01:35,238 [GeneticProgrammer] INFO Fetched ETHUSDT: 750 bars (1h)
2026-03-09 15:01:35,398 [GeneticProgrammer] INFO Fetched SOLUSDT: 750 bars (1h)
2026-03-09 15:01:35,559 [GeneticProgrammer] INFO Fetched AVAXUSDT: 750 bars (1h)
2026-03-09 15:01:36,157 [GeneticProgrammer] INFO Fetched DOGEUSDT: 750 bars (1h)
2026-03-09 15:01:36,175 [GeneticProgrammer] INFO GP Evolution: pop=60, gens=15
2026-03-09 15:01:36,178 [GeneticProgrammer] INFO Seeded 10 prior winners
2026-03-09 15:01:39,371 [GeneticProgrammer] INFO Gen   0 | Best: 0.3827 | Avg: -0.8003 | Stag: 0
2026-03-09 15:01:41,975 [GeneticProgrammer] INFO Gen   1 | Best: 0.3827 | Avg: -0.3465 | Stag: 1
2026-03-09 15:01:44,641 [GeneticProgrammer] INFO Gen   2 | Best: 0.3827 | Avg: -0.4892 | Stag: 2
2026-03-09 15:01:47,243 [GeneticProgrammer] INFO Gen   3 | Best: 0.3827 | Avg: -0.2267 | Stag: 3
2026-03-09 15:01:49,841 [GeneticProgrammer] INFO Gen   4 | Best: 0.5391 | Avg: -0.2104 | Stag: 0
2026-03-09 15:01:52,449 [GeneticProgrammer] INFO Gen   5 | Best: 0.5391 | Avg: -0.2212 | Stag: 1
2026-03-09 15:01:55,049 [GeneticProgrammer] INFO Gen   6 | Best: 0.5391 | Avg: -0.2213 | Stag: 2
2026-03-09 15:01:57,686 [GeneticProgrammer] INFO Gen   7 | Best: 0.5391 | Avg: -0.3318 | Stag: 3
2026-03-09 15:02:00,338 [GeneticProgrammer] INFO Gen   8 | Best: 0.5391 | Avg: -0.2769 | Stag: 4
2026-03-09 15:02:03,040 [GeneticProgrammer] INFO Gen   9 | Best: 0.5391 | Avg: -0.4684 | Stag: 5
2026-03-09 15:02:05,658 [GeneticProgrammer] INFO Gen  10 | Best: 0.5391 | Avg: -0.2599 | Stag: 6
2026-03-09 15:02:08,286 [GeneticProgrammer] INFO Gen  11 | Best: 0.5391 | Avg: -0.2631 | Stag: 7
2026-03-09 15:02:10,991 [GeneticProgrammer] INFO Gen  12 | Best: 0.5391 | Avg: -0.5267 | Stag: 8
2026-03-09 15:02:13,638 [GeneticProgrammer] INFO Gen  13 | Best: 0.5711 | Avg: -0.3981 | Stag: 0
2026-03-09 15:02:16,260 [GeneticProgrammer] INFO Gen  14 | Best: 0.5711 | Avg: -0.2824 | Stag: 1
2026-03-09 15:02:18,937 [GeneticProgrammer] INFO Saved 44 active picks to E:\findtorontoevents_antigravity.ca\genome\data\gp_active_picks.json
2026-03-09 15:02:18,947 [GeneticProgrammer] INFO Evolution done. Top: GPX_Gen13_8ee7ec fitness=0.5711
2026-03-09 15:50:17,647 [GeneticProgrammer] INFO ======================================================================
2026-03-09 15:50:17,648 [GeneticProgrammer] INFO GENETIC PROGRAMMING EVOLUTION — New cycle
2026-03-09 15:50:17,648 [GeneticProgrammer] INFO Symbols: ['BTCUSDT', 'ETHUSDT', 'SOLUSDT', 'AVAXUSDT', 'DOGEUSDT'] | Pop: 60 | Gens: 15
2026-03-09 15:50:17,648 [GeneticProgrammer] INFO ======================================================================
2026-03-09 15:50:20,716 [GeneticProgrammer] INFO Fetched BTCUSDT: 750 bars (1h)
2026-03-09 15:50:20,880 [GeneticProgrammer] INFO Fetched ETHUSDT: 750 bars (1h)
2026-03-09 15:50:21,044 [GeneticProgrammer] INFO Fetched SOLUSDT: 750 bars (1h)
2026-03-09 15:50:21,352 [GeneticProgrammer] INFO Fetched AVAXUSDT: 750 bars (1h)
2026-03-09 15:50:21,517 [GeneticProgrammer] INFO Fetched DOGEUSDT: 750 bars (1h)
2026-03-09 15:50:21,535 [GeneticProgrammer] INFO GP Evolution: pop=60, gens=15
2026-03-09 15:50:21,538 [GeneticProgrammer] INFO Seeded 10 prior winners
2026-03-09 15:50:24,740 [GeneticProgrammer] INFO Gen   0 | Best: 0.3827 | Avg: -0.7525 | Stag: 0
2026-03-09 15:50:27,378 [GeneticProgrammer] INFO Gen   1 | Best: 0.3827 | Avg: -0.3797 | Stag: 1
2026-03-09 15:50:29,965 [GeneticProgrammer] INFO Gen   2 | Best: 0.4922 | Avg: -0.2616 | Stag: 0
2026-03-09 15:50:32,532 [GeneticProgrammer] INFO Gen   3 | Best: 0.5219 | Avg: -0.1255 | Stag: 0
2026-03-09 15:50:35,165 [GeneticProgrammer] INFO Gen   4 | Best: 0.5219 | Avg: -0.2685 | Stag: 1
2026-03-09 15:50:37,757 [GeneticProgrammer] INFO Gen   5 | Best: 0.5686 | Avg: -0.1115 | Stag: 0
2026-03-09 15:50:40,369 [GeneticProgrammer] INFO Gen   6 | Best: 0.5686 | Avg: -0.1225 | Stag: 1
2026-03-09 15:50:42,955 [GeneticProgrammer] INFO Gen   7 | Best: 0.7018 | Avg: 0.0811 | Stag: 0
2026-03-09 15:50:45,513 [GeneticProgrammer] INFO Gen   8 | Best: 0.7018 | Avg: 0.0778 | Stag: 1
2026-03-09 15:50:48,101 [GeneticProgrammer] INFO Gen   9 | Best: 0.7018 | Avg: 0.1347 | Stag: 2
2026-03-09 15:50:50,661 [GeneticProgrammer] INFO Gen  10 | Best: 0.7018 | Avg: 0.1991 | Stag: 3
2026-03-09 15:50:53,206 [GeneticProgrammer] INFO Gen  11 | Best: 0.7249 | Avg: 0.2755 | Stag: 0
2026-03-09 15:50:55,767 [GeneticProgrammer] INFO Gen  12 | Best: 0.7249 | Avg: 0.2993 | Stag: 1
2026-03-09 15:50:58,358 [GeneticProgrammer] INFO Gen  13 | Best: 0.7249 | Avg: 0.1039 | Stag: 2
2026-03-09 15:51:00,949 [GeneticProgrammer] INFO Gen  14 | Best: 0.7249 | Avg: 0.1715 | Stag: 3
2026-03-09 15:51:03,547 [GeneticProgrammer] INFO Saved 49 active picks to E:\findtorontoevents_antigravity.ca\genome\data\gp_active_picks.json
2026-03-09 15:51:03,553 [GeneticProgrammer] INFO Evolution done. Top: GPX_Gen15_3f2311 fitness=0.7341
2026-03-09 16:01:32,944 [GeneticProgrammer] INFO ======================================================================
2026-03-09 16:01:32,945 [GeneticProgrammer] INFO GENETIC PROGRAMMING EVOLUTION — New cycle
2026-03-09 16:01:32,945 [GeneticProgrammer] INFO Symbols: ['BTCUSDT', 'ETHUSDT', 'SOLUSDT', 'AVAXUSDT', 'DOGEUSDT'] | Pop: 60 | Gens: 15
2026-03-09 16:01:32,945 [GeneticProgrammer] INFO ======================================================================
2026-03-09 16:01:35,505 [GeneticProgrammer] INFO Fetched BTCUSDT: 750 bars (1h)
2026-03-09 16:01:35,671 [GeneticProgrammer] INFO Fetched ETHUSDT: 750 bars (1h)
2026-03-09 16:01:35,839 [GeneticProgrammer] INFO Fetched SOLUSDT: 750 bars (1h)
2026-03-09 16:01:36,005 [GeneticProgrammer] INFO Fetched AVAXUSDT: 750 bars (1h)
2026-03-09 16:01:36,173 [GeneticProgrammer] INFO Fetched DOGEUSDT: 750 bars (1h)
2026-03-09 16:01:36,190 [GeneticProgrammer] INFO GP Evolution: pop=60, gens=15
2026-03-09 16:01:36,193 [GeneticProgrammer] INFO Seeded 10 prior winners
2026-03-09 16:01:39,374 [GeneticProgrammer] INFO Gen   0 | Best: 0.3827 | Avg: -0.8467 | Stag: 0
2026-03-09 16:01:42,063 [GeneticProgrammer] INFO Gen   1 | Best: 0.3827 | Avg: -0.5308 | Stag: 1
2026-03-09 16:01:44,647 [GeneticProgrammer] INFO Gen   2 | Best: 0.3827 | Avg: -0.3290 | Stag: 2
2026-03-09 16:01:47,257 [GeneticProgrammer] INFO Gen   3 | Best: 0.4649 | Avg: -0.2873 | Stag: 0
2026-03-09 16:01:49,872 [GeneticProgrammer] INFO Gen   4 | Best: 0.4649 | Avg: -0.4145 | Stag: 1
2026-03-09 16:01:52,477 [GeneticProgrammer] INFO Gen   5 | Best: 0.5277 | Avg: -0.3885 | Stag: 0
2026-03-09 16:01:55,068 [GeneticProgrammer] INFO Gen   6 | Best: 0.5277 | Avg: -0.2250 | Stag: 1
2026-03-09 16:01:57,627 [GeneticProgrammer] INFO Gen   7 | Best: 0.5277 | Avg: -0.1834 | Stag: 2
2026-03-09 16:02:00,180 [GeneticProgrammer] INFO Gen   8 | Best: 0.5828 | Avg: -0.0746 | Stag: 0
2026-03-09 16:02:02,757 [GeneticProgrammer] INFO Gen   9 | Best: 0.5855 | Avg: -0.1393 | Stag: 0
2026-03-09 16:02:05,362 [GeneticProgrammer] INFO Gen  10 | Best: 0.5955 | Avg: -0.0997 | Stag: 0
2026-03-09 16:02:07,964 [GeneticProgrammer] INFO Gen  11 | Best: 0.5955 | Avg: -0.1767 | Stag: 1
2026-03-09 16:02:10,545 [GeneticProgrammer] INFO Gen  12 | Best: 0.6187 | Avg: -0.0836 | Stag: 0
2026-03-09 16:02:13,140 [GeneticProgrammer] INFO Gen  13 | Best: 0.6231 | Avg: -0.0639 | Stag: 0
2026-03-09 16:02:15,684 [GeneticProgrammer] INFO Gen  14 | Best: 0.6231 | Avg: -0.0550 | Stag: 1
2026-03-09 16:02:18,317 [GeneticProgrammer] INFO Saved 50 active picks to E:\findtorontoevents_antigravity.ca\genome\data\gp_active_picks.json
2026-03-09 16:02:18,324 [GeneticProgrammer] INFO Evolution done. Top: GPM_Gen15_b8eb75 fitness=0.6242
