id,symbol,source_system,strategy,category,status,created_at,proposed_closed_at,hold_hours_used,pnl_pct,exit_reason,direction,would_apply
cta_commodity_momentum_term::ZC=F::2026-05-15_2327,ZC=F,cta_replicator,cta_commodity_momentum_term,commodity,LOST,2026-05-15 23:27:48,2026-05-17 23:27:48,48,-0.0396,SL_HIT_REPLAY,SHORT,YES
cta_cross_asset_tsmom::AUDUSD=X::2026-05-15_2327,AUDUSD=X,cta_replicator,cta_cross_asset_tsmom,forex,LOST,2026-05-15 23:27:48,2026-05-18 11:27:48,60,-0.002,SL_HIT_REPLAY,SHORT,YES
multi_asset_cftc_cot_commercial_signal::CT=F::2026-05-15_232,CT=F,multi_asset_copytrader,cftc_cot_commercial_signal,commodity,WON,2026-05-15 23:27:45,2026-05-17 23:27:45,48,0.0841,TP_HIT_REPLAY,SHORT,YES
multi_asset_cot_positioning::CT=F::2026-05-15_2327,CT=F,multi_asset_cot,cot_positioning,commodity,WON,2026-05-15 23:27:19,2026-05-17 23:27:19,48,0.0841,TP_HIT_REPLAY,SHORT,YES
multi_asset_futures_momentum::CT=F::2026-05-15_2327,CT=F,multi_asset_copytrader,futures_momentum,commodity,LOST,2026-05-15 23:27:18,2026-05-17 23:27:18,48,-0.03,SL_HIT_REPLAY,LONG,YES
multi_asset_futures_momentum::GC=F::2026-05-15_2327,GC=F,multi_asset_copytrader,futures_momentum,commodity,LOST,2026-05-15 23:27:18,2026-05-17 23:27:18,48,-0.0257,SL_HIT_REPLAY,SHORT,YES
multi_asset_futures_momentum::KC=F::2026-05-15_2327,KC=F,multi_asset_copytrader,futures_momentum,commodity,LOST,2026-05-15 23:27:18,2026-05-17 23:27:18,48,-0.03,SL_HIT_REPLAY,SHORT,YES
multi_asset_futures_momentum::PL=F::2026-05-15_2327,PL=F,multi_asset_copytrader,futures_momentum,commodity,LOST,2026-05-15 23:27:18,2026-05-17 23:27:18,48,-0.03,SL_HIT_REPLAY,SHORT,YES
multi_asset_futures_momentum::SI=F::2026-05-15_2327,SI=F,multi_asset_copytrader,futures_momentum,commodity,LOST,2026-05-15 23:27:18,2026-05-17 23:27:18,48,-0.03,SL_HIT_REPLAY,SHORT,YES
cta_commodity_momentum_term::ZC=F::2026-05-15_2229,ZC=F,cta_replicator,cta_commodity_momentum_term,commodity,LOST,2026-05-15 22:29:39,2026-05-17 22:29:39,48,-0.0396,SL_HIT_REPLAY,SHORT,YES
cta_cross_asset_tsmom::AUDUSD=X::2026-05-15_2229,AUDUSD=X,cta_replicator,cta_cross_asset_tsmom,forex,LOST,2026-05-15 22:29:39,2026-05-18 10:29:39,60,-0.002,SL_HIT_REPLAY,SHORT,YES
multi_asset_cftc_cot_commercial_signal::CT=F::2026-05-15_222,CT=F,multi_asset_copytrader,cftc_cot_commercial_signal,commodity,WON,2026-05-15 22:29:36,2026-05-17 22:29:36,48,0.0841,TP_HIT_REPLAY,SHORT,YES
multi_asset_cot_positioning::CT=F::2026-05-15_2229,CT=F,multi_asset_cot,cot_positioning,commodity,WON,2026-05-15 22:29:04,2026-05-17 22:29:04,48,0.0841,TP_HIT_REPLAY,SHORT,YES
multi_asset_futures_momentum::CT=F::2026-05-15_2229,CT=F,multi_asset_copytrader,futures_momentum,commodity,LOST,2026-05-15 22:29:04,2026-05-17 22:29:04,48,-0.03,SL_HIT_REPLAY,LONG,YES
multi_asset_futures_momentum::GC=F::2026-05-15_2229,GC=F,multi_asset_copytrader,futures_momentum,commodity,LOST,2026-05-15 22:29:04,2026-05-17 22:29:04,48,-0.0257,SL_HIT_REPLAY,SHORT,YES
multi_asset_futures_momentum::KC=F::2026-05-15_2229,KC=F,multi_asset_copytrader,futures_momentum,commodity,LOST,2026-05-15 22:29:04,2026-05-17 22:29:04,48,-0.03,SL_HIT_REPLAY,SHORT,YES
multi_asset_futures_momentum::PL=F::2026-05-15_2229,PL=F,multi_asset_copytrader,futures_momentum,commodity,LOST,2026-05-15 22:29:04,2026-05-17 22:29:04,48,-0.03,SL_HIT_REPLAY,SHORT,YES
multi_asset_futures_momentum::SI=F::2026-05-15_2229,SI=F,multi_asset_copytrader,futures_momentum,commodity,LOST,2026-05-15 22:29:04,2026-05-17 22:29:04,48,-0.03,SL_HIT_REPLAY,SHORT,YES
cta_commodity_momentum_term::ZC=F::2026-05-15_2130,ZC=F,cta_replicator,cta_commodity_momentum_term,commodity,LOST,2026-05-15 21:30:56,2026-05-17 21:30:56,48,-0.0396,SL_HIT_REPLAY,SHORT,YES
cta_cross_asset_tsmom::AUDUSD=X::2026-05-15_2130,AUDUSD=X,cta_replicator,cta_cross_asset_tsmom,forex,LOST,2026-05-15 21:30:56,2026-05-18 09:30:56,60,-0.002,SL_HIT_REPLAY,SHORT,YES
multi_asset_cftc_cot_commercial_signal::CT=F::2026-05-15_213,CT=F,multi_asset_copytrader,cftc_cot_commercial_signal,commodity,WON,2026-05-15 21:30:53,2026-05-17 21:30:53,48,0.0841,TP_HIT_REPLAY,SHORT,YES
multi_asset_cot_positioning::CT=F::2026-05-15_2130,CT=F,multi_asset_cot,cot_positioning,commodity,WON,2026-05-15 21:30:26,2026-05-17 21:30:26,48,0.0841,TP_HIT_REPLAY,SHORT,YES
multi_asset_futures_momentum::CT=F::2026-05-15_2130,CT=F,multi_asset_copytrader,futures_momentum,commodity,LOST,2026-05-15 21:30:26,2026-05-17 21:30:26,48,-0.03,SL_HIT_REPLAY,LONG,YES
multi_asset_futures_momentum::GC=F::2026-05-15_2130,GC=F,multi_asset_copytrader,futures_momentum,commodity,LOST,2026-05-15 21:30:26,2026-05-17 21:30:26,48,-0.0257,SL_HIT_REPLAY,SHORT,YES
multi_asset_futures_momentum::KC=F::2026-05-15_2130,KC=F,multi_asset_copytrader,futures_momentum,commodity,LOST,2026-05-15 21:30:26,2026-05-17 21:30:26,48,-0.03,SL_HIT_REPLAY,SHORT,YES
multi_asset_futures_momentum::PL=F::2026-05-15_2130,PL=F,multi_asset_copytrader,futures_momentum,commodity,LOST,2026-05-15 21:30:26,2026-05-17 21:30:26,48,-0.03,SL_HIT_REPLAY,SHORT,YES
multi_asset_futures_momentum::SI=F::2026-05-15_2130,SI=F,multi_asset_copytrader,futures_momentum,commodity,LOST,2026-05-15 21:30:26,2026-05-17 21:30:26,48,-0.03,SL_HIT_REPLAY,SHORT,YES
cta_commodity_momentum_term::ZC=F::2026-05-15_2005,ZC=F,cta_replicator,cta_commodity_momentum_term,commodity,LOST,2026-05-15 20:05:14,2026-05-17 20:05:14,48,-0.0396,SL_HIT_REPLAY,SHORT,YES
cta_cross_asset_tsmom::AUDUSD=X::2026-05-15_2005,AUDUSD=X,cta_replicator,cta_cross_asset_tsmom,forex,LOST,2026-05-15 20:05:14,2026-05-18 08:05:14,60,-0.002,SL_HIT_REPLAY,SHORT,YES
cta_cross_asset_tsmom::USDJPY=X::2026-05-15_2005,USDJPY=X,cta_replicator,cta_cross_asset_tsmom,forex,WON,2026-05-15 20:05:14,2026-05-18 08:05:14,60,0.003,TP_HIT_REPLAY,SHORT,YES
multi_asset_cftc_cot_commercial_signal::CT=F::2026-05-15_200,CT=F,multi_asset_copytrader,cftc_cot_commercial_signal,commodity,WON,2026-05-15 20:05:11,2026-05-17 20:05:11,48,0.0841,TP_HIT_REPLAY,SHORT,YES
multi_asset_cot_positioning::CT=F::2026-05-15_2004,CT=F,multi_asset_cot,cot_positioning,commodity,WON,2026-05-15 20:04:39,2026-05-17 20:04:39,48,0.0841,TP_HIT_REPLAY,SHORT,YES
multi_asset_futures_momentum::CT=F::2026-05-15_2004,CT=F,multi_asset_copytrader,futures_momentum,commodity,LOST,2026-05-15 20:04:39,2026-05-17 20:04:39,48,-0.03,SL_HIT_REPLAY,LONG,YES
multi_asset_futures_momentum::KC=F::2026-05-15_2004,KC=F,multi_asset_copytrader,futures_momentum,commodity,LOST,2026-05-15 20:04:39,2026-05-17 20:04:39,48,-0.03,SL_HIT_REPLAY,SHORT,YES
multi_asset_futures_momentum::SI=F::2026-05-15_2004,SI=F,multi_asset_copytrader,futures_momentum,commodity,LOST,2026-05-15 20:04:39,2026-05-17 20:04:39,48,-0.03,SL_HIT_REPLAY,SHORT,YES
cta_commodity_momentum_term::ZC=F::2026-05-15_1907,ZC=F,cta_replicator,cta_commodity_momentum_term,commodity,LOST,2026-05-15 19:07:37,2026-05-17 19:07:37,48,-0.0396,SL_HIT_REPLAY,SHORT,YES
cta_cross_asset_tsmom::AUDUSD=X::2026-05-15_1907,AUDUSD=X,cta_replicator,cta_cross_asset_tsmom,forex,LOST,2026-05-15 19:07:37,2026-05-18 07:07:37,60,-0.002,SL_HIT_REPLAY,SHORT,YES
multi_asset_cftc_cot_commercial_signal::CT=F::2026-05-15_190,CT=F,multi_asset_copytrader,cftc_cot_commercial_signal,commodity,WON,2026-05-15 19:07:33,2026-05-17 19:07:33,48,0.0841,TP_HIT_REPLAY,SHORT,YES
multi_asset_cot_positioning::CT=F::2026-05-15_1907,CT=F,multi_asset_cot,cot_positioning,commodity,WON,2026-05-15 19:07:05,2026-05-17 19:07:05,48,0.0841,TP_HIT_REPLAY,SHORT,YES
multi_asset_futures_momentum::CT=F::2026-05-15_1907,CT=F,multi_asset_copytrader,futures_momentum,commodity,LOST,2026-05-15 19:07:05,2026-05-17 19:07:05,48,-0.03,SL_HIT_REPLAY,LONG,YES
multi_asset_futures_momentum::KC=F::2026-05-15_1907,KC=F,multi_asset_copytrader,futures_momentum,commodity,LOST,2026-05-15 19:07:05,2026-05-17 19:07:05,48,-0.03,SL_HIT_REPLAY,SHORT,YES
multi_asset_futures_momentum::PL=F::2026-05-15_1907,PL=F,multi_asset_copytrader,futures_momentum,commodity,LOST,2026-05-15 19:07:05,2026-05-17 19:07:05,48,-0.03,SL_HIT_REPLAY,SHORT,YES
multi_asset_stocks_rsi2_pullback::RIOT::2026-05-15_1907,RIOT,multi_asset_copytrader,stocks_rsi2_pullback,equity,LOST,2026-05-15 19:07:05,2026-05-17 19:07:05,48,-0.03,SL_HIT_REPLAY,LONG,YES
cta_cross_asset_tsmom::AUDUSD=X::2026-05-15_1807,AUDUSD=X,cta_replicator,cta_cross_asset_tsmom,forex,LOST,2026-05-15 18:07:16,2026-05-18 06:07:16,60,-0.002,SL_HIT_REPLAY,SHORT,YES
multi_asset_futures_bb_mean_reversion::KC=F::2026-05-15_0320,KC=F,cta_replicator,futures_bb_mean_reversion,commodity,WON,2026-05-15 18:07:16,2026-05-17 18:07:16,48,0.0494,TP_HIT_REPLAY,SHORT,YES
multi_asset_cftc_cot_commercial_signal::CT=F::2026-05-15_180,CT=F,multi_asset_copytrader,cftc_cot_commercial_signal,commodity,WON,2026-05-15 18:07:13,2026-05-17 18:07:13,48,0.0841,TP_HIT_REPLAY,SHORT,YES
multi_asset_cftc_cot_commercial_signal::ZW=F::2026-05-15_180,ZW=F,multi_asset_copytrader,cftc_cot_commercial_signal,commodity,LOST,2026-05-15 18:07:13,2026-05-17 18:07:13,48,-0.0445,SL_HIT_REPLAY,SHORT,YES
multi_asset_cot_positioning::CT=F::2026-05-15_1806,CT=F,multi_asset_cot,cot_positioning,commodity,WON,2026-05-15 18:06:45,2026-05-17 18:06:45,48,0.0841,TP_HIT_REPLAY,SHORT,YES
multi_asset_cot_positioning::ZW=F::2026-05-15_1806,ZW=F,multi_asset_cot,cot_positioning,commodity,LOST,2026-05-15 18:06:45,2026-05-17 18:06:45,48,-0.0445,SL_HIT_REPLAY,SHORT,YES
multi_asset_futures_momentum::KC=F::2026-05-15_1806,KC=F,multi_asset_copytrader,futures_momentum,commodity,LOST,2026-05-15 18:06:45,2026-05-17 18:06:45,48,-0.03,SL_HIT_REPLAY,SHORT,YES
multi_asset_stocks_rsi2_pullback::RIOT::2026-05-15_1806,RIOT,multi_asset_copytrader,stocks_rsi2_pullback,equity,LOST,2026-05-15 18:06:45,2026-05-17 18:06:45,48,-0.03,SL_HIT_REPLAY,LONG,YES
multi_asset_cftc_cot_commercial_signal::CT=F::2026-05-15_170,CT=F,multi_asset_copytrader,cftc_cot_commercial_signal,commodity,WON,2026-05-15 17:08:56,2026-05-17 17:08:56,48,0.0841,TP_HIT_REPLAY,SHORT,YES
multi_asset_cftc_cot_commercial_signal::ZW=F::2026-05-15_170,ZW=F,multi_asset_copytrader,cftc_cot_commercial_signal,commodity,LOST,2026-05-15 17:08:56,2026-05-17 17:08:56,48,-0.0446,SL_HIT_REPLAY,SHORT,YES
multi_asset_cot_positioning::CT=F::2026-05-15_1708,CT=F,multi_asset_cot,cot_positioning,commodity,WON,2026-05-15 17:08:27,2026-05-17 17:08:27,48,0.0841,TP_HIT_REPLAY,SHORT,YES
multi_asset_cot_positioning::ZW=F::2026-05-15_1708,ZW=F,multi_asset_cot,cot_positioning,commodity,LOST,2026-05-15 17:08:27,2026-05-17 17:08:27,48,-0.0446,SL_HIT_REPLAY,SHORT,YES
multi_asset_futures_momentum::CT=F::2026-05-15_1708,CT=F,multi_asset_copytrader,futures_momentum,commodity,LOST,2026-05-15 17:08:27,2026-05-17 17:08:27,48,-0.03,SL_HIT_REPLAY,LONG,YES
multi_asset_futures_momentum::KC=F::2026-05-15_1708,KC=F,multi_asset_copytrader,futures_momentum,commodity,LOST,2026-05-15 17:08:27,2026-05-17 17:08:27,48,-0.03,SL_HIT_REPLAY,SHORT,YES
multi_asset_futures_momentum::SI=F::2026-05-15_1708,SI=F,multi_asset_copytrader,futures_momentum,commodity,LOST,2026-05-15 17:08:27,2026-05-17 17:08:27,48,-0.03,SL_HIT_REPLAY,SHORT,YES
cta_cross_asset_tsmom::AUDUSD=X::2026-05-15_1617,AUDUSD=X,cta_replicator,cta_cross_asset_tsmom,forex,LOST,2026-05-15 16:17:25,2026-05-18 04:17:25,60,-0.002,SL_HIT_REPLAY,SHORT,YES
multi_asset_cftc_cot_commercial_signal::CT=F::2026-05-15_161,CT=F,multi_asset_copytrader,cftc_cot_commercial_signal,commodity,WON,2026-05-15 16:17:22,2026-05-17 16:17:22,48,0.0841,TP_HIT_REPLAY,SHORT,YES
multi_asset_cftc_cot_commercial_signal::ZW=F::2026-05-15_161,ZW=F,multi_asset_copytrader,cftc_cot_commercial_signal,commodity,LOST,2026-05-15 16:17:22,2026-05-17 16:17:22,48,-0.0446,SL_HIT_REPLAY,SHORT,YES
multi_asset_cot_positioning::CT=F::2026-05-15_1616,CT=F,multi_asset_cot,cot_positioning,commodity,WON,2026-05-15 16:16:56,2026-05-17 16:16:56,48,0.0841,TP_HIT_REPLAY,SHORT,YES
multi_asset_cot_positioning::ZW=F::2026-05-15_1616,ZW=F,multi_asset_cot,cot_positioning,commodity,LOST,2026-05-15 16:16:56,2026-05-17 16:16:56,48,-0.0446,SL_HIT_REPLAY,SHORT,YES
multi_asset_futures_momentum::GC=F::2026-05-15_1616,GC=F,multi_asset_copytrader,futures_momentum,commodity,LOST,2026-05-15 16:16:56,2026-05-17 16:16:56,48,-0.0258,SL_HIT_REPLAY,SHORT,YES
multi_asset_futures_momentum::KC=F::2026-05-15_1616,KC=F,multi_asset_copytrader,futures_momentum,commodity,LOST,2026-05-15 16:16:56,2026-05-17 16:16:56,48,-0.03,SL_HIT_REPLAY,SHORT,YES
multi_asset_futures_momentum::PL=F::2026-05-15_1616,PL=F,multi_asset_copytrader,futures_momentum,commodity,LOST,2026-05-15 16:16:56,2026-05-17 16:16:56,48,-0.03,SL_HIT_REPLAY,SHORT,YES
multi_asset_futures_momentum::SI=F::2026-05-15_1616,SI=F,multi_asset_copytrader,futures_momentum,commodity,LOST,2026-05-15 16:16:56,2026-05-17 16:16:56,48,-0.03,SL_HIT_REPLAY,SHORT,YES
fx_smart_4f64ca7119ed,NZDUSD=X,alpha_engine,fx_smart_carry_trade_momentum,forex,LOST,2026-05-15 14:48:38,2026-05-18 02:48:38,60,-0.005,SL_HIT_REPLAY,LONG,YES
fx_smart_8528271ad4ba,GBPJPY=X,alpha_engine,fx_smart_carry_trade_momentum,forex,LOST,2026-05-15 14:48:38,2026-05-18 02:48:38,60,-0.005,SL_HIT_REPLAY,LONG,YES
fx_smart_90c0aa1f2197,EURUSD=X,alpha_engine,fx_smart_forex_rsi2_mean_reversion,forex,LOST,2026-05-15 14:48:38,2026-05-18 02:48:38,60,-0.005,SL_HIT_REPLAY,LONG,YES
fx_smart_a6a6ed5ac278,GBPUSD=X,alpha_engine,fx_smart_forex_rsi2_mean_reversion,forex,LOST,2026-05-15 14:48:38,2026-05-18 02:48:38,60,-0.005,SL_HIT_REPLAY,LONG,YES
fx_smart_f0028913c3be,NZDUSD=X,alpha_engine,fx_smart_forex_rsi2_mean_reversion,forex,LOST,2026-05-15 14:48:38,2026-05-18 02:48:38,60,-0.005,SL_HIT_REPLAY,LONG,YES
cta_cross_asset_tsmom::AUDUSD=X::2026-05-15_1430,AUDUSD=X,cta_replicator,cta_cross_asset_tsmom,forex,LOST,2026-05-15 14:30:38,2026-05-18 02:30:38,60,-0.002,SL_HIT_REPLAY,SHORT,YES
multi_asset_cftc_cot_commercial_signal::CT=F::2026-05-15_143,CT=F,multi_asset_copytrader,cftc_cot_commercial_signal,commodity,LOST,2026-05-15 14:30:30,2026-05-17 14:30:30,48,-0.0471,SL_HIT_REPLAY,SHORT,YES
multi_asset_cot_positioning::CT=F::2026-05-15_1430,CT=F,multi_asset_cot,cot_positioning,commodity,LOST,2026-05-15 14:30:01,2026-05-17 14:30:01,48,-0.0471,SL_HIT_REPLAY,SHORT,YES
multi_asset_futures_momentum::KC=F::2026-05-15_1430,KC=F,multi_asset_copytrader,futures_momentum,commodity,LOST,2026-05-15 14:30:01,2026-05-17 14:30:01,48,-0.03,SL_HIT_REPLAY,SHORT,YES
multi_asset_futures_momentum::PL=F::2026-05-15_1430,PL=F,multi_asset_copytrader,futures_momentum,commodity,LOST,2026-05-15 14:30:01,2026-05-17 14:30:01,48,-0.03,SL_HIT_REPLAY,SHORT,YES
multi_asset_cftc_cot_commercial_signal::CT=F::2026-05-15_032,CT=F,multi_asset_copytrader,cftc_cot_commercial_signal,commodity,LOST,2026-05-15 03:20:56,2026-05-17 03:20:56,48,-0.0402,SL_HIT_REPLAY,SHORT,YES
multi_asset_cot_positioning::CT=F::2026-05-15_0320,CT=F,multi_asset_cot,cot_positioning,commodity,LOST,2026-05-15 03:20:29,2026-05-17 03:20:29,48,-0.0402,SL_HIT_REPLAY,SHORT,YES
multi_asset_futures_momentum::CT=F::2026-05-15_0320,CT=F,multi_asset_copytrader,futures_momentum,commodity,LOST,2026-05-15 03:20:29,2026-05-17 03:20:29,48,-0.03,SL_HIT_REPLAY,LONG,YES
multi_asset_forex_carry_momentum::AUDJPY=X::2026-05-15_0320,AUDJPY=X,multi_asset_copytrader,forex_carry_momentum,forex,LOST,2026-05-15 03:20:27,2026-05-17 15:20:27,60,-0.005,SL_HIT_REPLAY,LONG,YES
multi_asset_forex_carry_momentum::NZDUSD=X::2026-05-15_0320,NZDUSD=X,multi_asset_copytrader,forex_carry_momentum,forex,LOST,2026-05-15 03:20:27,2026-05-17 15:20:27,60,-0.005,SL_HIT_REPLAY,LONG,YES
cta_cross_asset_tsmom::USDJPY=X::2026-05-14_2328,USDJPY=X,cta_replicator,cta_cross_asset_tsmom,forex,WON,2026-05-14 23:28:00,2026-05-17 11:28:00,60,0.003,TP_HIT_REPLAY,SHORT,YES
multi_asset_myfxbook_retail_contrarian::EURGBP=X::2026-05-14,EURGBP=X,multi_asset_copytrader,myfxbook_retail_contrarian,forex,WON,2026-05-14 23:27:57,2026-05-17 11:27:57,60,0.0037,TP_HIT_REPLAY,SHORT,YES
multi_asset_cftc_cot_commercial_signal::CT=F::2026-05-14_232,CT=F,multi_asset_copytrader,cftc_cot_commercial_signal,commodity,LOST,2026-05-14 23:27:56,2026-05-16 23:27:56,48,-0.0402,SL_HIT_REPLAY,SHORT,YES
multi_asset_cftc_cot_commercial_signal::ZS=F::2026-05-14_232,ZS=F,multi_asset_copytrader,cftc_cot_commercial_signal,commodity,LOST,2026-05-14 23:27:56,2026-05-16 23:27:56,48,-0.0221,SL_HIT_REPLAY,SHORT,YES
multi_asset_ig_contrarian_sentiment::CADJPY=X::2026-05-14_23,CADJPY=X,multi_asset_copytrader,ig_contrarian_sentiment,forex,LOST,2026-05-14 23:27:41,2026-05-17 11:27:41,60,-0.005,SL_HIT_REPLAY,LONG,YES
multi_asset_ig_contrarian_sentiment::EURGBP=X::2026-05-14_23,EURGBP=X,multi_asset_copytrader,ig_contrarian_sentiment,forex,WON,2026-05-14 23:27:41,2026-05-17 11:27:41,60,0.0031,TP_HIT_REPLAY,SHORT,YES
multi_asset_ig_contrarian_sentiment::GBPUSD=X::2026-05-14_23,GBPUSD=X,multi_asset_copytrader,ig_contrarian_sentiment,forex,WON,2026-05-14 23:27:41,2026-05-17 11:27:41,60,0.0073,TP_HIT_REPLAY,LONG,YES
multi_asset_cot_positioning::CT=F::2026-05-14_2327,CT=F,multi_asset_cot,cot_positioning,commodity,LOST,2026-05-14 23:27:29,2026-05-16 23:27:29,48,-0.0402,SL_HIT_REPLAY,SHORT,YES
multi_asset_cot_positioning::ZW=F::2026-05-14_2327,ZW=F,multi_asset_cot,cot_positioning,commodity,LOST,2026-05-14 23:27:29,2026-05-16 23:27:29,48,-0.0434,SL_HIT_REPLAY,SHORT,YES
multi_asset_forex_rsi2_mean_reversion::GBPUSD=X::2026-05-14_,GBPUSD=X,multi_asset_copytrader,forex_rsi2_mean_reversion,forex,WON,2026-05-14 23:27:27,2026-05-17 11:27:27,60,0.008,TP_HIT_REPLAY,LONG,YES
cc_ZS=F_S_202605142300,ZS=F,combined_confidence_strategy,combined_confidence,commodity,LOST,2026-05-14 23:00:10,2026-05-16 23:00:10,48,-0.0273,SL_HIT_REPLAY,SHORT,YES
multi_asset_cftc_cot_commercial_signal::CT=F::2026-05-14_223,CT=F,multi_asset_copytrader,cftc_cot_commercial_signal,commodity,LOST,2026-05-14 22:33:01,2026-05-16 22:33:01,48,-0.0402,SL_HIT_REPLAY,SHORT,YES
multi_asset_cftc_cot_commercial_signal::ZS=F::2026-05-14_223,ZS=F,multi_asset_copytrader,cftc_cot_commercial_signal,commodity,LOST,2026-05-14 22:33:01,2026-05-16 22:33:01,48,-0.0221,SL_HIT_REPLAY,SHORT,YES
multi_asset_cot_positioning::CT=F::2026-05-14_2232,CT=F,multi_asset_cot,cot_positioning,commodity,LOST,2026-05-14 22:32:26,2026-05-16 22:32:26,48,-0.0402,SL_HIT_REPLAY,SHORT,YES
multi_asset_cot_positioning::ZW=F::2026-05-14_2232,ZW=F,multi_asset_cot,cot_positioning,commodity,LOST,2026-05-14 22:32:26,2026-05-16 22:32:26,48,-0.0434,SL_HIT_REPLAY,SHORT,YES
cc_EURGBP=X_S_202605142202,EURGBP=X,combined_confidence_strategy,combined_confidence,forex,WON,2026-05-14 22:02:37,2026-05-17 10:02:37,60,0.0039,TP_HIT_REPLAY,SHORT,YES
multi_asset_cftc_cot_commercial_signal::CT=F::2026-05-14_213,CT=F,multi_asset_copytrader,cftc_cot_commercial_signal,commodity,LOST,2026-05-14 21:37:25,2026-05-16 21:37:25,48,-0.0402,SL_HIT_REPLAY,SHORT,YES
multi_asset_cftc_cot_commercial_signal::ZS=F::2026-05-14_213,ZS=F,multi_asset_copytrader,cftc_cot_commercial_signal,commodity,LOST,2026-05-14 21:37:25,2026-05-16 21:37:25,48,-0.0221,SL_HIT_REPLAY,SHORT,YES
multi_asset_forex_rsi2_mean_reversion::EURGBP=X::2026-05-14_,EURGBP=X,multi_asset_copytrader,forex_rsi2_mean_reversion,forex,WON,2026-05-14 21:36:53,2026-05-17 09:36:53,60,0.0039,TP_HIT_REPLAY,SHORT,YES
cc_ZS=F_S_202605142105,ZS=F,combined_confidence_strategy,combined_confidence,commodity,LOST,2026-05-14 21:05:05,2026-05-16 21:05:05,48,-0.0273,SL_HIT_REPLAY,SHORT,YES
multi_asset_cftc_cot_commercial_signal::CT=F::2026-05-14_201,CT=F,multi_asset_copytrader,cftc_cot_commercial_signal,commodity,LOST,2026-05-14 20:11:25,2026-05-16 20:11:25,48,-0.0402,SL_HIT_REPLAY,SHORT,YES
multi_asset_cftc_cot_commercial_signal::ZS=F::2026-05-14_201,ZS=F,multi_asset_copytrader,cftc_cot_commercial_signal,commodity,LOST,2026-05-14 20:11:25,2026-05-16 20:11:25,48,-0.0221,SL_HIT_REPLAY,SHORT,YES
multi_asset_ig_contrarian_sentiment::EURGBP=X::2026-05-14_20,EURGBP=X,multi_asset_copytrader,ig_contrarian_sentiment,forex,WON,2026-05-14 20:11:09,2026-05-17 08:11:09,60,0.0032,TP_HIT_REPLAY,SHORT,YES
multi_asset_forex_rsi2_mean_reversion::EURGBP=X::2026-05-14_,EURGBP=X,multi_asset_copytrader,forex_rsi2_mean_reversion,forex,WON,2026-05-14 20:10:55,2026-05-17 08:10:55,60,0.0039,TP_HIT_REPLAY,SHORT,YES
multi_asset_forex_rsi2_mean_reversion::GBPUSD=X::2026-05-14_,GBPUSD=X,multi_asset_copytrader,forex_rsi2_mean_reversion,forex,WON,2026-05-14 20:10:55,2026-05-17 08:10:55,60,0.008,TP_HIT_REPLAY,LONG,YES
cc_ZS=F_S_202605142007,ZS=F,combined_confidence_strategy,combined_confidence,commodity,LOST,2026-05-14 20:07:26,2026-05-16 20:07:26,48,-0.0273,SL_HIT_REPLAY,SHORT,YES
cta_cross_asset_tsmom::NG=F::2026-05-14_1913,NG=F,cta_replicator,cta_cross_asset_tsmom,commodity,LOST,2026-05-14 19:13:42,2026-05-16 19:13:42,48,-0.03,SL_HIT_REPLAY,LONG,YES
cta_cross_asset_tsmom::USDJPY=X::2026-05-14_1913,USDJPY=X,cta_replicator,cta_cross_asset_tsmom,forex,WON,2026-05-14 19:13:42,2026-05-17 07:13:42,60,0.003,TP_HIT_REPLAY,SHORT,YES
multi_asset_cftc_cot_commercial_signal::CT=F::2026-05-14_191,CT=F,multi_asset_copytrader,cftc_cot_commercial_signal,commodity,LOST,2026-05-14 19:13:39,2026-05-16 19:13:39,48,-0.0402,SL_HIT_REPLAY,SHORT,YES
multi_asset_cftc_cot_commercial_signal::ZS=F::2026-05-14_191,ZS=F,multi_asset_copytrader,cftc_cot_commercial_signal,commodity,LOST,2026-05-14 19:13:39,2026-05-16 19:13:39,48,-0.0221,SL_HIT_REPLAY,SHORT,YES
multi_asset_ig_contrarian_sentiment::AUDUSD=X::2026-05-14_19,AUDUSD=X,multi_asset_copytrader,ig_contrarian_sentiment,forex,LOST,2026-05-14 19:13:17,2026-05-17 07:13:17,60,-0.005,SL_HIT_REPLAY,SHORT,YES
multi_asset_ig_contrarian_sentiment::CADJPY=X::2026-05-14_19,CADJPY=X,multi_asset_copytrader,ig_contrarian_sentiment,forex,LOST,2026-05-14 19:13:17,2026-05-17 07:13:17,60,-0.005,SL_HIT_REPLAY,LONG,YES
multi_asset_ig_contrarian_sentiment::EURGBP=X::2026-05-14_19,EURGBP=X,multi_asset_copytrader,ig_contrarian_sentiment,forex,WON,2026-05-14 19:13:17,2026-05-17 07:13:17,60,0.0032,TP_HIT_REPLAY,SHORT,YES
multi_asset_cot_positioning::CT=F::2026-05-14_1912,CT=F,multi_asset_cot,cot_positioning,commodity,LOST,2026-05-14 19:12:53,2026-05-16 19:12:53,48,-0.0402,SL_HIT_REPLAY,SHORT,YES
multi_asset_cot_positioning::ZW=F::2026-05-14_1912,ZW=F,multi_asset_cot,cot_positioning,commodity,LOST,2026-05-14 19:12:53,2026-05-16 19:12:53,48,-0.0434,SL_HIT_REPLAY,SHORT,YES
multi_asset_forex_carry_momentum::AUDJPY=X::2026-05-14_1912,AUDJPY=X,multi_asset_copytrader,forex_carry_momentum,forex,LOST,2026-05-14 19:12:51,2026-05-17 07:12:51,60,-0.005,SL_HIT_REPLAY,LONG,YES
multi_asset_forex_rsi2_mean_reversion::EURGBP=X::2026-05-14_,EURGBP=X,multi_asset_copytrader,forex_rsi2_mean_reversion,forex,WON,2026-05-14 19:12:51,2026-05-17 07:12:51,60,0.0039,TP_HIT_REPLAY,SHORT,YES
cc_ZS=F_S_202605141912,ZS=F,combined_confidence_strategy,combined_confidence,commodity,LOST,2026-05-14 19:12:19,2026-05-16 19:12:19,48,-0.0275,SL_HIT_REPLAY,SHORT,YES
cta_cross_asset_tsmom::USDJPY=X::2026-05-14_1814,USDJPY=X,cta_replicator,cta_cross_asset_tsmom,forex,WON,2026-05-14 18:14:03,2026-05-17 06:14:03,60,0.003,TP_HIT_REPLAY,SHORT,YES
multi_asset_myfxbook_retail_contrarian::GBPJPY=X::2026-05-14,GBPJPY=X,multi_asset_copytrader,myfxbook_retail_contrarian,forex,WON,2026-05-14 18:14:02,2026-05-17 06:14:02,60,0.008,TP_HIT_REPLAY,LONG,YES
multi_asset_cftc_cot_commercial_signal::CT=F::2026-05-14_181,CT=F,multi_asset_copytrader,cftc_cot_commercial_signal,commodity,LOST,2026-05-14 18:14:01,2026-05-16 18:14:01,48,-0.0402,SL_HIT_REPLAY,SHORT,YES
multi_asset_cftc_cot_commercial_signal::ZS=F::2026-05-14_181,ZS=F,multi_asset_copytrader,cftc_cot_commercial_signal,commodity,LOST,2026-05-14 18:14:01,2026-05-16 18:14:01,48,-0.0222,SL_HIT_REPLAY,SHORT,YES
multi_asset_ig_contrarian_sentiment::CADJPY=X::2026-05-14_18,CADJPY=X,multi_asset_copytrader,ig_contrarian_sentiment,forex,LOST,2026-05-14 18:13:36,2026-05-17 06:13:36,60,-0.005,SL_HIT_REPLAY,LONG,YES
multi_asset_ig_contrarian_sentiment::EURGBP=X::2026-05-14_18,EURGBP=X,multi_asset_copytrader,ig_contrarian_sentiment,forex,WON,2026-05-14 18:13:36,2026-05-17 06:13:36,60,0.0032,TP_HIT_REPLAY,SHORT,YES
multi_asset_ig_contrarian_sentiment::GBPJPY=X::2026-05-14_18,GBPJPY=X,multi_asset_copytrader,ig_contrarian_sentiment,forex,WON,2026-05-14 18:13:36,2026-05-17 06:13:36,60,0.008,TP_HIT_REPLAY,LONG,YES
multi_asset_cot_positioning::CT=F::2026-05-14_1813,CT=F,multi_asset_cot,cot_positioning,commodity,LOST,2026-05-14 18:13:17,2026-05-16 18:13:17,48,-0.0402,SL_HIT_REPLAY,SHORT,YES
multi_asset_cot_positioning::ZW=F::2026-05-14_1813,ZW=F,multi_asset_cot,cot_positioning,commodity,LOST,2026-05-14 18:13:17,2026-05-16 18:13:17,48,-0.0434,SL_HIT_REPLAY,SHORT,YES
multi_asset_forex_rsi2_mean_reversion::EURGBP=X::2026-05-14_,EURGBP=X,multi_asset_copytrader,forex_rsi2_mean_reversion,forex,WON,2026-05-14 18:13:15,2026-05-17 06:13:15,60,0.0038,TP_HIT_REPLAY,SHORT,YES
multi_asset_forex_rsi2_mean_reversion::GBPJPY=X::2026-05-14_,GBPJPY=X,multi_asset_copytrader,forex_rsi2_mean_reversion,forex,WON,2026-05-14 18:13:15,2026-05-17 06:13:15,60,0.008,TP_HIT_REPLAY,LONG,YES
multi_asset_forex_rsi2_mean_reversion::GBPUSD=X::2026-05-14_,GBPUSD=X,multi_asset_copytrader,forex_rsi2_mean_reversion,forex,WON,2026-05-14 18:13:15,2026-05-17 06:13:15,60,0.008,TP_HIT_REPLAY,LONG,YES
cta_commodity_momentum_term::ZC=F::2026-05-14_1715,ZC=F,cta_replicator,cta_commodity_momentum_term,commodity,LOST,2026-05-14 17:15:46,2026-05-16 17:15:46,48,-0.0351,SL_HIT_REPLAY,SHORT,YES
cta_commodity_momentum_term::ZS=F::2026-05-14_1715,ZS=F,cta_replicator,cta_commodity_momentum_term,commodity,LOST,2026-05-14 17:15:46,2026-05-16 17:15:46,48,-0.0297,SL_HIT_REPLAY,SHORT,YES
cta_cross_asset_tsmom::NG=F::2026-05-14_1715,NG=F,cta_replicator,cta_cross_asset_tsmom,commodity,LOST,2026-05-14 17:15:46,2026-05-16 17:15:46,48,-0.03,SL_HIT_REPLAY,LONG,YES
cta_cross_asset_tsmom::USDJPY=X::2026-05-14_1715,USDJPY=X,cta_replicator,cta_cross_asset_tsmom,forex,WON,2026-05-14 17:15:46,2026-05-17 05:15:46,60,0.003,TP_HIT_REPLAY,SHORT,YES
multi_asset_cftc_cot_commercial_signal::CT=F::2026-05-14_171,CT=F,multi_asset_copytrader,cftc_cot_commercial_signal,commodity,LOST,2026-05-14 17:15:42,2026-05-16 17:15:42,48,-0.0402,SL_HIT_REPLAY,SHORT,YES
multi_asset_cftc_cot_commercial_signal::ZS=F::2026-05-14_171,ZS=F,multi_asset_copytrader,cftc_cot_commercial_signal,commodity,LOST,2026-05-14 17:15:42,2026-05-16 17:15:42,48,-0.0223,SL_HIT_REPLAY,SHORT,YES
multi_asset_ig_contrarian_sentiment::AUDUSD=X::2026-05-14_17,AUDUSD=X,multi_asset_copytrader,ig_contrarian_sentiment,forex,LOST,2026-05-14 17:15:20,2026-05-17 05:15:20,60,-0.005,SL_HIT_REPLAY,SHORT,YES
multi_asset_ig_contrarian_sentiment::CADJPY=X::2026-05-14_17,CADJPY=X,multi_asset_copytrader,ig_contrarian_sentiment,forex,LOST,2026-05-14 17:15:20,2026-05-17 05:15:20,60,-0.005,SL_HIT_REPLAY,LONG,YES
multi_asset_cot_positioning::CT=F::2026-05-14_1714,CT=F,multi_asset_cot,cot_positioning,commodity,LOST,2026-05-14 17:14:56,2026-05-16 17:14:56,48,-0.0402,SL_HIT_REPLAY,SHORT,YES
multi_asset_cot_positioning::ZW=F::2026-05-14_1714,ZW=F,multi_asset_cot,cot_positioning,commodity,LOST,2026-05-14 17:14:56,2026-05-16 17:14:56,48,-0.0436,SL_HIT_REPLAY,SHORT,YES
multi_asset_forex_rsi2_mean_reversion::EURGBP=X::2026-05-14_,EURGBP=X,multi_asset_copytrader,forex_rsi2_mean_reversion,forex,WON,2026-05-14 17:14:54,2026-05-17 05:14:54,60,0.0036,TP_HIT_REPLAY,SHORT,YES
cta_commodity_momentum_term::ZC=F::2026-05-14_1619,ZC=F,cta_replicator,cta_commodity_momentum_term,commodity,LOST,2026-05-14 16:19:43,2026-05-16 16:19:43,48,-0.0349,SL_HIT_REPLAY,SHORT,YES
cta_commodity_momentum_term::ZS=F::2026-05-14_1619,ZS=F,cta_replicator,cta_commodity_momentum_term,commodity,LOST,2026-05-14 16:19:43,2026-05-16 16:19:43,48,-0.0297,SL_HIT_REPLAY,SHORT,YES
cta_cross_asset_tsmom::NG=F::2026-05-14_1619,NG=F,cta_replicator,cta_cross_asset_tsmom,commodity,LOST,2026-05-14 16:19:43,2026-05-16 16:19:43,48,-0.03,SL_HIT_REPLAY,LONG,YES
cta_cross_asset_tsmom::USDJPY=X::2026-05-14_1619,USDJPY=X,cta_replicator,cta_cross_asset_tsmom,forex,WON,2026-05-14 16:19:43,2026-05-17 04:19:43,60,0.003,TP_HIT_REPLAY,SHORT,YES
multi_asset_cftc_cot_commercial_signal::CT=F::2026-05-14_161,CT=F,multi_asset_copytrader,cftc_cot_commercial_signal,commodity,LOST,2026-05-14 16:19:40,2026-05-16 16:19:40,48,-0.0402,SL_HIT_REPLAY,SHORT,YES
multi_asset_cftc_cot_commercial_signal::ZS=F::2026-05-14_161,ZS=F,multi_asset_copytrader,cftc_cot_commercial_signal,commodity,LOST,2026-05-14 16:19:40,2026-05-16 16:19:40,48,-0.0223,SL_HIT_REPLAY,SHORT,YES
multi_asset_ig_contrarian_sentiment::AUDUSD=X::2026-05-14_16,AUDUSD=X,multi_asset_copytrader,ig_contrarian_sentiment,forex,LOST,2026-05-14 16:19:21,2026-05-17 04:19:21,60,-0.005,SL_HIT_REPLAY,SHORT,YES
multi_asset_ig_contrarian_sentiment::USDJPY=X::2026-05-14_16,USDJPY=X,multi_asset_copytrader,ig_contrarian_sentiment,forex,LOST,2026-05-14 16:19:21,2026-05-17 04:19:21,60,-0.005,SL_HIT_REPLAY,LONG,YES
multi_asset_cot_positioning::CT=F::2026-05-14_1619,CT=F,multi_asset_cot,cot_positioning,commodity,LOST,2026-05-14 16:19:03,2026-05-16 16:19:03,48,-0.0402,SL_HIT_REPLAY,SHORT,YES
multi_asset_cot_positioning::ZW=F::2026-05-14_1619,ZW=F,multi_asset_cot,cot_positioning,commodity,LOST,2026-05-14 16:19:03,2026-05-16 16:19:03,48,-0.0437,SL_HIT_REPLAY,SHORT,YES
multi_asset_futures_momentum::ZW=F::2026-05-14_1619,ZW=F,multi_asset_copytrader,futures_momentum,commodity,WON,2026-05-14 16:19:02,2026-05-16 16:19:02,48,0.05,TP_HIT_REPLAY,LONG,YES
cta_commodity_momentum_term::ZC=F::2026-05-14_1521,ZC=F,cta_replicator,cta_commodity_momentum_term,commodity,LOST,2026-05-14 15:21:27,2026-05-16 15:21:27,48,-0.0345,SL_HIT_REPLAY,SHORT,YES
cta_commodity_momentum_term::ZS=F::2026-05-14_1521,ZS=F,cta_replicator,cta_commodity_momentum_term,commodity,LOST,2026-05-14 15:21:27,2026-05-16 15:21:27,48,-0.0283,SL_HIT_REPLAY,SHORT,YES
cta_cross_asset_tsmom::USDJPY=X::2026-05-14_1521,USDJPY=X,cta_replicator,cta_cross_asset_tsmom,forex,WON,2026-05-14 15:21:27,2026-05-17 03:21:27,60,0.003,TP_HIT_REPLAY,SHORT,YES
multi_asset_cftc_cot_commercial_signal::CT=F::2026-05-14_152,CT=F,multi_asset_copytrader,cftc_cot_commercial_signal,commodity,LOST,2026-05-14 15:21:22,2026-05-16 15:21:22,48,-0.04,SL_HIT_REPLAY,SHORT,YES
multi_asset_cftc_cot_commercial_signal::ZS=F::2026-05-14_152,ZS=F,multi_asset_copytrader,cftc_cot_commercial_signal,commodity,LOST,2026-05-14 15:21:22,2026-05-16 15:21:22,48,-0.0212,SL_HIT_REPLAY,SHORT,YES
multi_asset_ig_contrarian_sentiment::AUDUSD=X::2026-05-14_15,AUDUSD=X,multi_asset_copytrader,ig_contrarian_sentiment,forex,LOST,2026-05-14 15:21:06,2026-05-17 03:21:06,60,-0.005,SL_HIT_REPLAY,SHORT,YES
multi_asset_cot_positioning::CT=F::2026-05-14_1520,CT=F,multi_asset_cot,cot_positioning,commodity,LOST,2026-05-14 15:20:55,2026-05-16 15:20:55,48,-0.04,SL_HIT_REPLAY,SHORT,YES
multi_asset_cot_positioning::ZW=F::2026-05-14_1520,ZW=F,multi_asset_cot,cot_positioning,commodity,LOST,2026-05-14 15:20:55,2026-05-16 15:20:55,48,-0.0437,SL_HIT_REPLAY,SHORT,YES
multi_asset_futures_momentum::ZW=F::2026-05-14_1520,ZW=F,multi_asset_copytrader,futures_momentum,commodity,WON,2026-05-14 15:20:55,2026-05-16 15:20:55,48,0.05,TP_HIT_REPLAY,LONG,YES
fx_smart_476d30351686,EURJPY=X,alpha_engine,fx_smart_carry_trade_momentum,forex,LOST,2026-05-14 14:50:47,2026-05-17 02:50:47,60,-0.005,SL_HIT_REPLAY,LONG,YES
fx_smart_5585158389b5,NZDUSD=X,alpha_engine,fx_smart_carry_trade_momentum,forex,LOST,2026-05-14 14:50:47,2026-05-17 02:50:47,60,-0.005,SL_HIT_REPLAY,LONG,YES
fx_smart_a84d232731aa,AUDUSD=X,alpha_engine,fx_smart_carry_trade_momentum,forex,LOST,2026-05-14 14:50:47,2026-05-17 02:50:47,60,-0.005,SL_HIT_REPLAY,LONG,YES
fx_smart_abfe5a1e1e74,GBPJPY=X,alpha_engine,fx_smart_carry_trade_momentum,forex,LOST,2026-05-14 14:50:47,2026-05-17 02:50:47,60,-0.005,SL_HIT_REPLAY,LONG,YES
fx_smart_b63de0717dd8,AUDJPY=X,alpha_engine,fx_smart_carry_trade_momentum,forex,LOST,2026-05-14 14:50:47,2026-05-17 02:50:47,60,-0.005,SL_HIT_REPLAY,LONG,YES
cta_cross_asset_tsmom::USDJPY=X::2026-05-14_1422,USDJPY=X,cta_replicator,cta_cross_asset_tsmom,forex,LOST,2026-05-14 14:22:07,2026-05-17 02:22:07,60,-0.002,SL_HIT_REPLAY,SHORT,YES
multi_asset_cftc_cot_commercial_signal::CT=F::2026-05-14_142,CT=F,multi_asset_copytrader,cftc_cot_commercial_signal,commodity,LOST,2026-05-14 14:22:03,2026-05-16 14:22:03,48,-0.04,SL_HIT_REPLAY,SHORT,YES
multi_asset_cftc_cot_commercial_signal::ZS=F::2026-05-14_142,ZS=F,multi_asset_copytrader,cftc_cot_commercial_signal,commodity,LOST,2026-05-14 14:22:03,2026-05-16 14:22:03,48,-0.021,SL_HIT_REPLAY,SHORT,YES
multi_asset_cot_positioning::CT=F::2026-05-14_1421,CT=F,multi_asset_cot,cot_positioning,commodity,LOST,2026-05-14 14:21:35,2026-05-16 14:21:35,48,-0.04,SL_HIT_REPLAY,SHORT,YES
multi_asset_cot_positioning::ZW=F::2026-05-14_1421,ZW=F,multi_asset_cot,cot_positioning,commodity,LOST,2026-05-14 14:21:35,2026-05-16 14:21:35,48,-0.0422,SL_HIT_REPLAY,SHORT,YES
cc_NG=F_L_202605141321,NG=F,combined_confidence_strategy,combined_confidence,commodity,LOST,2026-05-14 13:21:55,2026-05-16 13:21:55,48,-0.0278,SL_HIT_REPLAY,LONG,YES
multi_asset_cftc_cot_commercial_signal::CT=F::2026-05-14_131,CT=F,multi_asset_copytrader,cftc_cot_commercial_signal,commodity,LOST,2026-05-14 13:15:23,2026-05-16 13:15:23,48,-0.04,SL_HIT_REPLAY,SHORT,YES
multi_asset_cftc_cot_commercial_signal::ZS=F::2026-05-14_131,ZS=F,multi_asset_copytrader,cftc_cot_commercial_signal,commodity,LOST,2026-05-14 13:15:23,2026-05-16 13:15:23,48,-0.0207,SL_HIT_REPLAY,SHORT,YES
cta_cross_asset_tsmom::USDJPY=X::2026-05-14_1212,USDJPY=X,cta_replicator,cta_cross_asset_tsmom,forex,WON,2026-05-14 12:12:09,2026-05-17 00:12:09,60,0.003,TP_HIT_REPLAY,SHORT,YES
multi_asset_futures_momentum::SI=F::2026-05-14_1211,SI=F,multi_asset_copytrader,futures_momentum,commodity,LOST,2026-05-14 12:11:24,2026-05-16 12:11:24,48,-0.03,SL_HIT_REPLAY,LONG,YES
multi_asset_forex_carry_momentum::AUDJPY=X::2026-05-14_1211,AUDJPY=X,multi_asset_copytrader,forex_carry_momentum,forex,LOST,2026-05-14 12:11:22,2026-05-17 00:11:22,60,-0.005,SL_HIT_REPLAY,LONG,YES
multi_asset_ig_contrarian_sentiment::AUDUSD=X::2026-05-14_05,AUDUSD=X,prediction_market_agents,ig_contrarian_sentiment,forex,WON,2026-05-14 05:27:14,2026-05-16 17:27:14,60,0.025,TP_HIT_REPLAY,SHORT,YES
multi_asset_smart_money_accumulation::NIO::2026-05-13_2238,NIO,multi_asset_copytrader,smart_money_accumulation,equity,LOST,2026-05-13 22:38:19,2026-05-15 22:38:19,48,-0.069,SL_HIT_REPLAY,LONG,YES
multi_asset_futures_momentum::CT=F::2026-05-13_2237,CT=F,multi_asset_copytrader,futures_momentum,commodity,LOST,2026-05-13 22:37:49,2026-05-15 22:37:49,48,-0.03,SL_HIT_REPLAY,LONG,YES
multi_asset_smart_money_accumulation::NIO::2026-05-13_2140,NIO,multi_asset_copytrader,smart_money_accumulation,equity,LOST,2026-05-13 21:40:21,2026-05-15 21:40:21,48,-0.069,SL_HIT_REPLAY,LONG,YES
multi_asset_futures_momentum::CT=F::2026-05-13_2139,CT=F,multi_asset_copytrader,futures_momentum,commodity,LOST,2026-05-13 21:39:33,2026-05-15 21:39:33,48,-0.03,SL_HIT_REPLAY,LONG,YES
multi_asset_futures_momentum::CT=F::2026-05-13_2043,CT=F,multi_asset_copytrader,futures_momentum,commodity,LOST,2026-05-13 20:43:07,2026-05-15 20:43:07,48,-0.03,SL_HIT_REPLAY,LONG,YES
multi_asset_forex_carry_momentum::AUDJPY=X::2026-05-13_2043,AUDJPY=X,multi_asset_copytrader,forex_carry_momentum,forex,LOST,2026-05-13 20:43:05,2026-05-16 08:43:05,60,-0.005,SL_HIT_REPLAY,LONG,YES
multi_asset_smart_money_accumulation::NIO::2026-05-13_1940,NIO,multi_asset_copytrader,smart_money_accumulation,equity,LOST,2026-05-13 19:40:47,2026-05-15 19:40:47,48,-0.0689,SL_HIT_REPLAY,LONG,YES
multi_asset_futures_momentum::CT=F::2026-05-13_1940,CT=F,multi_asset_copytrader,futures_momentum,commodity,LOST,2026-05-13 19:40:12,2026-05-15 19:40:12,48,-0.03,SL_HIT_REPLAY,LONG,YES
multi_asset_stocks_rsi2_pullback::AMD::2026-05-13_1940,AMD,multi_asset_copytrader,stocks_rsi2_pullback,equity,LOST,2026-05-13 19:40:12,2026-05-15 19:40:12,48,-0.03,SL_HIT_REPLAY,LONG,YES
multi_asset_stocks_rsi2_pullback::AVGO::2026-05-13_1940,AVGO,multi_asset_copytrader,stocks_rsi2_pullback,equity,LOST,2026-05-13 19:40:12,2026-05-15 19:40:12,48,-0.03,SL_HIT_REPLAY,LONG,YES
multi_asset_futures_momentum::CT=F::2026-05-13_1749,CT=F,multi_asset_copytrader,futures_momentum,commodity,LOST,2026-05-13 17:49:24,2026-05-15 17:49:24,48,-0.03,SL_HIT_REPLAY,LONG,YES
multi_asset_futures_momentum::PL=F::2026-05-13_1749,PL=F,multi_asset_copytrader,futures_momentum,commodity,LOST,2026-05-13 17:49:24,2026-05-15 17:49:24,48,-0.03,SL_HIT_REPLAY,LONG,YES
multi_asset_forex_carry_momentum::AUDJPY=X::2026-05-13_1749,AUDJPY=X,multi_asset_copytrader,forex_carry_momentum,forex,LOST,2026-05-13 17:49:22,2026-05-16 05:49:22,60,-0.005,SL_HIT_REPLAY,LONG,YES
multi_asset_smart_money_accumulation::NIO::2026-05-13_1657,NIO,multi_asset_copytrader,smart_money_accumulation,equity,LOST,2026-05-13 16:57:49,2026-05-15 16:57:49,48,-0.0692,SL_HIT_REPLAY,LONG,YES
multi_asset_futures_momentum::CT=F::2026-05-13_1657,CT=F,multi_asset_copytrader,futures_momentum,commodity,LOST,2026-05-13 16:57:19,2026-05-15 16:57:19,48,-0.03,SL_HIT_REPLAY,LONG,YES
multi_asset_futures_momentum::PL=F::2026-05-13_1657,PL=F,multi_asset_copytrader,futures_momentum,commodity,LOST,2026-05-13 16:57:19,2026-05-15 16:57:19,48,-0.03,SL_HIT_REPLAY,LONG,YES
multi_asset_futures_momentum::SI=F::2026-05-13_1657,SI=F,multi_asset_copytrader,futures_momentum,commodity,LOST,2026-05-13 16:57:19,2026-05-15 16:57:19,48,-0.03,SL_HIT_REPLAY,LONG,YES
multi_asset_stocks_rsi2_pullback::AMD::2026-05-13_1657,AMD,multi_asset_copytrader,stocks_rsi2_pullback,equity,LOST,2026-05-13 16:57:19,2026-05-15 16:57:19,48,-0.03,SL_HIT_REPLAY,LONG,YES
multi_asset_forex_carry_momentum::AUDJPY=X::2026-05-13_1657,AUDJPY=X,multi_asset_copytrader,forex_carry_momentum,forex,LOST,2026-05-13 16:57:17,2026-05-16 04:57:17,60,-0.005,SL_HIT_REPLAY,LONG,YES
multi_asset_futures_momentum::PL=F::2026-05-13_1533,PL=F,multi_asset_copytrader,futures_momentum,commodity,LOST,2026-05-13 15:33:12,2026-05-15 15:33:12,48,-0.0295,SL_HIT_REPLAY,LONG,YES
multi_asset_futures_momentum::SI=F::2026-05-13_1533,SI=F,multi_asset_copytrader,futures_momentum,commodity,LOST,2026-05-13 15:33:12,2026-05-15 15:33:12,48,-0.03,SL_HIT_REPLAY,LONG,YES
multi_asset_forex_carry_momentum::AUDJPY=X::2026-05-13_1533,AUDJPY=X,multi_asset_copytrader,forex_carry_momentum,forex,LOST,2026-05-13 15:33:10,2026-05-16 03:33:10,60,-0.005,SL_HIT_REPLAY,LONG,YES
fx_smart_68273e4f1879,NZDUSD=X,alpha_engine,fx_smart_carry_trade_momentum,forex,LOST,2026-05-13 14:59:46,2026-05-16 02:59:46,60,-0.005,SL_HIT_REPLAY,LONG,YES
cta_cross_asset_tsmom::NZDUSD=X::2026-05-13_1424,NZDUSD=X,cta_replicator,cta_cross_asset_tsmom,forex,WON,2026-05-13 14:24:49,2026-05-16 02:24:49,60,0.003,TP_HIT_REPLAY,LONG,YES
multi_asset_stocks_rsi2_pullback::AMD::2026-05-13_1424,AMD,multi_asset_copytrader,stocks_rsi2_pullback,equity,WON,2026-05-13 14:24:09,2026-05-15 14:24:09,48,0.05,TP_HIT_REPLAY,LONG,YES
cta_cross_asset_tsmom::NG=F::2026-05-13_1322,NG=F,cta_replicator,cta_cross_asset_tsmom,commodity,LOST,2026-05-13 13:22:30,2026-05-15 13:22:30,48,-0.03,SL_HIT_REPLAY,LONG,YES
cta_cross_asset_tsmom::NZDUSD=X::2026-05-13_1322,NZDUSD=X,cta_replicator,cta_cross_asset_tsmom,forex,WON,2026-05-13 13:22:30,2026-05-16 01:22:30,60,0.003,TP_HIT_REPLAY,LONG,YES
multi_asset_stocks_rsi2_pullback::AVGO::2026-05-13_1321,AVGO,multi_asset_copytrader,stocks_rsi2_pullback,equity,LOST,2026-05-13 13:21:55,2026-05-15 13:21:55,48,-0.03,SL_HIT_REPLAY,LONG,YES
cta_cross_asset_tsmom::NZDUSD=X::2026-05-13_1219,NZDUSD=X,cta_replicator,cta_cross_asset_tsmom,forex,WON,2026-05-13 12:19:46,2026-05-16 00:19:46,60,0.003,TP_HIT_REPLAY,LONG,YES
cta_cross_asset_tsmom::NZDUSD=X::2026-05-13_1125,NZDUSD=X,cta_replicator,cta_cross_asset_tsmom,forex,WON,2026-05-13 11:25:14,2026-05-15 23:25:14,60,0.003,TP_HIT_REPLAY,LONG,YES
cta_cross_asset_tsmom::NZDUSD=X::2026-05-13_1028,NZDUSD=X,cta_replicator,cta_cross_asset_tsmom,forex,WON,2026-05-13 10:28:44,2026-05-15 22:28:44,60,0.003,TP_HIT_REPLAY,LONG,YES
cta_cross_asset_tsmom::USDJPY=X::2026-05-12_2159,USDJPY=X,cta_replicator,cta_cross_asset_tsmom,forex,WON,2026-05-12 21:59:39,2026-05-15 09:59:39,60,0.003,TP_HIT_REPLAY,SHORT,YES
multi_asset_cot_positioning::ZW=F::2026-05-12_2158,ZW=F,multi_asset_cot,cot_positioning,commodity,WON,2026-05-12 21:58:59,2026-05-14 21:58:59,48,0.0545,TP_HIT_REPLAY,SHORT,YES
multi_asset_futures_momentum::CT=F::2026-05-12_2158,CT=F,multi_asset_copytrader,futures_momentum,commodity,LOST,2026-05-12 21:58:59,2026-05-14 21:58:59,48,-0.03,SL_HIT_REPLAY,LONG,YES
multi_asset_futures_momentum::ZW=F::2026-05-12_2158,ZW=F,multi_asset_copytrader,futures_momentum,commodity,LOST,2026-05-12 21:58:59,2026-05-14 21:58:59,48,-0.03,SL_HIT_REPLAY,LONG,YES
multi_asset_forex_carry_momentum::AUDJPY=X::2026-05-12_2158,AUDJPY=X,multi_asset_copytrader,forex_carry_momentum,forex,LOST,2026-05-12 21:58:57,2026-05-15 09:58:57,60,-0.005,SL_HIT_REPLAY,LONG,YES
cta_cross_asset_tsmom::USDJPY=X::2026-05-12_2014,USDJPY=X,cta_replicator,cta_cross_asset_tsmom,forex,WON,2026-05-12 20:14:06,2026-05-15 08:14:06,60,0.003,TP_HIT_REPLAY,SHORT,YES
multi_asset_ig_contrarian_sentiment::USDJPY=X::2026-05-12_20,USDJPY=X,multi_asset_copytrader,ig_contrarian_sentiment,forex,LOST,2026-05-12 20:13:45,2026-05-15 08:13:45,60,-0.005,SL_HIT_REPLAY,LONG,YES
multi_asset_cot_positioning::ZW=F::2026-05-12_2013,ZW=F,multi_asset_cot,cot_positioning,commodity,WON,2026-05-12 20:13:30,2026-05-14 20:13:30,48,0.0545,TP_HIT_REPLAY,SHORT,YES
multi_asset_futures_momentum::CT=F::2026-05-12_2013,CT=F,multi_asset_copytrader,futures_momentum,commodity,LOST,2026-05-12 20:13:30,2026-05-14 20:13:30,48,-0.03,SL_HIT_REPLAY,LONG,YES
multi_asset_futures_momentum::HG=F::2026-05-12_2013,HG=F,multi_asset_copytrader,futures_momentum,commodity,LOST,2026-05-12 20:13:30,2026-05-14 20:13:30,48,-0.0287,SL_HIT_REPLAY,LONG,YES
multi_asset_futures_momentum::SI=F::2026-05-12_2013,SI=F,multi_asset_copytrader,futures_momentum,commodity,LOST,2026-05-12 20:13:30,2026-05-14 20:13:30,48,-0.03,SL_HIT_REPLAY,LONG,YES
multi_asset_futures_momentum::ZW=F::2026-05-12_2013,ZW=F,multi_asset_copytrader,futures_momentum,commodity,LOST,2026-05-12 20:13:30,2026-05-14 20:13:30,48,-0.03,SL_HIT_REPLAY,LONG,YES
multi_asset_forex_carry_momentum::AUDJPY=X::2026-05-12_2013,AUDJPY=X,multi_asset_copytrader,forex_carry_momentum,forex,LOST,2026-05-12 20:13:27,2026-05-15 08:13:27,60,-0.005,SL_HIT_REPLAY,LONG,YES
cta_cross_asset_tsmom::USDJPY=X::2026-05-12_1914,USDJPY=X,cta_replicator,cta_cross_asset_tsmom,forex,WON,2026-05-12 19:14:23,2026-05-15 07:14:23,60,0.003,TP_HIT_REPLAY,SHORT,YES
multi_asset_ig_contrarian_sentiment::USDJPY=X::2026-05-12_19,USDJPY=X,multi_asset_copytrader,ig_contrarian_sentiment,forex,LOST,2026-05-12 19:14:05,2026-05-15 07:14:05,60,-0.005,SL_HIT_REPLAY,LONG,YES
multi_asset_cot_positioning::ZW=F::2026-05-12_1913,ZW=F,multi_asset_cot,cot_positioning,commodity,WON,2026-05-12 19:13:55,2026-05-14 19:13:55,48,0.0545,TP_HIT_REPLAY,SHORT,YES
multi_asset_futures_momentum::CT=F::2026-05-12_1913,CT=F,multi_asset_copytrader,futures_momentum,commodity,LOST,2026-05-12 19:13:55,2026-05-14 19:13:55,48,-0.03,SL_HIT_REPLAY,LONG,YES
multi_asset_futures_momentum::HG=F::2026-05-12_1913,HG=F,multi_asset_copytrader,futures_momentum,commodity,LOST,2026-05-12 19:13:55,2026-05-14 19:13:55,48,-0.0285,SL_HIT_REPLAY,LONG,YES
multi_asset_futures_momentum::SI=F::2026-05-12_1913,SI=F,multi_asset_copytrader,futures_momentum,commodity,LOST,2026-05-12 19:13:55,2026-05-14 19:13:55,48,-0.03,SL_HIT_REPLAY,LONG,YES
multi_asset_futures_momentum::ZW=F::2026-05-12_1913,ZW=F,multi_asset_copytrader,futures_momentum,commodity,LOST,2026-05-12 19:13:55,2026-05-14 19:13:55,48,-0.03,SL_HIT_REPLAY,LONG,YES
multi_asset_forex_carry_momentum::AUDJPY=X::2026-05-12_1913,AUDJPY=X,multi_asset_copytrader,forex_carry_momentum,forex,LOST,2026-05-12 19:13:54,2026-05-15 07:13:54,60,-0.005,SL_HIT_REPLAY,LONG,YES
cta_cross_asset_tsmom::USDJPY=X::2026-05-12_1818,USDJPY=X,cta_replicator,cta_cross_asset_tsmom,forex,WON,2026-05-12 18:18:22,2026-05-15 06:18:22,60,0.003,TP_HIT_REPLAY,SHORT,YES
multi_asset_ig_contrarian_sentiment::USDJPY=X::2026-05-12_18,USDJPY=X,multi_asset_copytrader,ig_contrarian_sentiment,forex,LOST,2026-05-12 18:18:03,2026-05-15 06:18:03,60,-0.005,SL_HIT_REPLAY,LONG,YES
multi_asset_cot_positioning::ZW=F::2026-05-12_1817,ZW=F,multi_asset_cot,cot_positioning,commodity,WON,2026-05-12 18:17:52,2026-05-14 18:17:52,48,0.0546,TP_HIT_REPLAY,SHORT,YES
multi_asset_futures_momentum::CT=F::2026-05-12_1817,CT=F,multi_asset_copytrader,futures_momentum,commodity,LOST,2026-05-12 18:17:52,2026-05-14 18:17:52,48,-0.03,SL_HIT_REPLAY,LONG,YES
multi_asset_futures_momentum::ZW=F::2026-05-12_1817,ZW=F,multi_asset_copytrader,futures_momentum,commodity,LOST,2026-05-12 18:17:52,2026-05-14 18:17:52,48,-0.03,SL_HIT_REPLAY,LONG,YES
multi_asset_forex_carry_momentum::AUDJPY=X::2026-05-12_1817,AUDJPY=X,multi_asset_copytrader,forex_carry_momentum,forex,LOST,2026-05-12 18:17:50,2026-05-15 06:17:50,60,-0.005,SL_HIT_REPLAY,LONG,YES
cta_cross_asset_tsmom::USDJPY=X::2026-05-12_1721,USDJPY=X,cta_replicator,cta_cross_asset_tsmom,forex,WON,2026-05-12 17:21:42,2026-05-15 05:21:42,60,0.003,TP_HIT_REPLAY,SHORT,YES
multi_asset_ig_contrarian_sentiment::USDJPY=X::2026-05-12_17,USDJPY=X,multi_asset_copytrader,ig_contrarian_sentiment,forex,LOST,2026-05-12 17:21:24,2026-05-15 05:21:24,60,-0.005,SL_HIT_REPLAY,LONG,YES
multi_asset_cot_positioning::ZW=F::2026-05-12_1721,ZW=F,multi_asset_cot,cot_positioning,commodity,WON,2026-05-12 17:21:13,2026-05-14 17:21:13,48,0.0547,TP_HIT_REPLAY,SHORT,YES
multi_asset_futures_momentum::CT=F::2026-05-12_1721,CT=F,multi_asset_copytrader,futures_momentum,commodity,LOST,2026-05-12 17:21:12,2026-05-14 17:21:12,48,-0.03,SL_HIT_REPLAY,LONG,YES
multi_asset_futures_momentum::ZW=F::2026-05-12_1721,ZW=F,multi_asset_copytrader,futures_momentum,commodity,LOST,2026-05-12 17:21:12,2026-05-14 17:21:12,48,-0.03,SL_HIT_REPLAY,LONG,YES
cta_cross_asset_tsmom::USDJPY=X::2026-05-12_1628,USDJPY=X,cta_replicator,cta_cross_asset_tsmom,forex,WON,2026-05-12 16:28:45,2026-05-15 04:28:45,60,0.003,TP_HIT_REPLAY,SHORT,YES
multi_asset_ig_contrarian_sentiment::USDJPY=X::2026-05-12_16,USDJPY=X,multi_asset_copytrader,ig_contrarian_sentiment,forex,LOST,2026-05-12 16:28:22,2026-05-15 04:28:22,60,-0.005,SL_HIT_REPLAY,LONG,YES
multi_asset_futures_momentum::CT=F::2026-05-12_1628,CT=F,multi_asset_copytrader,futures_momentum,commodity,LOST,2026-05-12 16:28:11,2026-05-14 16:28:11,48,-0.03,SL_HIT_REPLAY,LONG,YES
multi_asset_futures_momentum::ZW=F::2026-05-12_1628,ZW=F,multi_asset_copytrader,futures_momentum,commodity,LOST,2026-05-12 16:28:11,2026-05-14 16:28:11,48,-0.03,SL_HIT_REPLAY,LONG,YES
cta_cross_asset_tsmom::USDJPY=X::2026-05-12_1533,USDJPY=X,cta_replicator,cta_cross_asset_tsmom,forex,WON,2026-05-12 15:33:26,2026-05-15 03:33:26,60,0.003,TP_HIT_REPLAY,SHORT,YES
multi_asset_ig_contrarian_sentiment::USDJPY=X::2026-05-12_15,USDJPY=X,multi_asset_copytrader,ig_contrarian_sentiment,forex,LOST,2026-05-12 15:33:08,2026-05-15 03:33:08,60,-0.005,SL_HIT_REPLAY,LONG,YES
multi_asset_futures_momentum::GC=F::2026-05-12_1532,GC=F,multi_asset_copytrader,futures_momentum,commodity,LOST,2026-05-12 15:32:57,2026-05-14 15:32:57,48,-0.0234,SL_HIT_REPLAY,SHORT,YES
multi_asset_cot_positioning::NG=F::2026-05-12_1316,NG=F,alpha_engine,cot_positioning,forex,WON,2026-05-12 14:55:50,2026-05-15 02:55:50,60,0.008,TP_HIT_REPLAY,LONG,YES
multi_asset_futures_momentum::SI=F::2026-05-12_1316,SI=F,alpha_engine,futures_momentum,forex,LOST,2026-05-12 14:55:50,2026-05-15 02:55:50,60,-0.005,SL_HIT_REPLAY,LONG,YES
cta_cross_asset_tsmom::USDJPY=X::2026-05-12_1317,USDJPY=X,cta_replicator,cta_cross_asset_tsmom,forex,WON,2026-05-12 13:17:32,2026-05-15 01:17:32,60,0.003,TP_HIT_REPLAY,SHORT,YES
multi_asset_ig_contrarian_sentiment::USDJPY=X::2026-05-12_13,USDJPY=X,multi_asset_copytrader,ig_contrarian_sentiment,forex,LOST,2026-05-12 13:17:10,2026-05-15 01:17:10,60,-0.005,SL_HIT_REPLAY,LONG,YES
multi_asset_futures_momentum::CT=F::2026-05-12_1316,CT=F,multi_asset_copytrader,futures_momentum,commodity,LOST,2026-05-12 13:16:59,2026-05-14 13:16:59,48,-0.03,SL_HIT_REPLAY,LONG,YES
cta_cross_asset_tsmom::USDJPY=X::2026-05-12_1216,USDJPY=X,cta_replicator,cta_cross_asset_tsmom,forex,WON,2026-05-12 12:16:58,2026-05-15 00:16:58,60,0.003,TP_HIT_REPLAY,SHORT,YES
multi_asset_ig_contrarian_sentiment::USDJPY=X::2026-05-12_12,USDJPY=X,multi_asset_copytrader,ig_contrarian_sentiment,forex,LOST,2026-05-12 12:16:32,2026-05-15 00:16:32,60,-0.005,SL_HIT_REPLAY,LONG,YES
cta_cross_asset_tsmom::USDJPY=X::2026-05-12_1122,USDJPY=X,cta_replicator,cta_cross_asset_tsmom,forex,WON,2026-05-12 11:22:37,2026-05-14 23:22:37,60,0.003,TP_HIT_REPLAY,SHORT,YES
multi_asset_ig_contrarian_sentiment::USDJPY=X::2026-05-12_11,USDJPY=X,multi_asset_copytrader,ig_contrarian_sentiment,forex,LOST,2026-05-12 11:22:12,2026-05-14 23:22:12,60,-0.005,SL_HIT_REPLAY,LONG,YES
cta_cross_asset_tsmom::USDJPY=X::2026-05-12_1025,USDJPY=X,cta_replicator,cta_cross_asset_tsmom,forex,WON,2026-05-12 10:25:29,2026-05-14 22:25:29,60,0.003,TP_HIT_REPLAY,SHORT,YES
multi_asset_ig_contrarian_sentiment::USDJPY=X::2026-05-12_10,USDJPY=X,multi_asset_copytrader,ig_contrarian_sentiment,forex,LOST,2026-05-12 10:25:04,2026-05-14 22:25:04,60,-0.005,SL_HIT_REPLAY,LONG,YES
cta_cross_asset_tsmom::USDJPY=X::2026-05-12_0929,USDJPY=X,cta_replicator,cta_cross_asset_tsmom,forex,WON,2026-05-12 09:29:31,2026-05-14 21:29:31,60,0.003,TP_HIT_REPLAY,SHORT,YES
multi_asset_ig_contrarian_sentiment::USDJPY=X::2026-05-12_09,USDJPY=X,multi_asset_copytrader,ig_contrarian_sentiment,forex,LOST,2026-05-12 09:29:06,2026-05-14 21:29:06,60,-0.005,SL_HIT_REPLAY,LONG,YES
cta_cross_asset_tsmom::USDJPY=X::2026-05-12_0829,USDJPY=X,cta_replicator,cta_cross_asset_tsmom,forex,WON,2026-05-12 08:29:52,2026-05-14 20:29:52,60,0.003,TP_HIT_REPLAY,SHORT,YES
multi_asset_cftc_cot_commercial_signal::CT=F::2026-05-12_082,CT=F,multi_asset_copytrader,cftc_cot_commercial_signal,commodity,WON,2026-05-12 08:29:49,2026-05-14 08:29:49,48,0.0718,TP_HIT_REPLAY,SHORT,YES
multi_asset_ig_contrarian_sentiment::USDJPY=X::2026-05-12_08,USDJPY=X,multi_asset_copytrader,ig_contrarian_sentiment,forex,LOST,2026-05-12 08:29:30,2026-05-14 20:29:30,60,-0.005,SL_HIT_REPLAY,LONG,YES
multi_asset_cot_positioning::CT=F::2026-05-12_0829,CT=F,multi_asset_cot,cot_positioning,commodity,WON,2026-05-12 08:29:16,2026-05-14 08:29:16,48,0.0718,TP_HIT_REPLAY,SHORT,YES
multi_asset_futures_bb_mean_reversion::CT=F::2026-05-12_0829,CT=F,multi_asset_copytrader,futures_bb_mean_reversion,commodity,WON,2026-05-12 08:29:16,2026-05-14 08:29:16,48,0.087,TP_HIT_REPLAY,SHORT,YES
cta_cross_asset_tsmom::USDJPY=X::2026-05-12_0448,USDJPY=X,cta_replicator,cta_cross_asset_tsmom,forex,WON,2026-05-12 04:48:01,2026-05-14 16:48:01,60,0.003,TP_HIT_REPLAY,SHORT,YES
multi_asset_ig_contrarian_sentiment::EURGBP=X::2026-05-12_04,EURGBP=X,multi_asset_copytrader,ig_contrarian_sentiment,forex,WON,2026-05-12 04:47:37,2026-05-14 16:47:37,60,0.0027,TP_HIT_REPLAY,LONG,YES
multi_asset_ig_contrarian_sentiment::EURGBP=X::2026-05-11_23,EURGBP=X,multi_asset_copytrader,ig_contrarian_sentiment,forex,LOST,2026-05-11 23:27:48,2026-05-14 11:27:48,60,-0.0021,SL_HIT_REPLAY,LONG,YES
multi_asset_forex_zscore_200d_fade::GBPUSD=X::2026-05-11_223,GBPUSD=X,prediction_market_agents,forex_zscore_200d_fade,forex,WON,2026-05-11 23:27:33,2026-05-14 11:27:33,60,0.025,TP_HIT_REPLAY,SHORT,YES
cta_cross_asset_tsmom::USDJPY=X::2026-05-11_2105,USDJPY=X,cta_replicator,cta_cross_asset_tsmom,forex,WON,2026-05-11 21:05:48,2026-05-14 09:05:48,60,0.003,TP_HIT_REPLAY,SHORT,YES
multi_asset_futures_momentum::HG=F::2026-05-11_2105,HG=F,multi_asset_copytrader,futures_momentum,commodity,LOST,2026-05-11 21:05:06,2026-05-13 21:05:06,48,-0.0284,SL_HIT_REPLAY,LONG,YES
multi_asset_futures_momentum::PL=F::2026-05-11_2105,PL=F,multi_asset_copytrader,futures_momentum,commodity,LOST,2026-05-11 21:05:06,2026-05-13 21:05:06,48,-0.03,SL_HIT_REPLAY,LONG,YES
multi_asset_futures_momentum::SI=F::2026-05-11_2105,SI=F,multi_asset_copytrader,futures_momentum,commodity,LOST,2026-05-11 21:05:06,2026-05-13 21:05:06,48,-0.03,SL_HIT_REPLAY,LONG,YES
multi_asset_forex_carry_momentum::AUDJPY=X::2026-05-11_2105,AUDJPY=X,multi_asset_copytrader,forex_carry_momentum,forex,LOST,2026-05-11 21:05:04,2026-05-14 09:05:04,60,-0.005,SL_HIT_REPLAY,LONG,YES
cta_cross_asset_tsmom::NG=F::2026-05-11_2010,NG=F,cta_replicator,cta_cross_asset_tsmom,commodity,LOST,2026-05-11 20:10:54,2026-05-13 20:10:54,48,-0.03,SL_HIT_REPLAY,LONG,YES
cta_cross_asset_tsmom::USDJPY=X::2026-05-11_2010,USDJPY=X,cta_replicator,cta_cross_asset_tsmom,forex,WON,2026-05-11 20:10:54,2026-05-14 08:10:54,60,0.003,TP_HIT_REPLAY,SHORT,YES
multi_asset_ig_contrarian_sentiment::CADJPY=X::2026-05-11_20,CADJPY=X,multi_asset_copytrader,ig_contrarian_sentiment,forex,LOST,2026-05-11 20:10:12,2026-05-14 08:10:12,60,-0.005,SL_HIT_REPLAY,LONG,YES
multi_asset_ig_contrarian_sentiment::EURGBP=X::2026-05-11_20,EURGBP=X,multi_asset_copytrader,ig_contrarian_sentiment,forex,LOST,2026-05-11 20:10:12,2026-05-14 08:10:12,60,-0.0024,SL_HIT_REPLAY,LONG,YES
multi_asset_futures_momentum::HG=F::2026-05-11_2009,HG=F,multi_asset_copytrader,futures_momentum,commodity,LOST,2026-05-11 20:09:58,2026-05-13 20:09:58,48,-0.0284,SL_HIT_REPLAY,LONG,YES
multi_asset_futures_momentum::PL=F::2026-05-11_2009,PL=F,multi_asset_copytrader,futures_momentum,commodity,LOST,2026-05-11 20:09:58,2026-05-13 20:09:58,48,-0.03,SL_HIT_REPLAY,LONG,YES
multi_asset_futures_momentum::SI=F::2026-05-11_2009,SI=F,multi_asset_copytrader,futures_momentum,commodity,LOST,2026-05-11 20:09:58,2026-05-13 20:09:58,48,-0.03,SL_HIT_REPLAY,LONG,YES
multi_asset_forex_carry_momentum::AUDJPY=X::2026-05-11_2009,AUDJPY=X,multi_asset_copytrader,forex_carry_momentum,forex,LOST,2026-05-11 20:09:55,2026-05-14 08:09:55,60,-0.005,SL_HIT_REPLAY,LONG,YES
cta_cross_asset_tsmom::NG=F::2026-05-11_1914,NG=F,cta_replicator,cta_cross_asset_tsmom,commodity,LOST,2026-05-11 19:14:31,2026-05-13 19:14:31,48,-0.03,SL_HIT_REPLAY,LONG,YES
cta_cross_asset_tsmom::USDJPY=X::2026-05-11_1914,USDJPY=X,cta_replicator,cta_cross_asset_tsmom,forex,WON,2026-05-11 19:14:31,2026-05-14 07:14:31,60,0.003,TP_HIT_REPLAY,SHORT,YES
multi_asset_myfxbook_retail_contrarian::EURGBP=X::2026-05-11,EURGBP=X,multi_asset_copytrader,myfxbook_retail_contrarian,forex,WON,2026-05-11 19:14:29,2026-05-14 07:14:29,60,0.0036,TP_HIT_REPLAY,LONG,YES
multi_asset_ig_contrarian_sentiment::CADJPY=X::2026-05-11_19,CADJPY=X,multi_asset_copytrader,ig_contrarian_sentiment,forex,LOST,2026-05-11 19:14:01,2026-05-14 07:14:01,60,-0.005,SL_HIT_REPLAY,LONG,YES
multi_asset_ig_contrarian_sentiment::EURGBP=X::2026-05-11_19,EURGBP=X,multi_asset_copytrader,ig_contrarian_sentiment,forex,WON,2026-05-11 19:14:01,2026-05-14 07:14:01,60,0.003,TP_HIT_REPLAY,LONG,YES
multi_asset_futures_momentum::HG=F::2026-05-11_1913,HG=F,multi_asset_copytrader,futures_momentum,commodity,LOST,2026-05-11 19:13:45,2026-05-13 19:13:45,48,-0.0284,SL_HIT_REPLAY,LONG,YES
multi_asset_futures_momentum::PL=F::2026-05-11_1913,PL=F,multi_asset_copytrader,futures_momentum,commodity,LOST,2026-05-11 19:13:45,2026-05-13 19:13:45,48,-0.03,SL_HIT_REPLAY,LONG,YES
multi_asset_futures_momentum::SI=F::2026-05-11_1913,SI=F,multi_asset_copytrader,futures_momentum,commodity,LOST,2026-05-11 19:13:45,2026-05-13 19:13:45,48,-0.03,SL_HIT_REPLAY,LONG,YES
multi_asset_forex_carry_momentum::AUDJPY=X::2026-05-11_1913,AUDJPY=X,multi_asset_copytrader,forex_carry_momentum,forex,LOST,2026-05-11 19:13:43,2026-05-14 07:13:43,60,-0.005,SL_HIT_REPLAY,LONG,YES
cta_cross_asset_tsmom::NG=F::2026-05-11_1814,NG=F,cta_replicator,cta_cross_asset_tsmom,commodity,LOST,2026-05-11 18:14:10,2026-05-13 18:14:10,48,-0.03,SL_HIT_REPLAY,LONG,YES
cta_cross_asset_tsmom::USDJPY=X::2026-05-11_1814,USDJPY=X,cta_replicator,cta_cross_asset_tsmom,forex,WON,2026-05-11 18:14:10,2026-05-14 06:14:10,60,0.003,TP_HIT_REPLAY,SHORT,YES
multi_asset_myfxbook_retail_contrarian::EURGBP=X::2026-05-11,EURGBP=X,multi_asset_copytrader,myfxbook_retail_contrarian,forex,WON,2026-05-11 18:14:06,2026-05-14 06:14:06,60,0.0036,TP_HIT_REPLAY,LONG,YES
multi_asset_ig_contrarian_sentiment::CADJPY=X::2026-05-11_18,CADJPY=X,multi_asset_copytrader,ig_contrarian_sentiment,forex,LOST,2026-05-11 18:13:43,2026-05-14 06:13:43,60,-0.005,SL_HIT_REPLAY,LONG,YES
multi_asset_ig_contrarian_sentiment::EURGBP=X::2026-05-11_18,EURGBP=X,multi_asset_copytrader,ig_contrarian_sentiment,forex,WON,2026-05-11 18:13:43,2026-05-14 06:13:43,60,0.003,TP_HIT_REPLAY,LONG,YES
multi_asset_futures_momentum::HG=F::2026-05-11_1813,HG=F,multi_asset_copytrader,futures_momentum,commodity,LOST,2026-05-11 18:13:34,2026-05-13 18:13:34,48,-0.0285,SL_HIT_REPLAY,LONG,YES
multi_asset_futures_momentum::PL=F::2026-05-11_1813,PL=F,multi_asset_copytrader,futures_momentum,commodity,LOST,2026-05-11 18:13:34,2026-05-13 18:13:34,48,-0.03,SL_HIT_REPLAY,LONG,YES
multi_asset_futures_momentum::SI=F::2026-05-11_1813,SI=F,multi_asset_copytrader,futures_momentum,commodity,LOST,2026-05-11 18:13:34,2026-05-13 18:13:34,48,-0.03,SL_HIT_REPLAY,LONG,YES
multi_asset_forex_carry_momentum::AUDJPY=X::2026-05-11_1813,AUDJPY=X,multi_asset_copytrader,forex_carry_momentum,forex,LOST,2026-05-11 18:13:32,2026-05-14 06:13:32,60,-0.005,SL_HIT_REPLAY,LONG,YES
cta_cross_asset_tsmom::NG=F::2026-05-11_1723,NG=F,cta_replicator,cta_cross_asset_tsmom,commodity,LOST,2026-05-11 17:23:46,2026-05-13 17:23:46,48,-0.03,SL_HIT_REPLAY,LONG,YES
cta_cross_asset_tsmom::USDJPY=X::2026-05-11_1723,USDJPY=X,cta_replicator,cta_cross_asset_tsmom,forex,WON,2026-05-11 17:23:46,2026-05-14 05:23:46,60,0.003,TP_HIT_REPLAY,SHORT,YES
multi_asset_myfxbook_retail_contrarian::EURGBP=X::2026-05-11,EURGBP=X,multi_asset_copytrader,myfxbook_retail_contrarian,forex,WON,2026-05-11 17:23:43,2026-05-14 05:23:43,60,0.0036,TP_HIT_REPLAY,LONG,YES
multi_asset_ig_contrarian_sentiment::CADJPY=X::2026-05-11_17,CADJPY=X,multi_asset_copytrader,ig_contrarian_sentiment,forex,LOST,2026-05-11 17:23:24,2026-05-14 05:23:24,60,-0.005,SL_HIT_REPLAY,LONG,YES
multi_asset_ig_contrarian_sentiment::EURGBP=X::2026-05-11_17,EURGBP=X,multi_asset_copytrader,ig_contrarian_sentiment,forex,WON,2026-05-11 17:23:24,2026-05-14 05:23:24,60,0.003,TP_HIT_REPLAY,LONG,YES
multi_asset_ig_contrarian_sentiment::GBPUSD=X::2026-05-11_17,GBPUSD=X,multi_asset_copytrader,ig_contrarian_sentiment,forex,WON,2026-05-11 17:23:24,2026-05-14 05:23:24,60,0.0063,TP_HIT_REPLAY,SHORT,YES
multi_asset_futures_momentum::HG=F::2026-05-11_1723,HG=F,multi_asset_copytrader,futures_momentum,commodity,LOST,2026-05-11 17:23:08,2026-05-13 17:23:08,48,-0.0285,SL_HIT_REPLAY,LONG,YES
multi_asset_futures_momentum::KC=F::2026-05-11_1723,KC=F,multi_asset_copytrader,futures_momentum,commodity,WON,2026-05-11 17:23:08,2026-05-13 17:23:08,48,0.05,TP_HIT_REPLAY,SHORT,YES
multi_asset_futures_momentum::PL=F::2026-05-11_1723,PL=F,multi_asset_copytrader,futures_momentum,commodity,LOST,2026-05-11 17:23:08,2026-05-13 17:23:08,48,-0.03,SL_HIT_REPLAY,LONG,YES
multi_asset_futures_momentum::SI=F::2026-05-11_1723,SI=F,multi_asset_copytrader,futures_momentum,commodity,LOST,2026-05-11 17:23:08,2026-05-13 17:23:08,48,-0.03,SL_HIT_REPLAY,LONG,YES
multi_asset_forex_carry_momentum::AUDJPY=X::2026-05-11_1723,AUDJPY=X,multi_asset_copytrader,forex_carry_momentum,forex,LOST,2026-05-11 17:23:06,2026-05-14 05:23:06,60,-0.005,SL_HIT_REPLAY,LONG,YES
cta_cross_asset_tsmom::NG=F::2026-05-11_1625,NG=F,cta_replicator,cta_cross_asset_tsmom,commodity,LOST,2026-05-11 16:25:04,2026-05-13 16:25:04,48,-0.03,SL_HIT_REPLAY,LONG,YES
multi_asset_ig_contrarian_sentiment::EURGBP=X::2026-05-11_16,EURGBP=X,multi_asset_copytrader,ig_contrarian_sentiment,forex,WON,2026-05-11 16:24:45,2026-05-14 04:24:45,60,0.003,TP_HIT_REPLAY,LONG,YES
multi_asset_ig_contrarian_sentiment::GBPUSD=X::2026-05-11_16,GBPUSD=X,multi_asset_copytrader,ig_contrarian_sentiment,forex,WON,2026-05-11 16:24:45,2026-05-14 04:24:45,60,0.0063,TP_HIT_REPLAY,SHORT,YES
multi_asset_futures_momentum::SI=F::2026-05-11_1624,SI=F,multi_asset_copytrader,futures_momentum,commodity,LOST,2026-05-11 16:24:33,2026-05-13 16:24:33,48,-0.03,SL_HIT_REPLAY,LONG,YES
multi_asset_forex_carry_momentum::AUDJPY=X::2026-05-11_1624,AUDJPY=X,multi_asset_copytrader,forex_carry_momentum,forex,LOST,2026-05-11 16:24:29,2026-05-14 04:24:29,60,-0.005,SL_HIT_REPLAY,LONG,YES
cta_cross_asset_tsmom::NG=F::2026-05-11_1516,NG=F,cta_replicator,cta_cross_asset_tsmom,commodity,LOST,2026-05-11 15:16:43,2026-05-13 15:16:43,48,-0.03,SL_HIT_REPLAY,LONG,YES
cta_cross_asset_tsmom::USDJPY=X::2026-05-11_1516,USDJPY=X,cta_replicator,cta_cross_asset_tsmom,forex,WON,2026-05-11 15:16:43,2026-05-14 03:16:43,60,0.003,TP_HIT_REPLAY,SHORT,YES
multi_asset_myfxbook_retail_contrarian::EURGBP=X::2026-05-11,EURGBP=X,multi_asset_copytrader,myfxbook_retail_contrarian,forex,WON,2026-05-11 15:16:41,2026-05-14 03:16:41,60,0.0035,TP_HIT_REPLAY,LONG,YES
multi_asset_cftc_cot_commercial_signal::CT=F::2026-05-11_151,CT=F,multi_asset_copytrader,cftc_cot_commercial_signal,commodity,WON,2026-05-11 15:16:40,2026-05-13 15:16:40,48,0.0509,TP_HIT_REPLAY,SHORT,YES
multi_asset_ig_contrarian_sentiment::EURGBP=X::2026-05-11_15,EURGBP=X,multi_asset_copytrader,ig_contrarian_sentiment,forex,WON,2026-05-11 15:16:19,2026-05-14 03:16:19,60,0.0029,TP_HIT_REPLAY,LONG,YES
multi_asset_cot_positioning::CT=F::2026-05-11_1516,CT=F,multi_asset_cot,cot_positioning,commodity,WON,2026-05-11 15:16:06,2026-05-13 15:16:06,48,0.0509,TP_HIT_REPLAY,SHORT,YES
multi_asset_futures_momentum::HG=F::2026-05-11_1516,HG=F,multi_asset_copytrader,futures_momentum,commodity,LOST,2026-05-11 15:16:06,2026-05-13 15:16:06,48,-0.028,SL_HIT_REPLAY,LONG,YES
multi_asset_futures_momentum::PL=F::2026-05-11_1516,PL=F,multi_asset_copytrader,futures_momentum,commodity,LOST,2026-05-11 15:16:06,2026-05-13 15:16:06,48,-0.03,SL_HIT_REPLAY,LONG,YES
multi_asset_futures_momentum::SI=F::2026-05-11_1516,SI=F,multi_asset_copytrader,futures_momentum,commodity,LOST,2026-05-11 15:16:06,2026-05-13 15:16:06,48,-0.03,SL_HIT_REPLAY,LONG,YES
multi_asset_forex_carry_momentum::AUDJPY=X::2026-05-11_1516,AUDJPY=X,multi_asset_copytrader,forex_carry_momentum,forex,LOST,2026-05-11 15:16:04,2026-05-14 03:16:04,60,-0.005,SL_HIT_REPLAY,LONG,YES
fx_smart_3eb485e3a515,AUDJPY=X,alpha_engine,fx_smart_carry_trade_momentum,forex,WON,2026-05-11 15:02:23,2026-05-14 03:02:23,60,0.008,TP_HIT_REPLAY,LONG,YES
fx_smart_72002b3a644c,AUDJPY=X,alpha_engine,fx_smart_forex_rsi2_mean_reversion,forex,WON,2026-05-11 15:02:23,2026-05-14 03:02:23,60,0.008,TP_HIT_REPLAY,LONG,YES
fx_smart_fcf702b40e94,EURJPY=X,alpha_engine,fx_smart_forex_mean_reversion_200d,forex,LOST,2026-05-11 15:02:23,2026-05-14 03:02:23,60,-0.005,SL_HIT_REPLAY,SHORT,YES
multi_asset_cftc_cot_commercial_signal::CT=F::2026-05-11_123,CT=F,multi_asset_copytrader,cftc_cot_commercial_signal,commodity,WON,2026-05-11 12:33:33,2026-05-13 12:33:33,48,0.0508,TP_HIT_REPLAY,SHORT,YES
multi_asset_ig_contrarian_sentiment::EURGBP=X::2026-05-11_12,EURGBP=X,multi_asset_copytrader,ig_contrarian_sentiment,forex,WON,2026-05-11 12:33:17,2026-05-14 00:33:17,60,0.0029,TP_HIT_REPLAY,LONG,YES
cta_cross_asset_tsmom::USDJPY=X::2026-05-11_1114,USDJPY=X,cta_replicator,cta_cross_asset_tsmom,forex,WON,2026-05-11 11:14:10,2026-05-13 23:14:10,60,0.003,TP_HIT_REPLAY,SHORT,YES
multi_asset_cftc_cot_commercial_signal::CT=F::2026-05-11_111,CT=F,multi_asset_copytrader,cftc_cot_commercial_signal,commodity,WON,2026-05-11 11:14:08,2026-05-13 11:14:08,48,0.0508,TP_HIT_REPLAY,SHORT,YES
multi_asset_ig_contrarian_sentiment::CADJPY=X::2026-05-11_11,CADJPY=X,multi_asset_copytrader,ig_contrarian_sentiment,forex,LOST,2026-05-11 11:13:52,2026-05-13 23:13:52,60,-0.005,SL_HIT_REPLAY,LONG,YES
multi_asset_cot_positioning::CT=F::2026-05-11_1113,CT=F,multi_asset_cot,cot_positioning,commodity,WON,2026-05-11 11:13:39,2026-05-13 11:13:39,48,0.0508,TP_HIT_REPLAY,SHORT,YES
multi_asset_futures_momentum::KC=F::2026-05-11_1113,KC=F,multi_asset_copytrader,futures_momentum,commodity,LOST,2026-05-11 11:13:39,2026-05-13 11:13:39,48,-0.03,SL_HIT_REPLAY,SHORT,YES
multi_asset_futures_momentum::SI=F::2026-05-11_1113,SI=F,multi_asset_copytrader,futures_momentum,commodity,WON,2026-05-11 11:13:39,2026-05-13 11:13:39,48,0.05,TP_HIT_REPLAY,LONG,YES
multi_asset_forex_carry_momentum::AUDJPY=X::2026-05-11_1113,AUDJPY=X,multi_asset_copytrader,forex_carry_momentum,forex,LOST,2026-05-11 11:13:37,2026-05-13 23:13:37,60,-0.005,SL_HIT_REPLAY,LONG,YES
cta_cross_asset_tsmom::USDJPY=X::2026-05-11_0818,USDJPY=X,cta_replicator,cta_cross_asset_tsmom,forex,WON,2026-05-11 08:18:02,2026-05-13 20:18:02,60,0.003,TP_HIT_REPLAY,SHORT,YES
multi_asset_cftc_cot_commercial_signal::CT=F::2026-05-11_081,CT=F,multi_asset_copytrader,cftc_cot_commercial_signal,commodity,WON,2026-05-11 08:18:00,2026-05-13 08:18:00,48,0.0508,TP_HIT_REPLAY,SHORT,YES
multi_asset_cot_positioning::CT=F::2026-05-11_0817,CT=F,multi_asset_cot,cot_positioning,commodity,WON,2026-05-11 08:17:32,2026-05-13 08:17:32,48,0.0508,TP_HIT_REPLAY,SHORT,YES
cta_cross_asset_tsmom::USDJPY=X::2026-05-11_0650,USDJPY=X,cta_replicator,cta_cross_asset_tsmom,forex,WON,2026-05-11 06:50:40,2026-05-13 18:50:40,60,0.003,TP_HIT_REPLAY,SHORT,YES
multi_asset_futures_momentum::CT=F::2026-05-11_0649,CT=F,multi_asset_copytrader,futures_momentum,commodity,LOST,2026-05-11 06:49:59,2026-05-13 06:49:59,48,-0.03,SL_HIT_REPLAY,LONG,YES
multi_asset_forex_carry_momentum::AUDJPY=X::2026-05-11_0649,AUDJPY=X,multi_asset_copytrader,forex_carry_momentum,forex,LOST,2026-05-11 06:49:57,2026-05-13 18:49:57,60,-0.005,SL_HIT_REPLAY,LONG,YES
cta_cross_asset_tsmom::USDJPY=X::2026-05-11_0529,USDJPY=X,cta_replicator,cta_cross_asset_tsmom,forex,WON,2026-05-11 05:29:11,2026-05-13 17:29:11,60,0.003,TP_HIT_REPLAY,SHORT,YES
multi_asset_forex_carry_momentum::AUDJPY=X::2026-05-11_0528,AUDJPY=X,multi_asset_copytrader,forex_carry_momentum,forex,LOST,2026-05-11 05:28:38,2026-05-13 17:28:38,60,-0.005,SL_HIT_REPLAY,LONG,YES
cta_cross_asset_tsmom::USDJPY=X::2026-05-11_0226,USDJPY=X,cta_replicator,cta_cross_asset_tsmom,forex,WON,2026-05-11 02:26:44,2026-05-13 14:26:44,60,0.003,TP_HIT_REPLAY,SHORT,YES
multi_asset_forex_carry_momentum::AUDJPY=X::2026-05-11_0226,AUDJPY=X,multi_asset_copytrader,forex_carry_momentum,forex,LOST,2026-05-11 02:26:11,2026-05-13 14:26:11,60,-0.005,SL_HIT_REPLAY,LONG,YES
cta_cross_asset_tsmom::USDJPY=X::2026-05-11_0104,USDJPY=X,cta_replicator,cta_cross_asset_tsmom,forex,WON,2026-05-11 01:04:39,2026-05-13 13:04:39,60,0.003,TP_HIT_REPLAY,SHORT,YES
multi_asset_forex_carry_momentum::AUDJPY=X::2026-05-11_0104,AUDJPY=X,multi_asset_copytrader,forex_carry_momentum,forex,LOST,2026-05-11 01:04:03,2026-05-13 13:04:03,60,-0.005,SL_HIT_REPLAY,LONG,YES
cta_cross_asset_tsmom::CL=F::2026-05-10_2052,CL=F,cta_replicator,cta_cross_asset_tsmom,commodity,LOST,2026-05-10 20:52:04,2026-05-12 20:52:04,48,-0.03,SL_HIT_REPLAY,SHORT,YES
cta_cross_asset_tsmom::USDJPY=X::2026-05-10_2052,USDJPY=X,cta_replicator,cta_cross_asset_tsmom,forex,LOST,2026-05-10 20:52:04,2026-05-13 08:52:04,60,-0.002,SL_HIT_REPLAY,SHORT,YES
multi_asset_ig_contrarian_sentiment::EURGBP=X::2026-05-10_20,EURGBP=X,multi_asset_copytrader,ig_contrarian_sentiment,forex,LOST,2026-05-10 20:51:46,2026-05-13 08:51:46,60,-0.0023,SL_HIT_REPLAY,LONG,YES
cta_cross_asset_tsmom::CL=F::2026-05-08_2328,CL=F,cta_replicator,cta_cross_asset_tsmom,commodity,LOST,2026-05-08 23:28:01,2026-05-10 23:28:01,48,-0.03,SL_HIT_REPLAY,SHORT,YES
cta_cross_asset_tsmom::USDJPY=X::2026-05-08_2328,USDJPY=X,cta_replicator,cta_cross_asset_tsmom,forex,LOST,2026-05-08 23:28:01,2026-05-11 11:28:01,60,-0.002,SL_HIT_REPLAY,SHORT,YES
multi_asset_cftc_cot_commercial_signal::CT=F::2026-05-08_232,CT=F,multi_asset_copytrader,cftc_cot_commercial_signal,commodity,WON,2026-05-08 23:27:59,2026-05-10 23:27:59,48,0.0463,TP_HIT_REPLAY,SHORT,YES
multi_asset_ig_contrarian_sentiment::EURJPY=X::2026-05-08_23,EURJPY=X,multi_asset_copytrader,ig_contrarian_sentiment,forex,LOST,2026-05-08 23:27:41,2026-05-11 11:27:41,60,-0.005,SL_HIT_REPLAY,LONG,YES
multi_asset_ig_contrarian_sentiment::GBPUSD=X::2026-05-08_23,GBPUSD=X,multi_asset_copytrader,ig_contrarian_sentiment,forex,WON,2026-05-08 23:27:41,2026-05-11 11:27:41,60,0.0061,TP_HIT_REPLAY,SHORT,YES
multi_asset_cot_positioning::CT=F::2026-05-08_2327,CT=F,multi_asset_cot,cot_positioning,commodity,WON,2026-05-08 23:27:32,2026-05-10 23:27:32,48,0.0463,TP_HIT_REPLAY,SHORT,YES
multi_asset_futures_momentum::CT=F::2026-05-08_2327,CT=F,multi_asset_copytrader,futures_momentum,commodity,LOST,2026-05-08 23:27:32,2026-05-10 23:27:32,48,-0.03,SL_HIT_REPLAY,LONG,YES
multi_asset_futures_momentum::HG=F::2026-05-08_2327,HG=F,multi_asset_copytrader,futures_momentum,commodity,LOST,2026-05-08 23:27:32,2026-05-10 23:27:32,48,-0.0264,SL_HIT_REPLAY,LONG,YES
multi_asset_forex_carry_momentum::AUDJPY=X::2026-05-08_2327,AUDJPY=X,multi_asset_copytrader,forex_carry_momentum,forex,LOST,2026-05-08 23:27:30,2026-05-11 11:27:30,60,-0.005,SL_HIT_REPLAY,LONG,YES
multi_asset_forex_carry_momentum::NZDUSD=X::2026-05-08_2327,NZDUSD=X,multi_asset_copytrader,forex_carry_momentum,forex,LOST,2026-05-08 23:27:30,2026-05-11 11:27:30,60,-0.005,SL_HIT_REPLAY,LONG,YES
cta_cross_asset_tsmom::CL=F::2026-05-08_2229,CL=F,cta_replicator,cta_cross_asset_tsmom,commodity,LOST,2026-05-08 22:29:12,2026-05-10 22:29:12,48,-0.03,SL_HIT_REPLAY,SHORT,YES
cta_cross_asset_tsmom::USDJPY=X::2026-05-08_2229,USDJPY=X,cta_replicator,cta_cross_asset_tsmom,forex,LOST,2026-05-08 22:29:12,2026-05-11 10:29:12,60,-0.002,SL_HIT_REPLAY,SHORT,YES
multi_asset_cftc_cot_commercial_signal::CT=F::2026-05-08_222,CT=F,multi_asset_copytrader,cftc_cot_commercial_signal,commodity,WON,2026-05-08 22:29:08,2026-05-10 22:29:08,48,0.0463,TP_HIT_REPLAY,SHORT,YES
multi_asset_ig_contrarian_sentiment::EURJPY=X::2026-05-08_22,EURJPY=X,multi_asset_copytrader,ig_contrarian_sentiment,forex,LOST,2026-05-08 22:28:49,2026-05-11 10:28:49,60,-0.005,SL_HIT_REPLAY,LONG,YES
multi_asset_ig_contrarian_sentiment::GBPUSD=X::2026-05-08_22,GBPUSD=X,multi_asset_copytrader,ig_contrarian_sentiment,forex,WON,2026-05-08 22:28:49,2026-05-11 10:28:49,60,0.0061,TP_HIT_REPLAY,SHORT,YES
multi_asset_cot_positioning::CT=F::2026-05-08_2228,CT=F,multi_asset_cot,cot_positioning,commodity,WON,2026-05-08 22:28:38,2026-05-10 22:28:38,48,0.0463,TP_HIT_REPLAY,SHORT,YES
multi_asset_futures_momentum::CT=F::2026-05-08_2228,CT=F,multi_asset_copytrader,futures_momentum,commodity,LOST,2026-05-08 22:28:38,2026-05-10 22:28:38,48,-0.03,SL_HIT_REPLAY,LONG,YES
multi_asset_futures_momentum::HG=F::2026-05-08_2228,HG=F,multi_asset_copytrader,futures_momentum,commodity,LOST,2026-05-08 22:28:38,2026-05-10 22:28:38,48,-0.0264,SL_HIT_REPLAY,LONG,YES
multi_asset_forex_carry_momentum::AUDJPY=X::2026-05-08_2228,AUDJPY=X,multi_asset_copytrader,forex_carry_momentum,forex,LOST,2026-05-08 22:28:36,2026-05-11 10:28:36,60,-0.005,SL_HIT_REPLAY,LONG,YES
multi_asset_forex_carry_momentum::NZDUSD=X::2026-05-08_2228,NZDUSD=X,multi_asset_copytrader,forex_carry_momentum,forex,LOST,2026-05-08 22:28:36,2026-05-11 10:28:36,60,-0.005,SL_HIT_REPLAY,LONG,YES
cta_cross_asset_tsmom::CL=F::2026-05-08_2130,CL=F,cta_replicator,cta_cross_asset_tsmom,commodity,LOST,2026-05-08 21:30:36,2026-05-10 21:30:36,48,-0.03,SL_HIT_REPLAY,SHORT,YES
cta_cross_asset_tsmom::USDJPY=X::2026-05-08_2130,USDJPY=X,cta_replicator,cta_cross_asset_tsmom,forex,LOST,2026-05-08 21:30:36,2026-05-11 09:30:36,60,-0.002,SL_HIT_REPLAY,SHORT,YES
multi_asset_cftc_cot_commercial_signal::CT=F::2026-05-08_213,CT=F,multi_asset_copytrader,cftc_cot_commercial_signal,commodity,WON,2026-05-08 21:30:33,2026-05-10 21:30:33,48,0.0463,TP_HIT_REPLAY,SHORT,YES
multi_asset_ig_contrarian_sentiment::EURJPY=X::2026-05-08_21,EURJPY=X,multi_asset_copytrader,ig_contrarian_sentiment,forex,LOST,2026-05-08 21:30:14,2026-05-11 09:30:14,60,-0.005,SL_HIT_REPLAY,LONG,YES
multi_asset_ig_contrarian_sentiment::GBPUSD=X::2026-05-08_21,GBPUSD=X,multi_asset_copytrader,ig_contrarian_sentiment,forex,WON,2026-05-08 21:30:14,2026-05-11 09:30:14,60,0.0061,TP_HIT_REPLAY,SHORT,YES
multi_asset_cot_positioning::CT=F::2026-05-08_2130,CT=F,multi_asset_cot,cot_positioning,commodity,WON,2026-05-08 21:30:04,2026-05-10 21:30:04,48,0.0463,TP_HIT_REPLAY,SHORT,YES
multi_asset_futures_momentum::CT=F::2026-05-08_2130,CT=F,multi_asset_copytrader,futures_momentum,commodity,LOST,2026-05-08 21:30:04,2026-05-10 21:30:04,48,-0.03,SL_HIT_REPLAY,LONG,YES
multi_asset_futures_momentum::HG=F::2026-05-08_2130,HG=F,multi_asset_copytrader,futures_momentum,commodity,LOST,2026-05-08 21:30:04,2026-05-10 21:30:04,48,-0.0264,SL_HIT_REPLAY,LONG,YES
multi_asset_forex_carry_momentum::AUDJPY=X::2026-05-08_2130,AUDJPY=X,multi_asset_copytrader,forex_carry_momentum,forex,LOST,2026-05-08 21:30:01,2026-05-11 09:30:01,60,-0.005,SL_HIT_REPLAY,LONG,YES
multi_asset_forex_carry_momentum::NZDUSD=X::2026-05-08_2130,NZDUSD=X,multi_asset_copytrader,forex_carry_momentum,forex,LOST,2026-05-08 21:30:01,2026-05-11 09:30:01,60,-0.005,SL_HIT_REPLAY,LONG,YES
cta_cross_asset_tsmom::CL=F::2026-05-08_2031,CL=F,cta_replicator,cta_cross_asset_tsmom,commodity,LOST,2026-05-08 20:31:41,2026-05-10 20:31:41,48,-0.03,SL_HIT_REPLAY,SHORT,YES
multi_asset_cftc_cot_commercial_signal::CT=F::2026-05-08_203,CT=F,multi_asset_copytrader,cftc_cot_commercial_signal,commodity,WON,2026-05-08 20:31:39,2026-05-10 20:31:39,48,0.0463,TP_HIT_REPLAY,SHORT,YES
multi_asset_ig_contrarian_sentiment::EURJPY=X::2026-05-08_20,EURJPY=X,multi_asset_copytrader,ig_contrarian_sentiment,forex,LOST,2026-05-08 20:31:21,2026-05-11 08:31:21,60,-0.005,SL_HIT_REPLAY,LONG,YES
multi_asset_ig_contrarian_sentiment::GBPUSD=X::2026-05-08_20,GBPUSD=X,multi_asset_copytrader,ig_contrarian_sentiment,forex,WON,2026-05-08 20:31:21,2026-05-11 08:31:21,60,0.0061,TP_HIT_REPLAY,SHORT,YES
multi_asset_cot_positioning::CT=F::2026-05-08_2031,CT=F,multi_asset_cot,cot_positioning,commodity,WON,2026-05-08 20:31:10,2026-05-10 20:31:10,48,0.0463,TP_HIT_REPLAY,SHORT,YES
multi_asset_futures_momentum::CT=F::2026-05-08_2031,CT=F,multi_asset_copytrader,futures_momentum,commodity,LOST,2026-05-08 20:31:10,2026-05-10 20:31:10,48,-0.03,SL_HIT_REPLAY,LONG,YES
multi_asset_futures_momentum::HG=F::2026-05-08_2031,HG=F,multi_asset_copytrader,futures_momentum,commodity,LOST,2026-05-08 20:31:10,2026-05-10 20:31:10,48,-0.0264,SL_HIT_REPLAY,LONG,YES
multi_asset_forex_carry_momentum::AUDJPY=X::2026-05-08_2031,AUDJPY=X,multi_asset_copytrader,forex_carry_momentum,forex,LOST,2026-05-08 20:31:08,2026-05-11 08:31:08,60,-0.005,SL_HIT_REPLAY,LONG,YES
multi_asset_forex_carry_momentum::NZDUSD=X::2026-05-08_2031,NZDUSD=X,multi_asset_copytrader,forex_carry_momentum,forex,LOST,2026-05-08 20:31:08,2026-05-11 08:31:08,60,-0.005,SL_HIT_REPLAY,LONG,YES
cta_cross_asset_tsmom::CL=F::2026-05-08_1938,CL=F,cta_replicator,cta_cross_asset_tsmom,commodity,LOST,2026-05-08 19:38:45,2026-05-10 19:38:45,48,-0.03,SL_HIT_REPLAY,SHORT,YES
multi_asset_cftc_cot_commercial_signal::CT=F::2026-05-08_193,CT=F,multi_asset_copytrader,cftc_cot_commercial_signal,commodity,WON,2026-05-08 19:38:43,2026-05-10 19:38:43,48,0.0463,TP_HIT_REPLAY,SHORT,YES
multi_asset_ig_contrarian_sentiment::EURJPY=X::2026-05-08_19,EURJPY=X,multi_asset_copytrader,ig_contrarian_sentiment,forex,LOST,2026-05-08 19:38:26,2026-05-11 07:38:26,60,-0.005,SL_HIT_REPLAY,LONG,YES
multi_asset_cot_positioning::CT=F::2026-05-08_1938,CT=F,multi_asset_cot,cot_positioning,commodity,WON,2026-05-08 19:38:16,2026-05-10 19:38:16,48,0.0463,TP_HIT_REPLAY,SHORT,YES
multi_asset_futures_momentum::CT=F::2026-05-08_1938,CT=F,multi_asset_copytrader,futures_momentum,commodity,LOST,2026-05-08 19:38:16,2026-05-10 19:38:16,48,-0.03,SL_HIT_REPLAY,LONG,YES
multi_asset_futures_momentum::HG=F::2026-05-08_1938,HG=F,multi_asset_copytrader,futures_momentum,commodity,LOST,2026-05-08 19:38:16,2026-05-10 19:38:16,48,-0.0263,SL_HIT_REPLAY,LONG,YES
multi_asset_futures_momentum::SI=F::2026-05-08_1938,SI=F,multi_asset_copytrader,futures_momentum,commodity,LOST,2026-05-08 19:38:16,2026-05-10 19:38:16,48,-0.03,SL_HIT_REPLAY,LONG,YES
multi_asset_forex_carry_momentum::AUDJPY=X::2026-05-08_1938,AUDJPY=X,multi_asset_copytrader,forex_carry_momentum,forex,LOST,2026-05-08 19:38:14,2026-05-11 07:38:14,60,-0.005,SL_HIT_REPLAY,LONG,YES
multi_asset_forex_carry_momentum::NZDUSD=X::2026-05-08_1938,NZDUSD=X,multi_asset_copytrader,forex_carry_momentum,forex,LOST,2026-05-08 19:38:14,2026-05-11 07:38:14,60,-0.005,SL_HIT_REPLAY,LONG,YES
cta_cross_asset_tsmom::CL=F::2026-05-08_1842,CL=F,cta_replicator,cta_cross_asset_tsmom,commodity,LOST,2026-05-08 18:42:31,2026-05-10 18:42:31,48,-0.03,SL_HIT_REPLAY,SHORT,YES
multi_asset_cftc_cot_commercial_signal::CT=F::2026-05-08_184,CT=F,multi_asset_copytrader,cftc_cot_commercial_signal,commodity,WON,2026-05-08 18:42:27,2026-05-10 18:42:27,48,0.0463,TP_HIT_REPLAY,SHORT,YES
multi_asset_cot_positioning::CT=F::2026-05-08_1841,CT=F,multi_asset_cot,cot_positioning,commodity,WON,2026-05-08 18:41:51,2026-05-10 18:41:51,48,0.0463,TP_HIT_REPLAY,SHORT,YES
multi_asset_futures_momentum::CT=F::2026-05-08_1841,CT=F,multi_asset_copytrader,futures_momentum,commodity,LOST,2026-05-08 18:41:51,2026-05-10 18:41:51,48,-0.03,SL_HIT_REPLAY,LONG,YES
multi_asset_futures_momentum::HG=F::2026-05-08_1841,HG=F,multi_asset_copytrader,futures_momentum,commodity,LOST,2026-05-08 18:41:51,2026-05-10 18:41:51,48,-0.0263,SL_HIT_REPLAY,LONG,YES
multi_asset_futures_momentum::SI=F::2026-05-08_1841,SI=F,multi_asset_copytrader,futures_momentum,commodity,LOST,2026-05-08 18:41:51,2026-05-10 18:41:51,48,-0.03,SL_HIT_REPLAY,LONG,YES
multi_asset_forex_carry_momentum::AUDJPY=X::2026-05-08_1841,AUDJPY=X,multi_asset_copytrader,forex_carry_momentum,forex,LOST,2026-05-08 18:41:49,2026-05-11 06:41:49,60,-0.005,SL_HIT_REPLAY,LONG,YES
cta_cross_asset_tsmom::CL=F::2026-05-08_1740,CL=F,cta_replicator,cta_cross_asset_tsmom,commodity,LOST,2026-05-08 17:40:08,2026-05-10 17:40:08,48,-0.03,SL_HIT_REPLAY,SHORT,YES
cta_cross_asset_tsmom::USDJPY=X::2026-05-08_1740,USDJPY=X,cta_replicator,cta_cross_asset_tsmom,forex,LOST,2026-05-08 17:40:08,2026-05-11 05:40:08,60,-0.002,SL_HIT_REPLAY,SHORT,YES
multi_asset_cftc_cot_commercial_signal::CT=F::2026-05-08_174,CT=F,multi_asset_copytrader,cftc_cot_commercial_signal,commodity,WON,2026-05-08 17:40:05,2026-05-10 17:40:05,48,0.0463,TP_HIT_REPLAY,SHORT,YES
multi_asset_cot_positioning::CT=F::2026-05-08_1739,CT=F,multi_asset_cot,cot_positioning,commodity,WON,2026-05-08 17:39:34,2026-05-10 17:39:34,48,0.0463,TP_HIT_REPLAY,SHORT,YES
multi_asset_futures_momentum::CT=F::2026-05-08_1739,CT=F,multi_asset_copytrader,futures_momentum,commodity,LOST,2026-05-08 17:39:34,2026-05-10 17:39:34,48,-0.03,SL_HIT_REPLAY,LONG,YES
multi_asset_futures_momentum::HG=F::2026-05-08_1739,HG=F,multi_asset_copytrader,futures_momentum,commodity,LOST,2026-05-08 17:39:34,2026-05-10 17:39:34,48,-0.0263,SL_HIT_REPLAY,LONG,YES
multi_asset_forex_carry_momentum::AUDJPY=X::2026-05-08_1739,AUDJPY=X,multi_asset_copytrader,forex_carry_momentum,forex,LOST,2026-05-08 17:39:32,2026-05-11 05:39:32,60,-0.005,SL_HIT_REPLAY,LONG,YES
multi_asset_cftc_cot_commercial_signal::CT=F::2026-05-08_164,CT=F,multi_asset_copytrader,cftc_cot_commercial_signal,commodity,WON,2026-05-08 16:40:57,2026-05-10 16:40:57,48,0.0463,TP_HIT_REPLAY,SHORT,YES
multi_asset_cot_positioning::CT=F::2026-05-08_1640,CT=F,multi_asset_cot,cot_positioning,commodity,WON,2026-05-08 16:40:31,2026-05-10 16:40:31,48,0.0463,TP_HIT_REPLAY,SHORT,YES
multi_asset_futures_momentum::CT=F::2026-05-08_1640,CT=F,multi_asset_copytrader,futures_momentum,commodity,LOST,2026-05-08 16:40:31,2026-05-10 16:40:31,48,-0.03,SL_HIT_REPLAY,LONG,YES
multi_asset_futures_momentum::HG=F::2026-05-08_1640,HG=F,multi_asset_copytrader,futures_momentum,commodity,LOST,2026-05-08 16:40:31,2026-05-10 16:40:31,48,-0.0263,SL_HIT_REPLAY,LONG,YES
multi_asset_futures_momentum::SI=F::2026-05-08_1640,SI=F,multi_asset_copytrader,futures_momentum,commodity,LOST,2026-05-08 16:40:31,2026-05-10 16:40:31,48,-0.03,SL_HIT_REPLAY,LONG,YES
multi_asset_forex_carry_momentum::AUDJPY=X::2026-05-08_1640,AUDJPY=X,multi_asset_copytrader,forex_carry_momentum,forex,LOST,2026-05-08 16:40:28,2026-05-11 04:40:28,60,-0.005,SL_HIT_REPLAY,LONG,YES
cta_cross_asset_tsmom::CL=F::2026-05-08_1542,CL=F,cta_replicator,cta_cross_asset_tsmom,commodity,LOST,2026-05-08 15:42:25,2026-05-10 15:42:25,48,-0.03,SL_HIT_REPLAY,SHORT,YES
cta_cross_asset_tsmom::USDJPY=X::2026-05-08_1542,USDJPY=X,cta_replicator,cta_cross_asset_tsmom,forex,LOST,2026-05-08 15:42:25,2026-05-11 03:42:25,60,-0.002,SL_HIT_REPLAY,SHORT,YES
multi_asset_cftc_cot_commercial_signal::CT=F::2026-05-08_154,CT=F,multi_asset_copytrader,cftc_cot_commercial_signal,commodity,WON,2026-05-08 15:42:22,2026-05-10 15:42:22,48,0.0463,TP_HIT_REPLAY,SHORT,YES
multi_asset_cot_positioning::CT=F::2026-05-08_1541,CT=F,multi_asset_cot,cot_positioning,commodity,WON,2026-05-08 15:41:43,2026-05-10 15:41:43,48,0.0463,TP_HIT_REPLAY,SHORT,YES
multi_asset_futures_momentum::CT=F::2026-05-08_1541,CT=F,multi_asset_copytrader,futures_momentum,commodity,LOST,2026-05-08 15:41:43,2026-05-10 15:41:43,48,-0.03,SL_HIT_REPLAY,LONG,YES
multi_asset_futures_momentum::HG=F::2026-05-08_1541,HG=F,multi_asset_copytrader,futures_momentum,commodity,LOST,2026-05-08 15:41:43,2026-05-10 15:41:43,48,-0.0263,SL_HIT_REPLAY,LONG,YES
multi_asset_forex_carry_momentum::AUDJPY=X::2026-05-08_1541,AUDJPY=X,multi_asset_copytrader,forex_carry_momentum,forex,LOST,2026-05-08 15:41:41,2026-05-11 03:41:41,60,-0.005,SL_HIT_REPLAY,LONG,YES
cta_cross_asset_tsmom::CL=F::2026-05-08_1447,CL=F,cta_replicator,cta_cross_asset_tsmom,commodity,LOST,2026-05-08 14:47:31,2026-05-10 14:47:31,48,-0.03,SL_HIT_REPLAY,SHORT,YES
cta_cross_asset_tsmom::USDJPY=X::2026-05-08_1447,USDJPY=X,cta_replicator,cta_cross_asset_tsmom,forex,LOST,2026-05-08 14:47:31,2026-05-11 02:47:31,60,-0.002,SL_HIT_REPLAY,SHORT,YES
multi_asset_cftc_cot_commercial_signal::CT=F::2026-05-08_144,CT=F,multi_asset_copytrader,cftc_cot_commercial_signal,commodity,WON,2026-05-08 14:47:27,2026-05-10 14:47:27,48,0.0469,TP_HIT_REPLAY,SHORT,YES
multi_asset_cot_positioning::CT=F::2026-05-08_1446,CT=F,multi_asset_cot,cot_positioning,commodity,WON,2026-05-08 14:46:26,2026-05-10 14:46:26,48,0.0469,TP_HIT_REPLAY,SHORT,YES
multi_asset_futures_momentum::HG=F::2026-05-08_1446,HG=F,multi_asset_copytrader,futures_momentum,commodity,LOST,2026-05-08 14:46:25,2026-05-10 14:46:25,48,-0.0264,SL_HIT_REPLAY,LONG,YES
multi_asset_futures_momentum::SI=F::2026-05-08_1446,SI=F,multi_asset_copytrader,futures_momentum,commodity,LOST,2026-05-08 14:46:25,2026-05-10 14:46:25,48,-0.03,SL_HIT_REPLAY,LONG,YES
cta_cross_asset_tsmom::CL=F::2026-05-08_1343,CL=F,cta_replicator,cta_cross_asset_tsmom,commodity,LOST,2026-05-08 13:43:57,2026-05-10 13:43:57,48,-0.03,SL_HIT_REPLAY,SHORT,YES
cta_cross_asset_tsmom::USDJPY=X::2026-05-08_1343,USDJPY=X,cta_replicator,cta_cross_asset_tsmom,forex,LOST,2026-05-08 13:43:57,2026-05-11 01:43:57,60,-0.002,SL_HIT_REPLAY,SHORT,YES
multi_asset_cftc_cot_commercial_signal::CT=F::2026-05-08_134,CT=F,multi_asset_copytrader,cftc_cot_commercial_signal,commodity,WON,2026-05-08 13:43:54,2026-05-10 13:43:54,48,0.0469,TP_HIT_REPLAY,SHORT,YES
multi_asset_cot_positioning::CT=F::2026-05-08_1343,CT=F,multi_asset_cot,cot_positioning,commodity,WON,2026-05-08 13:43:13,2026-05-10 13:43:13,48,0.0469,TP_HIT_REPLAY,SHORT,YES
multi_asset_futures_momentum::HG=F::2026-05-08_1343,HG=F,multi_asset_copytrader,futures_momentum,commodity,LOST,2026-05-08 13:43:13,2026-05-10 13:43:13,48,-0.0263,SL_HIT_REPLAY,LONG,YES
multi_asset_futures_momentum::SI=F::2026-05-08_1343,SI=F,multi_asset_copytrader,futures_momentum,commodity,LOST,2026-05-08 13:43:13,2026-05-10 13:43:13,48,-0.03,SL_HIT_REPLAY,LONG,YES
multi_asset_forex_carry_momentum::NZDUSD=X::2026-05-08_1343,NZDUSD=X,multi_asset_copytrader,forex_carry_momentum,forex,LOST,2026-05-08 13:43:10,2026-05-11 01:43:10,60,-0.005,SL_HIT_REPLAY,LONG,YES
cta_cross_asset_tsmom::CL=F::2026-05-08_1243,CL=F,cta_replicator,cta_cross_asset_tsmom,commodity,LOST,2026-05-08 12:43:10,2026-05-10 12:43:10,48,-0.03,SL_HIT_REPLAY,SHORT,YES
cta_cross_asset_tsmom::USDJPY=X::2026-05-08_1243,USDJPY=X,cta_replicator,cta_cross_asset_tsmom,forex,LOST,2026-05-08 12:43:10,2026-05-11 00:43:10,60,-0.002,SL_HIT_REPLAY,SHORT,YES
multi_asset_cftc_cot_commercial_signal::CT=F::2026-05-08_124,CT=F,multi_asset_copytrader,cftc_cot_commercial_signal,commodity,WON,2026-05-08 12:43:08,2026-05-10 12:43:08,48,0.0469,TP_HIT_REPLAY,SHORT,YES
multi_asset_cot_positioning::CT=F::2026-05-08_1242,CT=F,multi_asset_cot,cot_positioning,commodity,WON,2026-05-08 12:42:43,2026-05-10 12:42:43,48,0.0469,TP_HIT_REPLAY,SHORT,YES
multi_asset_futures_momentum::HG=F::2026-05-08_1242,HG=F,multi_asset_copytrader,futures_momentum,commodity,LOST,2026-05-08 12:42:43,2026-05-10 12:42:43,48,-0.0264,SL_HIT_REPLAY,LONG,YES
multi_asset_futures_momentum::SI=F::2026-05-08_1242,SI=F,multi_asset_copytrader,futures_momentum,commodity,LOST,2026-05-08 12:42:43,2026-05-10 12:42:43,48,-0.03,SL_HIT_REPLAY,LONG,YES
multi_asset_forex_carry_momentum::AUDJPY=X::2026-05-08_1242,AUDJPY=X,multi_asset_copytrader,forex_carry_momentum,forex,LOST,2026-05-08 12:42:41,2026-05-11 00:42:41,60,-0.005,SL_HIT_REPLAY,LONG,YES
multi_asset_forex_carry_momentum::NZDUSD=X::2026-05-08_1242,NZDUSD=X,multi_asset_copytrader,forex_carry_momentum,forex,LOST,2026-05-08 12:42:41,2026-05-11 00:42:41,60,-0.005,SL_HIT_REPLAY,LONG,YES
cta_cross_asset_tsmom::CL=F::2026-05-08_1139,CL=F,cta_replicator,cta_cross_asset_tsmom,commodity,LOST,2026-05-08 11:39:00,2026-05-10 11:39:00,48,-0.03,SL_HIT_REPLAY,SHORT,YES
multi_asset_cftc_cot_commercial_signal::CT=F::2026-05-08_113,CT=F,multi_asset_copytrader,cftc_cot_commercial_signal,commodity,WON,2026-05-08 11:38:56,2026-05-10 11:38:56,48,0.047,TP_HIT_REPLAY,SHORT,YES
multi_asset_cot_positioning::CT=F::2026-05-08_1138,CT=F,multi_asset_cot,cot_positioning,commodity,WON,2026-05-08 11:38:33,2026-05-10 11:38:33,48,0.047,TP_HIT_REPLAY,SHORT,YES
multi_asset_futures_momentum::HG=F::2026-05-08_1138,HG=F,multi_asset_copytrader,futures_momentum,commodity,LOST,2026-05-08 11:38:33,2026-05-10 11:38:33,48,-0.0264,SL_HIT_REPLAY,LONG,YES
multi_asset_futures_momentum::SI=F::2026-05-08_1138,SI=F,multi_asset_copytrader,futures_momentum,commodity,LOST,2026-05-08 11:38:33,2026-05-10 11:38:33,48,-0.03,SL_HIT_REPLAY,LONG,YES
multi_asset_forex_carry_momentum::AUDJPY=X::2026-05-08_1138,AUDJPY=X,multi_asset_copytrader,forex_carry_momentum,forex,LOST,2026-05-08 11:38:31,2026-05-10 23:38:31,60,-0.005,SL_HIT_REPLAY,LONG,YES
cta_cross_asset_tsmom::CL=F::2026-05-08_1041,CL=F,cta_replicator,cta_cross_asset_tsmom,commodity,LOST,2026-05-08 10:41:29,2026-05-10 10:41:29,48,-0.03,SL_HIT_REPLAY,SHORT,YES
multi_asset_cftc_cot_commercial_signal::CT=F::2026-05-08_104,CT=F,multi_asset_copytrader,cftc_cot_commercial_signal,commodity,WON,2026-05-08 10:41:27,2026-05-10 10:41:27,48,0.047,TP_HIT_REPLAY,SHORT,YES
multi_asset_cot_positioning::CT=F::2026-05-08_1041,CT=F,multi_asset_cot,cot_positioning,commodity,WON,2026-05-08 10:41:03,2026-05-10 10:41:03,48,0.047,TP_HIT_REPLAY,SHORT,YES
multi_asset_futures_momentum::HG=F::2026-05-08_1041,HG=F,multi_asset_copytrader,futures_momentum,commodity,LOST,2026-05-08 10:41:03,2026-05-10 10:41:03,48,-0.0264,SL_HIT_REPLAY,LONG,YES
multi_asset_futures_momentum::SI=F::2026-05-08_1041,SI=F,multi_asset_copytrader,futures_momentum,commodity,LOST,2026-05-08 10:41:03,2026-05-10 10:41:03,48,-0.03,SL_HIT_REPLAY,LONG,YES
multi_asset_forex_carry_momentum::AUDJPY=X::2026-05-08_1041,AUDJPY=X,multi_asset_copytrader,forex_carry_momentum,forex,LOST,2026-05-08 10:41:01,2026-05-10 22:41:01,60,-0.005,SL_HIT_REPLAY,LONG,YES
multi_asset_forex_carry_momentum::NZDUSD=X::2026-05-08_1041,NZDUSD=X,multi_asset_copytrader,forex_carry_momentum,forex,LOST,2026-05-08 10:41:01,2026-05-10 22:41:01,60,-0.005,SL_HIT_REPLAY,LONG,YES
cta_cross_asset_tsmom::CL=F::2026-05-08_0943,CL=F,cta_replicator,cta_cross_asset_tsmom,commodity,LOST,2026-05-08 09:43:52,2026-05-10 09:43:52,48,-0.03,SL_HIT_REPLAY,SHORT,YES
cta_cross_asset_tsmom::USDJPY=X::2026-05-08_0943,USDJPY=X,cta_replicator,cta_cross_asset_tsmom,forex,LOST,2026-05-08 09:43:52,2026-05-10 21:43:52,60,-0.002,SL_HIT_REPLAY,SHORT,YES
multi_asset_cftc_cot_commercial_signal::CT=F::2026-05-08_094,CT=F,multi_asset_copytrader,cftc_cot_commercial_signal,commodity,WON,2026-05-08 09:43:47,2026-05-10 09:43:47,48,0.047,TP_HIT_REPLAY,SHORT,YES
multi_asset_cot_positioning::CT=F::2026-05-08_0943,CT=F,multi_asset_cot,cot_positioning,commodity,WON,2026-05-08 09:43:18,2026-05-10 09:43:18,48,0.047,TP_HIT_REPLAY,SHORT,YES
multi_asset_futures_momentum::HG=F::2026-05-08_0943,HG=F,multi_asset_copytrader,futures_momentum,commodity,LOST,2026-05-08 09:43:18,2026-05-10 09:43:18,48,-0.0263,SL_HIT_REPLAY,LONG,YES
multi_asset_forex_carry_momentum::NZDUSD=X::2026-05-08_0943,NZDUSD=X,multi_asset_copytrader,forex_carry_momentum,forex,LOST,2026-05-08 09:43:16,2026-05-10 21:43:16,60,-0.005,SL_HIT_REPLAY,LONG,YES
cta_cross_asset_tsmom::CL=F::2026-05-08_0843,CL=F,cta_replicator,cta_cross_asset_tsmom,commodity,LOST,2026-05-08 08:43:30,2026-05-10 08:43:30,48,-0.03,SL_HIT_REPLAY,SHORT,YES
cta_cross_asset_tsmom::USDJPY=X::2026-05-08_0843,USDJPY=X,cta_replicator,cta_cross_asset_tsmom,forex,LOST,2026-05-08 08:43:30,2026-05-10 20:43:30,60,-0.002,SL_HIT_REPLAY,SHORT,YES
multi_asset_futures_momentum::HG=F::2026-05-08_0843,HG=F,multi_asset_copytrader,futures_momentum,commodity,LOST,2026-05-08 08:43:05,2026-05-10 08:43:05,48,-0.0264,SL_HIT_REPLAY,LONG,YES
multi_asset_forex_carry_momentum::NZDUSD=X::2026-05-08_0843,NZDUSD=X,multi_asset_copytrader,forex_carry_momentum,forex,LOST,2026-05-08 08:43:03,2026-05-10 20:43:03,60,-0.005,SL_HIT_REPLAY,LONG,YES
cta_cross_asset_tsmom::CL=F::2026-05-08_0741,CL=F,cta_replicator,cta_cross_asset_tsmom,commodity,LOST,2026-05-08 07:41:16,2026-05-10 07:41:16,48,-0.03,SL_HIT_REPLAY,SHORT,YES
multi_asset_futures_momentum::CT=F::2026-05-08_0740,CT=F,multi_asset_copytrader,futures_momentum,commodity,LOST,2026-05-08 07:40:46,2026-05-10 07:40:46,48,-0.03,SL_HIT_REPLAY,LONG,YES
multi_asset_futures_momentum::HG=F::2026-05-08_0740,HG=F,multi_asset_copytrader,futures_momentum,commodity,LOST,2026-05-08 07:40:46,2026-05-10 07:40:46,48,-0.0263,SL_HIT_REPLAY,LONG,YES
cta_cross_asset_tsmom::CL=F::2026-05-08_0648,CL=F,cta_replicator,cta_cross_asset_tsmom,commodity,LOST,2026-05-08 06:48:31,2026-05-10 06:48:31,48,-0.03,SL_HIT_REPLAY,SHORT,YES
multi_asset_futures_momentum::HG=F::2026-05-08_0648,HG=F,multi_asset_copytrader,futures_momentum,commodity,LOST,2026-05-08 06:48:05,2026-05-10 06:48:05,48,-0.0263,SL_HIT_REPLAY,LONG,YES
multi_asset_futures_momentum::SI=F::2026-05-08_0648,SI=F,multi_asset_copytrader,futures_momentum,commodity,LOST,2026-05-08 06:48:05,2026-05-10 06:48:05,48,-0.03,SL_HIT_REPLAY,LONG,YES
cta_cross_asset_tsmom::CL=F::2026-05-08_0548,CL=F,cta_replicator,cta_cross_asset_tsmom,commodity,LOST,2026-05-08 05:48:35,2026-05-10 05:48:35,48,-0.03,SL_HIT_REPLAY,SHORT,YES
cta_cross_asset_tsmom::USDJPY=X::2026-05-07_2326,USDJPY=X,cta_replicator,cta_cross_asset_tsmom,forex,WON,2026-05-07 23:26:50,2026-05-10 11:26:50,60,0.003,TP_HIT_REPLAY,SHORT,YES
multi_asset_ig_contrarian_sentiment::USDJPY=X::2026-05-07_23,USDJPY=X,multi_asset_copytrader,ig_contrarian_sentiment,forex,LOST,2026-05-07 23:26:33,2026-05-10 11:26:33,60,-0.005,SL_HIT_REPLAY,LONG,YES
multi_asset_futures_momentum::CT=F::2026-05-07_2326,CT=F,multi_asset_copytrader,futures_momentum,commodity,LOST,2026-05-07 23:26:23,2026-05-09 23:26:23,48,-0.03,SL_HIT_REPLAY,LONG,YES
multi_asset_futures_momentum::CT=F::2026-05-07_2231,CT=F,multi_asset_copytrader,futures_momentum,commodity,LOST,2026-05-07 22:31:02,2026-05-09 22:31:02,48,-0.03,SL_HIT_REPLAY,LONG,YES
multi_asset_futures_momentum::KC=F::2026-05-07_2231,KC=F,multi_asset_copytrader,futures_momentum,commodity,LOST,2026-05-07 22:31:02,2026-05-09 22:31:02,48,-0.03,SL_HIT_REPLAY,SHORT,YES
multi_asset_forex_rsi2_mean_reversion::AUDUSD=X::2026-05-07_,AUDUSD=X,multi_asset_copytrader,forex_rsi2_mean_reversion,forex,LOST,2026-05-07 20:55:36,2026-05-10 08:55:36,60,-0.005,SL_HIT_REPLAY,SHORT,YES
multi_asset_forex_rsi2_mean_reversion::NZDUSD=X::2026-05-07_,NZDUSD=X,multi_asset_copytrader,forex_rsi2_mean_reversion,forex,LOST,2026-05-07 20:55:36,2026-05-10 08:55:36,60,-0.005,SL_HIT_REPLAY,SHORT,YES
cta_fx_multifactor::USDJPY=X::2026-05-07_1909,USDJPY=X,cta_replicator,cta_fx_multifactor,forex,LOST,2026-05-07 20:05:42,2026-05-10 08:05:42,60,-0.4634,TP_HIT_REPLAY,LONG,YES
multi_asset_forex_rsi2_mean_reversion::AUDUSD=X::2026-05-07_,AUDUSD=X,multi_asset_copytrader,forex_rsi2_mean_reversion,forex,LOST,2026-05-07 20:04:59,2026-05-10 08:04:59,60,-0.005,SL_HIT_REPLAY,SHORT,YES
multi_asset_forex_rsi2_mean_reversion::NZDUSD=X::2026-05-07_,NZDUSD=X,multi_asset_copytrader,forex_rsi2_mean_reversion,forex,LOST,2026-05-07 20:04:59,2026-05-10 08:04:59,60,-0.005,SL_HIT_REPLAY,SHORT,YES
multi_asset_futures_momentum::CT=F::2026-05-07_1909,CT=F,multi_asset_copytrader,futures_momentum,commodity,LOST,2026-05-07 19:09:25,2026-05-09 19:09:25,48,-0.03,SL_HIT_REPLAY,LONG,YES
multi_asset_futures_momentum::KC=F::2026-05-07_1909,KC=F,multi_asset_copytrader,futures_momentum,commodity,LOST,2026-05-07 19:09:25,2026-05-09 19:09:25,48,-0.03,SL_HIT_REPLAY,SHORT,YES
multi_asset_forex_rsi2_mean_reversion::AUDUSD=X::2026-05-07_,AUDUSD=X,multi_asset_copytrader,forex_rsi2_mean_reversion,forex,LOST,2026-05-07 19:09:23,2026-05-10 07:09:23,60,-0.005,SL_HIT_REPLAY,SHORT,YES
cta_cross_asset_tsmom::NG=F::2026-05-07_1808,NG=F,cta_replicator,cta_cross_asset_tsmom,commodity,LOST,2026-05-07 18:08:05,2026-05-09 18:08:05,48,-0.03,SL_HIT_REPLAY,LONG,YES
multi_asset_futures_momentum::CT=F::2026-05-07_1807,CT=F,multi_asset_copytrader,futures_momentum,commodity,LOST,2026-05-07 18:07:33,2026-05-09 18:07:33,48,-0.03,SL_HIT_REPLAY,LONG,YES
multi_asset_futures_momentum::KC=F::2026-05-07_1807,KC=F,multi_asset_copytrader,futures_momentum,commodity,LOST,2026-05-07 18:07:33,2026-05-09 18:07:33,48,-0.03,SL_HIT_REPLAY,SHORT,YES
multi_asset_futures_momentum::SI=F::2026-05-07_1807,SI=F,multi_asset_copytrader,futures_momentum,commodity,LOST,2026-05-07 18:07:33,2026-05-09 18:07:33,48,-0.03,SL_HIT_REPLAY,LONG,YES
cta_cross_asset_tsmom::NG=F::2026-05-07_1713,NG=F,cta_replicator,cta_cross_asset_tsmom,commodity,LOST,2026-05-07 17:13:18,2026-05-09 17:13:18,48,-0.03,SL_HIT_REPLAY,LONG,YES
multi_asset_futures_momentum::CT=F::2026-05-07_1712,CT=F,multi_asset_copytrader,futures_momentum,commodity,LOST,2026-05-07 17:12:36,2026-05-09 17:12:36,48,-0.03,SL_HIT_REPLAY,LONG,YES
multi_asset_futures_momentum::KC=F::2026-05-07_1712,KC=F,multi_asset_copytrader,futures_momentum,commodity,LOST,2026-05-07 17:12:36,2026-05-09 17:12:36,48,-0.03,SL_HIT_REPLAY,SHORT,YES
multi_asset_futures_momentum::SI=F::2026-05-07_1712,SI=F,multi_asset_copytrader,futures_momentum,commodity,LOST,2026-05-07 17:12:36,2026-05-09 17:12:36,48,-0.03,SL_HIT_REPLAY,LONG,YES
cta_cross_asset_tsmom::CL=F::2026-05-07_1618,CL=F,cta_replicator,cta_cross_asset_tsmom,commodity,LOST,2026-05-07 16:18:40,2026-05-09 16:18:40,48,-0.03,SL_HIT_REPLAY,SHORT,YES
cta_cross_asset_tsmom::NG=F::2026-05-07_1618,NG=F,cta_replicator,cta_cross_asset_tsmom,commodity,LOST,2026-05-07 16:18:40,2026-05-09 16:18:40,48,-0.03,SL_HIT_REPLAY,LONG,YES
multi_asset_futures_momentum::CT=F::2026-05-07_1617,CT=F,multi_asset_copytrader,futures_momentum,commodity,LOST,2026-05-07 16:17:52,2026-05-09 16:17:52,48,-0.03,SL_HIT_REPLAY,LONG,YES
multi_asset_futures_momentum::KC=F::2026-05-07_1617,KC=F,multi_asset_copytrader,futures_momentum,commodity,LOST,2026-05-07 16:17:52,2026-05-09 16:17:52,48,-0.03,SL_HIT_REPLAY,SHORT,YES
multi_asset_futures_momentum::SI=F::2026-05-07_1617,SI=F,multi_asset_copytrader,futures_momentum,commodity,LOST,2026-05-07 16:17:52,2026-05-09 16:17:52,48,-0.03,SL_HIT_REPLAY,LONG,YES
cta_cross_asset_tsmom::CL=F::2026-05-07_1524,CL=F,cta_replicator,cta_cross_asset_tsmom,commodity,LOST,2026-05-07 15:24:44,2026-05-09 15:24:44,48,-0.03,SL_HIT_REPLAY,SHORT,YES
cta_cross_asset_tsmom::NG=F::2026-05-07_1524,NG=F,cta_replicator,cta_cross_asset_tsmom,commodity,LOST,2026-05-07 15:24:44,2026-05-09 15:24:44,48,-0.03,SL_HIT_REPLAY,LONG,YES
multi_asset_cftc_cot_commercial_signal::CT=F::2026-05-07_152,CT=F,multi_asset_copytrader,cftc_cot_commercial_signal,commodity,WON,2026-05-07 15:24:42,2026-05-09 15:24:42,48,0.0434,TP_HIT_REPLAY,SHORT,YES
cta_cross_asset_tsmom::CL=F::2026-05-07_1421,CL=F,cta_replicator,cta_cross_asset_tsmom,commodity,LOST,2026-05-07 14:21:51,2026-05-09 14:21:51,48,-0.03,SL_HIT_REPLAY,SHORT,YES
multi_asset_cftc_cot_commercial_signal::CT=F::2026-05-07_142,CT=F,multi_asset_copytrader,cftc_cot_commercial_signal,commodity,WON,2026-05-07 14:21:33,2026-05-09 14:21:33,48,0.0434,TP_HIT_REPLAY,SHORT,YES
cta_cross_asset_tsmom::CL=F::2026-05-07_1310,CL=F,cta_replicator,cta_cross_asset_tsmom,commodity,LOST,2026-05-07 13:10:59,2026-05-09 13:10:59,48,-0.03,SL_HIT_REPLAY,SHORT,YES
multi_asset_cftc_cot_commercial_signal::CT=F::2026-05-07_131,CT=F,multi_asset_copytrader,cftc_cot_commercial_signal,commodity,WON,2026-05-07 13:10:57,2026-05-09 13:10:57,48,0.0434,TP_HIT_REPLAY,SHORT,YES
multi_asset_cot_positioning::CT=F::2026-05-07_1310,CT=F,multi_asset_cot,cot_positioning,commodity,WON,2026-05-07 13:10:29,2026-05-09 13:10:29,48,0.0434,TP_HIT_REPLAY,SHORT,YES
multi_asset_futures_momentum::SI=F::2026-05-07_1310,SI=F,multi_asset_copytrader,futures_momentum,commodity,LOST,2026-05-07 13:10:29,2026-05-09 13:10:29,48,-0.03,SL_HIT_REPLAY,LONG,YES
multi_asset_stocks_rsi2_pullback::CVX::2026-05-07_1310,CVX,multi_asset_copytrader,stocks_rsi2_pullback,equity,LOST,2026-05-07 13:10:29,2026-05-09 13:10:29,48,-0.03,SL_HIT_REPLAY,LONG,YES
cta_cross_asset_tsmom::CL=F::2026-05-07_1214,CL=F,cta_replicator,cta_cross_asset_tsmom,commodity,LOST,2026-05-07 12:14:06,2026-05-09 12:14:06,48,-0.03,SL_HIT_REPLAY,SHORT,YES
multi_asset_cftc_cot_commercial_signal::CT=F::2026-05-07_121,CT=F,multi_asset_copytrader,cftc_cot_commercial_signal,commodity,WON,2026-05-07 12:14:03,2026-05-09 12:14:03,48,0.043,TP_HIT_REPLAY,SHORT,YES
multi_asset_cot_positioning::CT=F::2026-05-07_1213,CT=F,multi_asset_cot,cot_positioning,commodity,WON,2026-05-07 12:13:37,2026-05-09 12:13:37,48,0.043,TP_HIT_REPLAY,SHORT,YES
multi_asset_futures_momentum::SI=F::2026-05-07_1213,SI=F,multi_asset_copytrader,futures_momentum,commodity,LOST,2026-05-07 12:13:37,2026-05-09 12:13:37,48,-0.03,SL_HIT_REPLAY,LONG,YES
multi_asset_cftc_cot_commercial_signal::CT=F::2026-05-07_111,CT=F,multi_asset_copytrader,cftc_cot_commercial_signal,commodity,WON,2026-05-07 11:19:04,2026-05-09 11:19:04,48,0.043,TP_HIT_REPLAY,SHORT,YES
fx_smart_41ee49b6e7a6,NZDUSD=X,alpha_engine,fx_smart_carry_trade_momentum,forex,WON,2026-05-07 10:44:19,2026-05-09 22:44:19,60,0.008,TP_HIT_REPLAY,LONG,YES
fx_smart_58680c76812e,GBPJPY=X,alpha_engine,fx_smart_carry_trade_momentum,forex,LOST,2026-05-07 10:44:19,2026-05-09 22:44:19,60,-0.005,SL_HIT_REPLAY,LONG,YES
fx_smart_900cbd79ebbd,EURJPY=X,alpha_engine,fx_smart_carry_trade_momentum,forex,LOST,2026-05-07 10:44:19,2026-05-09 22:44:19,60,-0.005,SL_HIT_REPLAY,LONG,YES
fx_smart_a719ceb72841,AUDJPY=X,alpha_engine,fx_smart_carry_trade_momentum,forex,LOST,2026-05-07 10:44:19,2026-05-09 22:44:19,60,-0.005,SL_HIT_REPLAY,LONG,YES
fx_smart_b194ba4cf771,AUDUSD=X,alpha_engine,fx_smart_carry_trade_momentum,forex,WON,2026-05-07 10:44:19,2026-05-09 22:44:19,60,0.008,TP_HIT_REPLAY,LONG,YES
multi_asset_cftc_cot_commercial_signal::CT=F::2026-05-07_102,CT=F,multi_asset_copytrader,cftc_cot_commercial_signal,commodity,WON,2026-05-07 10:23:18,2026-05-09 10:23:18,48,0.043,TP_HIT_REPLAY,SHORT,YES
cta_cross_asset_tsmom::CL=F::2026-05-07_0926,CL=F,cta_replicator,cta_cross_asset_tsmom,commodity,LOST,2026-05-07 09:26:56,2026-05-09 09:26:56,48,-0.03,SL_HIT_REPLAY,SHORT,YES
multi_asset_cftc_cot_commercial_signal::CT=F::2026-05-07_092,CT=F,multi_asset_copytrader,cftc_cot_commercial_signal,commodity,WON,2026-05-07 09:26:54,2026-05-09 09:26:54,48,0.0432,TP_HIT_REPLAY,SHORT,YES
multi_asset_cot_positioning::CT=F::2026-05-07_0926,CT=F,multi_asset_cot,cot_positioning,commodity,WON,2026-05-07 09:26:29,2026-05-09 09:26:29,48,0.0432,TP_HIT_REPLAY,SHORT,YES
multi_asset_futures_momentum::SI=F::2026-05-07_0926,SI=F,multi_asset_copytrader,futures_momentum,commodity,LOST,2026-05-07 09:26:29,2026-05-09 09:26:29,48,-0.03,SL_HIT_REPLAY,LONG,YES
multi_asset_cftc_cot_commercial_signal::CT=F::2026-05-07_083,CT=F,multi_asset_copytrader,cftc_cot_commercial_signal,commodity,WON,2026-05-07 08:30:16,2026-05-09 08:30:16,48,0.0432,TP_HIT_REPLAY,SHORT,YES
multi_asset_cot_positioning::CT=F::2026-05-07_0829,CT=F,multi_asset_cot,cot_positioning,commodity,WON,2026-05-07 08:29:50,2026-05-09 08:29:50,48,0.0432,TP_HIT_REPLAY,SHORT,YES
multi_asset_futures_momentum::SI=F::2026-05-07_0829,SI=F,multi_asset_copytrader,futures_momentum,commodity,LOST,2026-05-07 08:29:50,2026-05-09 08:29:50,48,-0.03,SL_HIT_REPLAY,LONG,YES
multi_asset_myfxbook_retail_contrarian::EURJPY=X::2026-05-06,EURJPY=X,multi_asset_copytrader,myfxbook_retail_contrarian,forex,LOST,2026-05-06 23:26:42,2026-05-09 11:26:42,60,-0.006,SL_HIT_REPLAY,LONG,YES
multi_asset_myfxbook_retail_contrarian::GBPJPY=X::2026-05-06,GBPJPY=X,multi_asset_copytrader,myfxbook_retail_contrarian,forex,LOST,2026-05-06 23:26:42,2026-05-09 11:26:42,60,-0.006,SL_HIT_REPLAY,LONG,YES
multi_asset_myfxbook_retail_contrarian::USDJPY=X::2026-05-06,USDJPY=X,multi_asset_copytrader,myfxbook_retail_contrarian,forex,LOST,2026-05-06 23:26:42,2026-05-09 11:26:42,60,-0.006,SL_HIT_REPLAY,LONG,YES
multi_asset_cftc_cot_commercial_signal::CT=F::2026-05-06_232,CT=F,multi_asset_copytrader,cftc_cot_commercial_signal,commodity,WON,2026-05-06 23:26:41,2026-05-08 23:26:41,48,0.0483,TP_HIT_REPLAY,SHORT,YES
multi_asset_ig_contrarian_sentiment::CADJPY=X::2026-05-06_23,CADJPY=X,multi_asset_copytrader,ig_contrarian_sentiment,forex,LOST,2026-05-06 23:25:59,2026-05-09 11:25:59,60,-0.005,SL_HIT_REPLAY,LONG,YES
multi_asset_ig_contrarian_sentiment::EURJPY=X::2026-05-06_23,EURJPY=X,multi_asset_copytrader,ig_contrarian_sentiment,forex,LOST,2026-05-06 23:25:59,2026-05-09 11:25:59,60,-0.005,SL_HIT_REPLAY,LONG,YES
multi_asset_ig_contrarian_sentiment::GBPJPY=X::2026-05-06_23,GBPJPY=X,multi_asset_copytrader,ig_contrarian_sentiment,forex,LOST,2026-05-06 23:25:59,2026-05-09 11:25:59,60,-0.005,SL_HIT_REPLAY,LONG,YES
multi_asset_ig_contrarian_sentiment::USDJPY=X::2026-05-06_23,USDJPY=X,multi_asset_copytrader,ig_contrarian_sentiment,forex,LOST,2026-05-06 23:25:59,2026-05-09 11:25:59,60,-0.005,SL_HIT_REPLAY,LONG,YES
multi_asset_cot_positioning::CT=F::2026-05-06_2325,CT=F,multi_asset_cot,cot_positioning,commodity,WON,2026-05-06 23:25:48,2026-05-08 23:25:48,48,0.0483,TP_HIT_REPLAY,SHORT,YES
multi_asset_futures_momentum::CT=F::2026-05-06_2325,CT=F,multi_asset_copytrader,futures_momentum,commodity,LOST,2026-05-06 23:25:48,2026-05-08 23:25:48,48,-0.03,SL_HIT_REPLAY,LONG,YES
multi_asset_forex_carry_momentum::AUDJPY=X::2026-05-06_2325,AUDJPY=X,multi_asset_copytrader,forex_carry_momentum,forex,LOST,2026-05-06 23:25:46,2026-05-09 11:25:46,60,-0.005,SL_HIT_REPLAY,LONG,YES
multi_asset_forex_carry_momentum::NZDUSD=X::2026-05-06_2325,NZDUSD=X,multi_asset_copytrader,forex_carry_momentum,forex,LOST,2026-05-06 23:25:46,2026-05-09 11:25:46,60,-0.005,SL_HIT_REPLAY,LONG,YES
multi_asset_forex_rsi2_mean_reversion::AUDUSD=X::2026-05-06_,AUDUSD=X,multi_asset_copytrader,forex_rsi2_mean_reversion,forex,LOST,2026-05-06 23:25:46,2026-05-09 11:25:46,60,-0.005,SL_HIT_REPLAY,SHORT,YES
multi_asset_forex_rsi2_mean_reversion::NZDUSD=X::2026-05-06_,NZDUSD=X,multi_asset_copytrader,forex_rsi2_mean_reversion,forex,LOST,2026-05-06 23:25:46,2026-05-09 11:25:46,60,-0.005,SL_HIT_REPLAY,SHORT,YES
multi_asset_cftc_cot_commercial_signal::CT=F::2026-05-06_222,CT=F,multi_asset_copytrader,cftc_cot_commercial_signal,commodity,WON,2026-05-06 22:25:49,2026-05-08 22:25:49,48,0.0483,TP_HIT_REPLAY,SHORT,YES
multi_asset_cot_positioning::CT=F::2026-05-06_2225,CT=F,multi_asset_cot,cot_positioning,commodity,WON,2026-05-06 22:25:19,2026-05-08 22:25:19,48,0.0483,TP_HIT_REPLAY,SHORT,YES
multi_asset_futures_momentum::CT=F::2026-05-06_2225,CT=F,multi_asset_copytrader,futures_momentum,commodity,LOST,2026-05-06 22:25:19,2026-05-08 22:25:19,48,-0.03,SL_HIT_REPLAY,LONG,YES
multi_asset_futures_momentum::KC=F::2026-05-06_2225,KC=F,multi_asset_copytrader,futures_momentum,commodity,LOST,2026-05-06 22:25:19,2026-05-08 22:25:19,48,-0.03,SL_HIT_REPLAY,SHORT,YES
cta_cross_asset_tsmom::CL=F::2026-05-06_2135,CL=F,cta_replicator,cta_cross_asset_tsmom,commodity,LOST,2026-05-06 21:35:48,2026-05-08 21:35:48,48,-0.03,SL_HIT_REPLAY,SHORT,YES
multi_asset_myfxbook_retail_contrarian::EURJPY=X::2026-05-06,EURJPY=X,multi_asset_copytrader,myfxbook_retail_contrarian,forex,LOST,2026-05-06 21:35:45,2026-05-09 09:35:45,60,-0.006,SL_HIT_REPLAY,LONG,YES
multi_asset_myfxbook_retail_contrarian::GBPJPY=X::2026-05-06,GBPJPY=X,multi_asset_copytrader,myfxbook_retail_contrarian,forex,LOST,2026-05-06 21:35:45,2026-05-09 09:35:45,60,-0.006,SL_HIT_REPLAY,LONG,YES
multi_asset_myfxbook_retail_contrarian::USDJPY=X::2026-05-06,USDJPY=X,multi_asset_copytrader,myfxbook_retail_contrarian,forex,LOST,2026-05-06 21:35:45,2026-05-09 09:35:45,60,-0.006,SL_HIT_REPLAY,LONG,YES
multi_asset_cftc_cot_commercial_signal::CT=F::2026-05-06_213,CT=F,multi_asset_copytrader,cftc_cot_commercial_signal,commodity,WON,2026-05-06 21:35:44,2026-05-08 21:35:44,48,0.0483,TP_HIT_REPLAY,SHORT,YES
multi_asset_ig_contrarian_sentiment::EURJPY=X::2026-05-06_21,EURJPY=X,multi_asset_copytrader,ig_contrarian_sentiment,forex,LOST,2026-05-06 21:35:25,2026-05-09 09:35:25,60,-0.005,SL_HIT_REPLAY,LONG,YES
multi_asset_ig_contrarian_sentiment::GBPJPY=X::2026-05-06_21,GBPJPY=X,multi_asset_copytrader,ig_contrarian_sentiment,forex,LOST,2026-05-06 21:35:25,2026-05-09 09:35:25,60,-0.005,SL_HIT_REPLAY,LONG,YES
multi_asset_ig_contrarian_sentiment::USDCAD=X::2026-05-06_21,USDCAD=X,multi_asset_copytrader,ig_contrarian_sentiment,forex,LOST,2026-05-06 21:35:25,2026-05-09 09:35:25,60,-0.0039,SL_HIT_REPLAY,LONG,YES
multi_asset_ig_contrarian_sentiment::USDJPY=X::2026-05-06_21,USDJPY=X,multi_asset_copytrader,ig_contrarian_sentiment,forex,LOST,2026-05-06 21:35:25,2026-05-09 09:35:25,60,-0.005,SL_HIT_REPLAY,LONG,YES
multi_asset_cot_positioning::CT=F::2026-05-06_2135,CT=F,multi_asset_cot,cot_positioning,commodity,WON,2026-05-06 21:35:10,2026-05-08 21:35:10,48,0.0483,TP_HIT_REPLAY,SHORT,YES
multi_asset_futures_momentum::CT=F::2026-05-06_2135,CT=F,multi_asset_copytrader,futures_momentum,commodity,LOST,2026-05-06 21:35:10,2026-05-08 21:35:10,48,-0.03,SL_HIT_REPLAY,LONG,YES
multi_asset_futures_momentum::HG=F::2026-05-06_2135,HG=F,multi_asset_copytrader,futures_momentum,commodity,LOST,2026-05-06 21:35:10,2026-05-08 21:35:10,48,-0.0254,SL_HIT_REPLAY,LONG,YES
multi_asset_futures_momentum::KC=F::2026-05-06_2135,KC=F,multi_asset_copytrader,futures_momentum,commodity,LOST,2026-05-06 21:35:10,2026-05-08 21:35:10,48,-0.03,SL_HIT_REPLAY,SHORT,YES
multi_asset_futures_momentum::SI=F::2026-05-06_2135,SI=F,multi_asset_copytrader,futures_momentum,commodity,LOST,2026-05-06 21:35:10,2026-05-08 21:35:10,48,-0.03,SL_HIT_REPLAY,LONG,YES
multi_asset_forex_carry_momentum::AUDJPY=X::2026-05-06_2135,AUDJPY=X,multi_asset_copytrader,forex_carry_momentum,forex,LOST,2026-05-06 21:35:08,2026-05-09 09:35:08,60,-0.005,SL_HIT_REPLAY,LONG,YES
multi_asset_forex_carry_momentum::NZDUSD=X::2026-05-06_2135,NZDUSD=X,multi_asset_copytrader,forex_carry_momentum,forex,LOST,2026-05-06 21:35:08,2026-05-09 09:35:08,60,-0.005,SL_HIT_REPLAY,LONG,YES
multi_asset_forex_rsi2_mean_reversion::CADJPY=X::2026-05-06_,CADJPY=X,multi_asset_copytrader,forex_rsi2_mean_reversion,forex,LOST,2026-05-06 21:35:08,2026-05-09 09:35:08,60,-0.005,SL_HIT_REPLAY,LONG,YES
multi_asset_forex_rsi2_mean_reversion::EURJPY=X::2026-05-06_,EURJPY=X,multi_asset_copytrader,forex_rsi2_mean_reversion,forex,LOST,2026-05-06 21:35:08,2026-05-09 09:35:08,60,-0.005,SL_HIT_REPLAY,LONG,YES
multi_asset_forex_rsi2_mean_reversion::GBPJPY=X::2026-05-06_,GBPJPY=X,multi_asset_copytrader,forex_rsi2_mean_reversion,forex,LOST,2026-05-06 21:35:08,2026-05-09 09:35:08,60,-0.005,SL_HIT_REPLAY,LONG,YES
cc_EURJPY=X_L_202605062108,EURJPY=X,combined_confidence_strategy,combined_confidence,forex,LOST,2026-05-06 21:08:32,2026-05-09 09:08:32,60,-0.006,SL_HIT_REPLAY,LONG,YES
cta_cross_asset_tsmom::CL=F::2026-05-06_2009,CL=F,cta_replicator,cta_cross_asset_tsmom,commodity,LOST,2026-05-06 20:09:06,2026-05-08 20:09:06,48,-0.03,SL_HIT_REPLAY,SHORT,YES
multi_asset_myfxbook_retail_contrarian::EURJPY=X::2026-05-06,EURJPY=X,multi_asset_copytrader,myfxbook_retail_contrarian,forex,LOST,2026-05-06 20:09:04,2026-05-09 08:09:04,60,-0.006,SL_HIT_REPLAY,LONG,YES
multi_asset_myfxbook_retail_contrarian::GBPJPY=X::2026-05-06,GBPJPY=X,multi_asset_copytrader,myfxbook_retail_contrarian,forex,LOST,2026-05-06 20:09:04,2026-05-09 08:09:04,60,-0.006,SL_HIT_REPLAY,LONG,YES
multi_asset_myfxbook_retail_contrarian::USDJPY=X::2026-05-06,USDJPY=X,multi_asset_copytrader,myfxbook_retail_contrarian,forex,LOST,2026-05-06 20:09:04,2026-05-09 08:09:04,60,-0.006,SL_HIT_REPLAY,LONG,YES
multi_asset_cftc_cot_commercial_signal::CT=F::2026-05-06_200,CT=F,multi_asset_copytrader,cftc_cot_commercial_signal,commodity,WON,2026-05-06 20:09:03,2026-05-08 20:09:03,48,0.0483,TP_HIT_REPLAY,SHORT,YES
multi_asset_ig_contrarian_sentiment::EURJPY=X::2026-05-06_20,EURJPY=X,multi_asset_copytrader,ig_contrarian_sentiment,forex,LOST,2026-05-06 20:08:41,2026-05-09 08:08:41,60,-0.005,SL_HIT_REPLAY,LONG,YES
multi_asset_ig_contrarian_sentiment::USDCAD=X::2026-05-06_20,USDCAD=X,multi_asset_copytrader,ig_contrarian_sentiment,forex,LOST,2026-05-06 20:08:41,2026-05-09 08:08:41,60,-0.0039,SL_HIT_REPLAY,LONG,YES
multi_asset_ig_contrarian_sentiment::USDJPY=X::2026-05-06_20,USDJPY=X,multi_asset_copytrader,ig_contrarian_sentiment,forex,LOST,2026-05-06 20:08:41,2026-05-09 08:08:41,60,-0.005,SL_HIT_REPLAY,LONG,YES
multi_asset_futures_momentum::CT=F::2026-05-06_2008,CT=F,multi_asset_copytrader,futures_momentum,commodity,LOST,2026-05-06 20:08:29,2026-05-08 20:08:29,48,-0.03,SL_HIT_REPLAY,LONG,YES
multi_asset_futures_momentum::HG=F::2026-05-06_2008,HG=F,multi_asset_copytrader,futures_momentum,commodity,LOST,2026-05-06 20:08:29,2026-05-08 20:08:29,48,-0.0254,SL_HIT_REPLAY,LONG,YES
multi_asset_futures_momentum::KC=F::2026-05-06_2008,KC=F,multi_asset_copytrader,futures_momentum,commodity,LOST,2026-05-06 20:08:29,2026-05-08 20:08:29,48,-0.03,SL_HIT_REPLAY,SHORT,YES
multi_asset_futures_momentum::SI=F::2026-05-06_2008,SI=F,multi_asset_copytrader,futures_momentum,commodity,LOST,2026-05-06 20:08:29,2026-05-08 20:08:29,48,-0.03,SL_HIT_REPLAY,LONG,YES
multi_asset_forex_carry_momentum::AUDJPY=X::2026-05-06_2008,AUDJPY=X,multi_asset_copytrader,forex_carry_momentum,forex,LOST,2026-05-06 20:08:27,2026-05-09 08:08:27,60,-0.005,SL_HIT_REPLAY,LONG,YES
multi_asset_forex_carry_momentum::NZDUSD=X::2026-05-06_2008,NZDUSD=X,multi_asset_copytrader,forex_carry_momentum,forex,LOST,2026-05-06 20:08:27,2026-05-09 08:08:27,60,-0.005,SL_HIT_REPLAY,LONG,YES
multi_asset_forex_rsi2_mean_reversion::CADJPY=X::2026-05-06_,CADJPY=X,multi_asset_copytrader,forex_rsi2_mean_reversion,forex,LOST,2026-05-06 20:08:27,2026-05-09 08:08:27,60,-0.005,SL_HIT_REPLAY,LONG,YES
multi_asset_forex_rsi2_mean_reversion::EURJPY=X::2026-05-06_,EURJPY=X,multi_asset_copytrader,forex_rsi2_mean_reversion,forex,LOST,2026-05-06 20:08:27,2026-05-09 08:08:27,60,-0.005,SL_HIT_REPLAY,LONG,YES
multi_asset_forex_rsi2_mean_reversion::GBPJPY=X::2026-05-06_,GBPJPY=X,multi_asset_copytrader,forex_rsi2_mean_reversion,forex,LOST,2026-05-06 20:08:27,2026-05-09 08:08:27,60,-0.005,SL_HIT_REPLAY,LONG,YES
cc_GBPJPY=X_L_202605061912,GBPJPY=X,combined_confidence_strategy,combined_confidence,forex,LOST,2026-05-06 19:12:04,2026-05-09 07:12:04,60,-0.005,SL_HIT_REPLAY,LONG,YES
multi_asset_myfxbook_retail_contrarian::EURJPY=X::2026-05-06,EURJPY=X,multi_asset_copytrader,myfxbook_retail_contrarian,forex,LOST,2026-05-06 19:09:48,2026-05-09 07:09:48,60,-0.006,SL_HIT_REPLAY,LONG,YES
multi_asset_myfxbook_retail_contrarian::GBPJPY=X::2026-05-06,GBPJPY=X,multi_asset_copytrader,myfxbook_retail_contrarian,forex,LOST,2026-05-06 19:09:48,2026-05-09 07:09:48,60,-0.006,SL_HIT_REPLAY,LONG,YES
multi_asset_myfxbook_retail_contrarian::USDJPY=X::2026-05-06,USDJPY=X,multi_asset_copytrader,myfxbook_retail_contrarian,forex,LOST,2026-05-06 19:09:48,2026-05-09 07:09:48,60,-0.006,SL_HIT_REPLAY,LONG,YES
multi_asset_cftc_cot_commercial_signal::CT=F::2026-05-06_190,CT=F,multi_asset_copytrader,cftc_cot_commercial_signal,commodity,WON,2026-05-06 19:09:47,2026-05-08 19:09:47,48,0.0483,TP_HIT_REPLAY,SHORT,YES
multi_asset_ig_contrarian_sentiment::EURGBP=X::2026-05-06_19,EURGBP=X,multi_asset_copytrader,ig_contrarian_sentiment,forex,LOST,2026-05-06 19:09:30,2026-05-09 07:09:30,60,-0.0024,SL_HIT_REPLAY,LONG,YES
multi_asset_ig_contrarian_sentiment::GBPJPY=X::2026-05-06_19,GBPJPY=X,multi_asset_copytrader,ig_contrarian_sentiment,forex,LOST,2026-05-06 19:09:30,2026-05-09 07:09:30,60,-0.005,SL_HIT_REPLAY,LONG,YES
multi_asset_ig_contrarian_sentiment::USDCAD=X::2026-05-06_19,USDCAD=X,multi_asset_copytrader,ig_contrarian_sentiment,forex,LOST,2026-05-06 19:09:30,2026-05-09 07:09:30,60,-0.0039,SL_HIT_REPLAY,LONG,YES
multi_asset_ig_contrarian_sentiment::USDJPY=X::2026-05-06_19,USDJPY=X,multi_asset_copytrader,ig_contrarian_sentiment,forex,LOST,2026-05-06 19:09:30,2026-05-09 07:09:30,60,-0.005,SL_HIT_REPLAY,LONG,YES
multi_asset_forex_rsi2_mean_reversion::CADJPY=X::2026-05-06_,CADJPY=X,multi_asset_copytrader,forex_rsi2_mean_reversion,forex,LOST,2026-05-06 19:09:16,2026-05-09 07:09:16,60,-0.005,SL_HIT_REPLAY,LONG,YES
multi_asset_forex_rsi2_mean_reversion::EURJPY=X::2026-05-06_,EURJPY=X,multi_asset_copytrader,forex_rsi2_mean_reversion,forex,LOST,2026-05-06 19:09:16,2026-05-09 07:09:16,60,-0.005,SL_HIT_REPLAY,LONG,YES
multi_asset_forex_rsi2_mean_reversion::GBPJPY=X::2026-05-06_,GBPJPY=X,multi_asset_copytrader,forex_rsi2_mean_reversion,forex,LOST,2026-05-06 19:09:16,2026-05-09 07:09:16,60,-0.005,SL_HIT_REPLAY,LONG,YES
multi_asset_cftc_cot_commercial_signal::CT=F::2026-05-06_180,CT=F,multi_asset_copytrader,cftc_cot_commercial_signal,commodity,WON,2026-05-06 18:06:14,2026-05-08 18:06:14,48,0.0483,TP_HIT_REPLAY,SHORT,YES
multi_asset_myfxbook_retail_contrarian::EURJPY=X::2026-05-06,EURJPY=X,multi_asset_copytrader,myfxbook_retail_contrarian,forex,LOST,2026-05-06 18:06:14,2026-05-09 06:06:14,60,-0.006,SL_HIT_REPLAY,LONG,YES
multi_asset_myfxbook_retail_contrarian::GBPJPY=X::2026-05-06,GBPJPY=X,multi_asset_copytrader,myfxbook_retail_contrarian,forex,LOST,2026-05-06 18:06:14,2026-05-09 06:06:14,60,-0.006,SL_HIT_REPLAY,LONG,YES
multi_asset_myfxbook_retail_contrarian::USDJPY=X::2026-05-06,USDJPY=X,multi_asset_copytrader,myfxbook_retail_contrarian,forex,LOST,2026-05-06 18:06:14,2026-05-09 06:06:14,60,-0.006,SL_HIT_REPLAY,LONG,YES
multi_asset_ig_contrarian_sentiment::EURGBP=X::2026-05-06_18,EURGBP=X,multi_asset_copytrader,ig_contrarian_sentiment,forex,LOST,2026-05-06 18:05:54,2026-05-09 06:05:54,60,-0.0024,SL_HIT_REPLAY,LONG,YES
multi_asset_ig_contrarian_sentiment::EURJPY=X::2026-05-06_18,EURJPY=X,multi_asset_copytrader,ig_contrarian_sentiment,forex,LOST,2026-05-06 18:05:54,2026-05-09 06:05:54,60,-0.005,SL_HIT_REPLAY,LONG,YES
multi_asset_ig_contrarian_sentiment::GBPJPY=X::2026-05-06_18,GBPJPY=X,multi_asset_copytrader,ig_contrarian_sentiment,forex,LOST,2026-05-06 18:05:54,2026-05-09 06:05:54,60,-0.005,SL_HIT_REPLAY,LONG,YES
multi_asset_ig_contrarian_sentiment::USDCAD=X::2026-05-06_18,USDCAD=X,multi_asset_copytrader,ig_contrarian_sentiment,forex,LOST,2026-05-06 18:05:54,2026-05-09 06:05:54,60,-0.0039,SL_HIT_REPLAY,LONG,YES
multi_asset_ig_contrarian_sentiment::USDJPY=X::2026-05-06_18,USDJPY=X,multi_asset_copytrader,ig_contrarian_sentiment,forex,LOST,2026-05-06 18:05:54,2026-05-09 06:05:54,60,-0.005,SL_HIT_REPLAY,LONG,YES
multi_asset_cot_positioning::CT=F::2026-05-06_1805,CT=F,multi_asset_cot,cot_positioning,commodity,WON,2026-05-06 18:05:39,2026-05-08 18:05:39,48,0.0483,TP_HIT_REPLAY,SHORT,YES
multi_asset_futures_momentum::CT=F::2026-05-06_1805,CT=F,multi_asset_copytrader,futures_momentum,commodity,LOST,2026-05-06 18:05:39,2026-05-08 18:05:39,48,-0.03,SL_HIT_REPLAY,LONG,YES
multi_asset_futures_momentum::HG=F::2026-05-06_1706,HG=F,multi_asset_copytrader,futures_momentum,commodity,LOST,2026-05-06 18:05:39,2026-05-08 18:05:39,48,-0.0254,SL_HIT_REPLAY,LONG,YES
multi_asset_futures_momentum::KC=F::2026-05-06_1805,KC=F,multi_asset_copytrader,futures_momentum,commodity,LOST,2026-05-06 18:05:39,2026-05-08 18:05:39,48,-0.03,SL_HIT_REPLAY,SHORT,YES
multi_asset_forex_carry_momentum::AUDJPY=X::2026-05-06_1805,AUDJPY=X,multi_asset_copytrader,forex_carry_momentum,forex,LOST,2026-05-06 18:05:37,2026-05-09 06:05:37,60,-0.005,SL_HIT_REPLAY,LONG,YES
multi_asset_forex_carry_momentum::NZDUSD=X::2026-05-06_1805,NZDUSD=X,multi_asset_copytrader,forex_carry_momentum,forex,LOST,2026-05-06 18:05:37,2026-05-09 06:05:37,60,-0.005,SL_HIT_REPLAY,LONG,YES
multi_asset_forex_rsi2_mean_reversion::CADJPY=X::2026-05-06_,CADJPY=X,multi_asset_copytrader,forex_rsi2_mean_reversion,forex,LOST,2026-05-06 18:05:37,2026-05-09 06:05:37,60,-0.005,SL_HIT_REPLAY,LONG,YES
multi_asset_forex_rsi2_mean_reversion::GBPJPY=X::2026-05-06_,GBPJPY=X,multi_asset_copytrader,forex_rsi2_mean_reversion,forex,LOST,2026-05-06 18:05:37,2026-05-09 06:05:37,60,-0.005,SL_HIT_REPLAY,LONG,YES
cta_cross_asset_tsmom::CL=F::2026-05-06_1707,CL=F,cta_replicator,cta_cross_asset_tsmom,commodity,LOST,2026-05-06 17:07:36,2026-05-08 17:07:36,48,-0.03,SL_HIT_REPLAY,SHORT,YES
multi_asset_cftc_cot_commercial_signal::CT=F::2026-05-06_170,CT=F,multi_asset_copytrader,cftc_cot_commercial_signal,commodity,WON,2026-05-06 17:07:34,2026-05-08 17:07:34,48,0.0483,TP_HIT_REPLAY,SHORT,YES
multi_asset_myfxbook_retail_contrarian::EURJPY=X::2026-05-06,EURJPY=X,multi_asset_copytrader,myfxbook_retail_contrarian,forex,LOST,2026-05-06 17:07:34,2026-05-09 05:07:34,60,-0.006,SL_HIT_REPLAY,LONG,YES
multi_asset_myfxbook_retail_contrarian::GBPJPY=X::2026-05-06,GBPJPY=X,multi_asset_copytrader,myfxbook_retail_contrarian,forex,LOST,2026-05-06 17:07:34,2026-05-09 05:07:34,60,-0.006,SL_HIT_REPLAY,LONG,YES
multi_asset_myfxbook_retail_contrarian::USDJPY=X::2026-05-06,USDJPY=X,multi_asset_copytrader,myfxbook_retail_contrarian,forex,LOST,2026-05-06 17:07:34,2026-05-09 05:07:34,60,-0.006,SL_HIT_REPLAY,LONG,YES
multi_asset_ig_contrarian_sentiment::EURJPY=X::2026-05-06_17,EURJPY=X,multi_asset_copytrader,ig_contrarian_sentiment,forex,LOST,2026-05-06 17:06:36,2026-05-09 05:06:36,60,-0.005,SL_HIT_REPLAY,LONG,YES
multi_asset_cot_positioning::CT=F::2026-05-06_1706,CT=F,multi_asset_cot,cot_positioning,commodity,WON,2026-05-06 17:06:30,2026-05-08 17:06:30,48,0.0483,TP_HIT_REPLAY,SHORT,YES
multi_asset_futures_momentum::KC=F::2026-05-06_1706,KC=F,multi_asset_copytrader,futures_momentum,commodity,LOST,2026-05-06 17:06:30,2026-05-08 17:06:30,48,-0.03,SL_HIT_REPLAY,SHORT,YES
multi_asset_forex_carry_momentum::AUDJPY=X::2026-05-06_1706,AUDJPY=X,multi_asset_copytrader,forex_carry_momentum,forex,LOST,2026-05-06 17:06:27,2026-05-09 05:06:27,60,-0.005,SL_HIT_REPLAY,LONG,YES
multi_asset_forex_carry_momentum::NZDUSD=X::2026-05-06_1706,NZDUSD=X,multi_asset_copytrader,forex_carry_momentum,forex,LOST,2026-05-06 17:06:27,2026-05-09 05:06:27,60,-0.005,SL_HIT_REPLAY,LONG,YES
multi_asset_forex_rsi2_mean_reversion::CADJPY=X::2026-05-06_,CADJPY=X,multi_asset_copytrader,forex_rsi2_mean_reversion,forex,LOST,2026-05-06 17:06:27,2026-05-09 05:06:27,60,-0.005,SL_HIT_REPLAY,LONG,YES
multi_asset_forex_rsi2_mean_reversion::EURJPY=X::2026-05-06_,EURJPY=X,multi_asset_copytrader,forex_rsi2_mean_reversion,forex,LOST,2026-05-06 17:06:27,2026-05-09 05:06:27,60,-0.005,SL_HIT_REPLAY,LONG,YES
multi_asset_forex_rsi2_mean_reversion::GBPJPY=X::2026-05-06_,GBPJPY=X,multi_asset_copytrader,forex_rsi2_mean_reversion,forex,LOST,2026-05-06 17:06:27,2026-05-09 05:06:27,60,-0.005,SL_HIT_REPLAY,LONG,YES
cta_cross_asset_tsmom::CL=F::2026-05-06_1614,CL=F,cta_replicator,cta_cross_asset_tsmom,commodity,LOST,2026-05-06 16:14:49,2026-05-08 16:14:49,48,-0.03,SL_HIT_REPLAY,SHORT,YES
multi_asset_myfxbook_retail_contrarian::EURJPY=X::2026-05-06,EURJPY=X,multi_asset_copytrader,myfxbook_retail_contrarian,forex,LOST,2026-05-06 16:14:48,2026-05-09 04:14:48,60,-0.006,SL_HIT_REPLAY,LONG,YES
multi_asset_myfxbook_retail_contrarian::GBPJPY=X::2026-05-06,GBPJPY=X,multi_asset_copytrader,myfxbook_retail_contrarian,forex,LOST,2026-05-06 16:14:48,2026-05-09 04:14:48,60,-0.006,SL_HIT_REPLAY,LONG,YES
multi_asset_myfxbook_retail_contrarian::USDJPY=X::2026-05-06,USDJPY=X,multi_asset_copytrader,myfxbook_retail_contrarian,forex,LOST,2026-05-06 16:14:48,2026-05-09 04:14:48,60,-0.006,SL_HIT_REPLAY,LONG,YES
multi_asset_cftc_cot_commercial_signal::CT=F::2026-05-06_161,CT=F,multi_asset_copytrader,cftc_cot_commercial_signal,commodity,WON,2026-05-06 16:14:47,2026-05-08 16:14:47,48,0.0483,TP_HIT_REPLAY,SHORT,YES
multi_asset_cftc_cot_commercial_signal::ZS=F::2026-05-06_161,ZS=F,multi_asset_copytrader,cftc_cot_commercial_signal,commodity,LOST,2026-05-06 16:14:47,2026-05-08 16:14:47,48,-0.0192,SL_HIT_REPLAY,SHORT,YES
multi_asset_ig_contrarian_sentiment::EURJPY=X::2026-05-06_16,EURJPY=X,multi_asset_copytrader,ig_contrarian_sentiment,forex,LOST,2026-05-06 16:14:21,2026-05-09 04:14:21,60,-0.005,SL_HIT_REPLAY,LONG,YES
multi_asset_ig_contrarian_sentiment::GBPJPY=X::2026-05-06_16,GBPJPY=X,multi_asset_copytrader,ig_contrarian_sentiment,forex,LOST,2026-05-06 16:14:21,2026-05-09 04:14:21,60,-0.005,SL_HIT_REPLAY,LONG,YES
multi_asset_cot_positioning::CT=F::2026-05-06_1614,CT=F,multi_asset_cot,cot_positioning,commodity,WON,2026-05-06 16:14:10,2026-05-08 16:14:10,48,0.0483,TP_HIT_REPLAY,SHORT,YES
multi_asset_futures_momentum::HG=F::2026-05-06_1614,HG=F,multi_asset_copytrader,futures_momentum,commodity,LOST,2026-05-06 16:14:10,2026-05-08 16:14:10,48,-0.0254,SL_HIT_REPLAY,LONG,YES
multi_asset_futures_momentum::KC=F::2026-05-06_1614,KC=F,multi_asset_copytrader,futures_momentum,commodity,LOST,2026-05-06 16:14:10,2026-05-08 16:14:10,48,-0.03,SL_HIT_REPLAY,SHORT,YES
multi_asset_forex_carry_momentum::AUDJPY=X::2026-05-06_1614,AUDJPY=X,multi_asset_copytrader,forex_carry_momentum,forex,LOST,2026-05-06 16:14:08,2026-05-09 04:14:08,60,-0.005,SL_HIT_REPLAY,LONG,YES
multi_asset_forex_carry_momentum::NZDUSD=X::2026-05-06_1614,NZDUSD=X,multi_asset_copytrader,forex_carry_momentum,forex,LOST,2026-05-06 16:14:08,2026-05-09 04:14:08,60,-0.005,SL_HIT_REPLAY,LONG,YES
multi_asset_forex_rsi2_mean_reversion::CADJPY=X::2026-05-06_,CADJPY=X,multi_asset_copytrader,forex_rsi2_mean_reversion,forex,LOST,2026-05-06 16:14:08,2026-05-09 04:14:08,60,-0.005,SL_HIT_REPLAY,LONG,YES
multi_asset_forex_rsi2_mean_reversion::GBPJPY=X::2026-05-06_,GBPJPY=X,multi_asset_copytrader,forex_rsi2_mean_reversion,forex,LOST,2026-05-06 16:14:08,2026-05-09 04:14:08,60,-0.005,SL_HIT_REPLAY,LONG,YES
fx_smart_02ecd77df1c0,GBPUSD=X,alpha_engine,fx_smart_forex_rsi2_mean_reversion,forex,WON,2026-05-06 14:53:36,2026-05-09 02:53:36,60,0.008,TP_HIT_REPLAY,LONG,YES
fx_smart_3b996016d2f2,AUDUSD=X,alpha_engine,fx_smart_carry_trade_momentum,forex,WON,2026-05-06 14:53:36,2026-05-09 02:53:36,60,0.008,TP_HIT_REPLAY,LONG,YES
fx_smart_81607b084842,AUDJPY=X,alpha_engine,fx_smart_carry_trade_momentum,forex,WON,2026-05-06 14:53:36,2026-05-09 02:53:36,60,0.008,TP_HIT_REPLAY,LONG,YES
fx_smart_a72de87a4804,EURJPY=X,alpha_engine,fx_smart_forex_mean_reversion_200d,forex,LOST,2026-05-06 14:53:36,2026-05-09 02:53:36,60,-0.005,SL_HIT_REPLAY,SHORT,YES
fx_smart_d1112fd5bf4c,USDJPY=X,alpha_engine,fx_smart_forex_mean_reversion_200d,forex,WON,2026-05-06 14:53:36,2026-05-09 02:53:36,60,0.008,TP_HIT_REPLAY,SHORT,YES
fx_smart_f24db1401bfb,USDCHF=X,alpha_engine,fx_smart_forex_rsi2_mean_reversion,forex,WON,2026-05-06 14:53:36,2026-05-09 02:53:36,60,0.008,TP_HIT_REPLAY,SHORT,YES
multi_asset_futures_momentum::SI=F::2026-05-06_1421,SI=F,multi_asset_copytrader,futures_momentum,commodity,LOST,2026-05-06 14:21:48,2026-05-08 14:21:48,48,-0.03,SL_HIT_REPLAY,LONG,YES
cc_SI=F_L_202605061313,SI=F,combined_confidence_strategy,combined_confidence,commodity,LOST,2026-05-06 13:13:31,2026-05-08 13:13:31,48,-0.0633,SL_HIT_REPLAY,LONG,YES
multi_asset_futures_momentum::CT=F::2026-05-06_1310,CT=F,multi_asset_copytrader,futures_momentum,commodity,LOST,2026-05-06 13:10:13,2026-05-08 13:10:13,48,-0.03,SL_HIT_REPLAY,LONG,YES
multi_asset_myfxbook_retail_contrarian::EURJPY=X::2026-05-06,EURJPY=X,multi_asset_copytrader,myfxbook_retail_contrarian,forex,LOST,2026-05-06 12:13:15,2026-05-09 00:13:15,60,-0.006,SL_HIT_REPLAY,LONG,YES
multi_asset_myfxbook_retail_contrarian::GBPJPY=X::2026-05-06,GBPJPY=X,multi_asset_copytrader,myfxbook_retail_contrarian,forex,LOST,2026-05-06 12:13:15,2026-05-09 00:13:15,60,-0.006,SL_HIT_REPLAY,LONG,YES
multi_asset_myfxbook_retail_contrarian::USDJPY=X::2026-05-06,USDJPY=X,multi_asset_copytrader,myfxbook_retail_contrarian,forex,LOST,2026-05-06 12:13:15,2026-05-09 00:13:15,60,-0.006,SL_HIT_REPLAY,LONG,YES
multi_asset_cftc_cot_commercial_signal::CT=F::2026-05-06_121,CT=F,multi_asset_copytrader,cftc_cot_commercial_signal,commodity,WON,2026-05-06 12:13:14,2026-05-08 12:13:14,48,0.0484,TP_HIT_REPLAY,SHORT,YES
multi_asset_ig_contrarian_sentiment::EURJPY=X::2026-05-06_12,EURJPY=X,multi_asset_copytrader,ig_contrarian_sentiment,forex,LOST,2026-05-06 12:12:58,2026-05-09 00:12:58,60,-0.005,SL_HIT_REPLAY,LONG,YES
multi_asset_ig_contrarian_sentiment::USDJPY=X::2026-05-06_12,USDJPY=X,multi_asset_copytrader,ig_contrarian_sentiment,forex,LOST,2026-05-06 12:12:58,2026-05-09 00:12:58,60,-0.005,SL_HIT_REPLAY,LONG,YES
multi_asset_cot_positioning::CT=F::2026-05-06_1212,CT=F,multi_asset_cot,cot_positioning,commodity,WON,2026-05-06 12:12:48,2026-05-08 12:12:48,48,0.0484,TP_HIT_REPLAY,SHORT,YES
multi_asset_futures_momentum::HG=F::2026-05-06_1212,HG=F,multi_asset_copytrader,futures_momentum,commodity,LOST,2026-05-06 12:12:48,2026-05-08 12:12:48,48,-0.0254,SL_HIT_REPLAY,LONG,YES
multi_asset_stocks_rsi2_pullback::NVDA::2026-05-06_1212,NVDA,multi_asset_copytrader,stocks_rsi2_pullback,equity,WON,2026-05-06 12:12:48,2026-05-08 12:12:48,48,0.05,TP_HIT_REPLAY,LONG,YES
multi_asset_forex_carry_momentum::AUDJPY=X::2026-05-06_1212,AUDJPY=X,multi_asset_copytrader,forex_carry_momentum,forex,LOST,2026-05-06 12:12:46,2026-05-09 00:12:46,60,-0.005,SL_HIT_REPLAY,LONG,YES
cta_cross_asset_tsmom::CL=F::2026-05-06_1118,CL=F,cta_replicator,cta_cross_asset_tsmom,commodity,LOST,2026-05-06 11:18:22,2026-05-08 11:18:22,48,-0.03,SL_HIT_REPLAY,SHORT,YES
cta_fx_multifactor::USDJPY=X::2026-05-06_1118,USDJPY=X,cta_replicator,cta_fx_multifactor,forex,WON,2026-05-06 11:18:22,2026-05-08 23:18:22,60,0.0123,TP_HIT_REPLAY,LONG,YES
multi_asset_myfxbook_retail_contrarian::EURJPY=X::2026-05-06,EURJPY=X,multi_asset_copytrader,myfxbook_retail_contrarian,forex,LOST,2026-05-06 11:18:20,2026-05-08 23:18:20,60,-0.006,SL_HIT_REPLAY,LONG,YES
multi_asset_myfxbook_retail_contrarian::GBPJPY=X::2026-05-06,GBPJPY=X,multi_asset_copytrader,myfxbook_retail_contrarian,forex,LOST,2026-05-06 11:18:20,2026-05-08 23:18:20,60,-0.006,SL_HIT_REPLAY,LONG,YES
multi_asset_myfxbook_retail_contrarian::USDJPY=X::2026-05-06,USDJPY=X,multi_asset_copytrader,myfxbook_retail_contrarian,forex,WON,2026-05-06 11:18:20,2026-05-08 23:18:20,60,0.008,TP_HIT_REPLAY,LONG,YES
multi_asset_cftc_cot_commercial_signal::CT=F::2026-05-06_111,CT=F,multi_asset_copytrader,cftc_cot_commercial_signal,commodity,WON,2026-05-06 11:18:19,2026-05-08 11:18:19,48,0.0484,TP_HIT_REPLAY,SHORT,YES
multi_asset_ig_contrarian_sentiment::EURGBP=X::2026-05-06_11,EURGBP=X,multi_asset_copytrader,ig_contrarian_sentiment,forex,LOST,2026-05-06 11:18:02,2026-05-08 23:18:02,60,-0.0024,SL_HIT_REPLAY,LONG,YES
multi_asset_ig_contrarian_sentiment::EURJPY=X::2026-05-06_11,EURJPY=X,multi_asset_copytrader,ig_contrarian_sentiment,forex,LOST,2026-05-06 11:18:02,2026-05-08 23:18:02,60,-0.005,SL_HIT_REPLAY,LONG,YES
multi_asset_ig_contrarian_sentiment::GBPJPY=X::2026-05-06_11,GBPJPY=X,multi_asset_copytrader,ig_contrarian_sentiment,forex,LOST,2026-05-06 11:18:02,2026-05-08 23:18:02,60,-0.005,SL_HIT_REPLAY,LONG,YES
multi_asset_ig_contrarian_sentiment::USDJPY=X::2026-05-06_11,USDJPY=X,multi_asset_copytrader,ig_contrarian_sentiment,forex,LOST,2026-05-06 11:18:02,2026-05-08 23:18:02,60,-0.005,SL_HIT_REPLAY,LONG,YES
multi_asset_cot_positioning::CT=F::2026-05-06_1117,CT=F,multi_asset_cot,cot_positioning,commodity,WON,2026-05-06 11:17:52,2026-05-08 11:17:52,48,0.0484,TP_HIT_REPLAY,SHORT,YES
multi_asset_futures_momentum::HG=F::2026-05-06_1117,HG=F,multi_asset_copytrader,futures_momentum,commodity,LOST,2026-05-06 11:17:51,2026-05-08 11:17:51,48,-0.0253,SL_HIT_REPLAY,LONG,YES
multi_asset_futures_momentum::SI=F::2026-05-06_1117,SI=F,multi_asset_copytrader,futures_momentum,commodity,LOST,2026-05-06 11:17:51,2026-05-08 11:17:51,48,-0.03,SL_HIT_REPLAY,LONG,YES
multi_asset_forex_carry_momentum::AUDJPY=X::2026-05-06_1117,AUDJPY=X,multi_asset_copytrader,forex_carry_momentum,forex,LOST,2026-05-06 11:17:49,2026-05-08 23:17:49,60,-0.005,SL_HIT_REPLAY,LONG,YES
multi_asset_forex_carry_momentum::NZDUSD=X::2026-05-06_1117,NZDUSD=X,multi_asset_copytrader,forex_carry_momentum,forex,LOST,2026-05-06 11:17:49,2026-05-08 23:17:49,60,-0.005,SL_HIT_REPLAY,LONG,YES
multi_asset_forex_rsi2_mean_reversion::CADJPY=X::2026-05-06_,CADJPY=X,multi_asset_copytrader,forex_rsi2_mean_reversion,forex,WON,2026-05-06 11:17:49,2026-05-08 23:17:49,60,0.008,TP_HIT_REPLAY,LONG,YES
multi_asset_forex_rsi2_mean_reversion::EURJPY=X::2026-05-06_,EURJPY=X,multi_asset_copytrader,forex_rsi2_mean_reversion,forex,LOST,2026-05-06 11:17:49,2026-05-08 23:17:49,60,-0.005,SL_HIT_REPLAY,LONG,YES
multi_asset_forex_rsi2_mean_reversion::GBPJPY=X::2026-05-06_,GBPJPY=X,multi_asset_copytrader,forex_rsi2_mean_reversion,forex,LOST,2026-05-06 11:17:49,2026-05-08 23:17:49,60,-0.005,SL_HIT_REPLAY,LONG,YES
multi_asset_cftc_cot_commercial_signal::CT=F::2026-05-06_102,CT=F,multi_asset_copytrader,cftc_cot_commercial_signal,commodity,WON,2026-05-06 10:21:47,2026-05-08 10:21:47,48,0.0484,TP_HIT_REPLAY,SHORT,YES
multi_asset_cftc_cot_commercial_signal::CT=F::2026-05-06_092,CT=F,multi_asset_copytrader,cftc_cot_commercial_signal,commodity,WON,2026-05-06 09:23:20,2026-05-08 09:23:20,48,0.048,TP_HIT_REPLAY,SHORT,YES
cta_cross_asset_tsmom::CL=F::2026-05-06_0445,CL=F,cta_replicator,cta_cross_asset_tsmom,commodity,WON,2026-05-06 04:45:50,2026-05-08 04:45:50,48,0.05,TP_HIT_REPLAY,SHORT,YES
cta_fx_multifactor::USDJPY=X::2026-05-06_0445,USDJPY=X,cta_replicator,cta_fx_multifactor,forex,WON,2026-05-06 04:45:50,2026-05-08 16:45:50,60,0.0119,TP_HIT_REPLAY,LONG,YES
multi_asset_myfxbook_retail_contrarian::EURJPY=X::2026-05-06,EURJPY=X,multi_asset_copytrader,myfxbook_retail_contrarian,forex,WON,2026-05-06 04:45:48,2026-05-08 16:45:48,60,0.008,TP_HIT_REPLAY,LONG,YES
multi_asset_myfxbook_retail_contrarian::GBPJPY=X::2026-05-06,GBPJPY=X,multi_asset_copytrader,myfxbook_retail_contrarian,forex,WON,2026-05-06 04:45:48,2026-05-08 16:45:48,60,0.008,TP_HIT_REPLAY,LONG,YES
multi_asset_myfxbook_retail_contrarian::USDJPY=X::2026-05-06,USDJPY=X,multi_asset_copytrader,myfxbook_retail_contrarian,forex,LOST,2026-05-06 04:45:48,2026-05-08 16:45:48,60,-0.006,SL_HIT_REPLAY,LONG,YES
multi_asset_ig_contrarian_sentiment::EURJPY=X::2026-05-06_04,EURJPY=X,multi_asset_copytrader,ig_contrarian_sentiment,forex,LOST,2026-05-06 04:45:30,2026-05-08 16:45:30,60,-0.005,SL_HIT_REPLAY,LONG,YES
multi_asset_ig_contrarian_sentiment::GBPJPY=X::2026-05-06_04,GBPJPY=X,multi_asset_copytrader,ig_contrarian_sentiment,forex,WON,2026-05-06 04:45:30,2026-05-08 16:45:30,60,0.008,TP_HIT_REPLAY,LONG,YES
multi_asset_ig_contrarian_sentiment::USDJPY=X::2026-05-06_04,USDJPY=X,multi_asset_copytrader,ig_contrarian_sentiment,forex,LOST,2026-05-06 04:45:30,2026-05-08 16:45:30,60,-0.005,SL_HIT_REPLAY,LONG,YES
multi_asset_forex_carry_momentum::AUDJPY=X::2026-05-06_0445,AUDJPY=X,multi_asset_copytrader,forex_carry_momentum,forex,LOST,2026-05-06 04:45:08,2026-05-08 16:45:08,60,-0.005,SL_HIT_REPLAY,LONG,YES
multi_asset_forex_carry_momentum::NZDUSD=X::2026-05-06_0445,NZDUSD=X,multi_asset_copytrader,forex_carry_momentum,forex,LOST,2026-05-06 04:45:08,2026-05-08 16:45:08,60,-0.005,SL_HIT_REPLAY,LONG,YES
multi_asset_forex_rsi2_mean_reversion::CADJPY=X::2026-05-06_,CADJPY=X,multi_asset_copytrader,forex_rsi2_mean_reversion,forex,LOST,2026-05-06 04:45:08,2026-05-08 16:45:08,60,-0.005,SL_HIT_REPLAY,LONG,YES
multi_asset_forex_rsi2_mean_reversion::EURJPY=X::2026-05-06_,EURJPY=X,multi_asset_copytrader,forex_rsi2_mean_reversion,forex,LOST,2026-05-06 04:45:08,2026-05-08 16:45:08,60,-0.005,SL_HIT_REPLAY,LONG,YES
multi_asset_forex_rsi2_mean_reversion::GBPJPY=X::2026-05-06_,GBPJPY=X,multi_asset_copytrader,forex_rsi2_mean_reversion,forex,WON,2026-05-06 04:45:08,2026-05-08 16:45:08,60,0.008,TP_HIT_REPLAY,LONG,YES
multi_asset_forex_carry_momentum::AUDJPY=X::2026-05-06_0318,AUDJPY=X,multi_asset_copytrader,forex_carry_momentum,forex,LOST,2026-05-06 03:18:24,2026-05-08 15:18:24,60,-0.005,SL_HIT_REPLAY,LONG,YES
multi_asset_forex_carry_momentum::NZDUSD=X::2026-05-06_0318,NZDUSD=X,multi_asset_copytrader,forex_carry_momentum,forex,LOST,2026-05-06 03:18:24,2026-05-08 15:18:24,60,-0.005,SL_HIT_REPLAY,LONG,YES
cta_cross_asset_tsmom::USDJPY=X::2026-05-06_0055,USDJPY=X,cta_replicator,cta_cross_asset_tsmom,forex,LOST,2026-05-06 00:55:57,2026-05-08 12:55:57,60,-0.002,SL_HIT_REPLAY,SHORT,YES
multi_asset_forex_carry_momentum::NZDUSD=X::2026-05-06_0055,NZDUSD=X,multi_asset_copytrader,forex_carry_momentum,forex,LOST,2026-05-06 00:55:18,2026-05-08 12:55:18,60,-0.005,SL_HIT_REPLAY,LONG,YES
cta_cross_asset_tsmom::USDJPY=X::2026-05-05_2326,USDJPY=X,cta_replicator,cta_cross_asset_tsmom,forex,WON,2026-05-05 23:26:40,2026-05-08 11:26:40,60,0.003,TP_HIT_REPLAY,SHORT,YES
multi_asset_cftc_cot_commercial_signal::CT=F::2026-05-05_232,CT=F,multi_asset_copytrader,cftc_cot_commercial_signal,commodity,WON,2026-05-05 23:26:37,2026-05-07 23:26:37,48,0.0419,TP_HIT_REPLAY,SHORT,YES
multi_asset_cot_positioning::CT=F::2026-05-05_2326,CT=F,multi_asset_cot,cot_positioning,commodity,WON,2026-05-05 23:26:08,2026-05-07 23:26:08,48,0.0419,TP_HIT_REPLAY,SHORT,YES
multi_asset_forex_carry_momentum::AUDJPY=X::2026-05-05_2326,AUDJPY=X,multi_asset_copytrader,forex_carry_momentum,forex,LOST,2026-05-05 23:26:06,2026-05-08 11:26:06,60,-0.005,SL_HIT_REPLAY,LONG,YES
multi_asset_forex_carry_momentum::GBPJPY=X::2026-05-05_2326,GBPJPY=X,multi_asset_copytrader,forex_carry_momentum,forex,LOST,2026-05-05 23:26:06,2026-05-08 11:26:06,60,-0.005,SL_HIT_REPLAY,LONG,YES
multi_asset_forex_carry_momentum::NZDUSD=X::2026-05-05_2326,NZDUSD=X,multi_asset_copytrader,forex_carry_momentum,forex,LOST,2026-05-05 23:26:06,2026-05-08 11:26:06,60,-0.005,SL_HIT_REPLAY,LONG,YES
multi_asset_cftc_cot_commercial_signal::CT=F::2026-05-05_222,CT=F,multi_asset_copytrader,cftc_cot_commercial_signal,commodity,WON,2026-05-05 22:28:58,2026-05-07 22:28:58,48,0.0419,TP_HIT_REPLAY,SHORT,YES
multi_asset_cot_positioning::CT=F::2026-05-05_2228,CT=F,multi_asset_cot,cot_positioning,commodity,WON,2026-05-05 22:28:31,2026-05-07 22:28:31,48,0.0419,TP_HIT_REPLAY,SHORT,YES
cta_cross_asset_tsmom::NZDUSD=X::2026-05-05_2130,NZDUSD=X,cta_replicator,cta_cross_asset_tsmom,forex,LOST,2026-05-05 21:30:50,2026-05-08 09:30:50,60,-0.002,SL_HIT_REPLAY,LONG,YES
cta_cross_asset_tsmom::USDJPY=X::2026-05-05_2130,USDJPY=X,cta_replicator,cta_cross_asset_tsmom,forex,WON,2026-05-05 21:30:50,2026-05-08 09:30:50,60,0.003,TP_HIT_REPLAY,SHORT,YES
multi_asset_cftc_cot_commercial_signal::CT=F::2026-05-05_213,CT=F,multi_asset_copytrader,cftc_cot_commercial_signal,commodity,WON,2026-05-05 21:30:48,2026-05-07 21:30:48,48,0.0419,TP_HIT_REPLAY,SHORT,YES
multi_asset_ig_contrarian_sentiment::EURJPY=X::2026-05-05_21,EURJPY=X,multi_asset_copytrader,ig_contrarian_sentiment,forex,LOST,2026-05-05 21:30:32,2026-05-08 09:30:32,60,-0.005,SL_HIT_REPLAY,LONG,YES
multi_asset_cot_positioning::CT=F::2026-05-05_2130,CT=F,multi_asset_cot,cot_positioning,commodity,WON,2026-05-05 21:30:22,2026-05-07 21:30:22,48,0.0419,TP_HIT_REPLAY,SHORT,YES
multi_asset_forex_carry_momentum::AUDJPY=X::2026-05-05_2130,AUDJPY=X,multi_asset_copytrader,forex_carry_momentum,forex,LOST,2026-05-05 21:30:20,2026-05-08 09:30:20,60,-0.005,SL_HIT_REPLAY,LONG,YES
multi_asset_forex_carry_momentum::GBPJPY=X::2026-05-05_2130,GBPJPY=X,multi_asset_copytrader,forex_carry_momentum,forex,LOST,2026-05-05 21:30:20,2026-05-08 09:30:20,60,-0.005,SL_HIT_REPLAY,LONG,YES
cta_cross_asset_tsmom::NZDUSD=X::2026-05-05_1943,NZDUSD=X,cta_replicator,cta_cross_asset_tsmom,forex,LOST,2026-05-05 19:43:20,2026-05-08 07:43:20,60,-0.002,SL_HIT_REPLAY,LONG,YES
cta_cross_asset_tsmom::USDJPY=X::2026-05-05_1943,USDJPY=X,cta_replicator,cta_cross_asset_tsmom,forex,WON,2026-05-05 19:43:20,2026-05-08 07:43:20,60,0.003,TP_HIT_REPLAY,SHORT,YES
multi_asset_cftc_cot_commercial_signal::CT=F::2026-05-05_194,CT=F,multi_asset_copytrader,cftc_cot_commercial_signal,commodity,WON,2026-05-05 19:43:04,2026-05-07 19:43:04,48,0.0419,TP_HIT_REPLAY,SHORT,YES
multi_asset_ig_contrarian_sentiment::EURJPY=X::2026-05-05_19,EURJPY=X,multi_asset_copytrader,ig_contrarian_sentiment,forex,LOST,2026-05-05 19:42:42,2026-05-08 07:42:42,60,-0.005,SL_HIT_REPLAY,LONG,YES
multi_asset_cot_positioning::CT=F::2026-05-05_1942,CT=F,multi_asset_cot,cot_positioning,commodity,WON,2026-05-05 19:42:33,2026-05-07 19:42:33,48,0.0419,TP_HIT_REPLAY,SHORT,YES
multi_asset_forex_carry_momentum::AUDJPY=X::2026-05-05_1942,AUDJPY=X,multi_asset_copytrader,forex_carry_momentum,forex,LOST,2026-05-05 19:42:31,2026-05-08 07:42:31,60,-0.005,SL_HIT_REPLAY,LONG,YES
multi_asset_forex_carry_momentum::CADJPY=X::2026-05-05_1942,CADJPY=X,multi_asset_copytrader,forex_carry_momentum,forex,LOST,2026-05-05 19:42:31,2026-05-08 07:42:31,60,-0.005,SL_HIT_REPLAY,LONG,YES
multi_asset_forex_carry_momentum::GBPJPY=X::2026-05-05_1942,GBPJPY=X,multi_asset_copytrader,forex_carry_momentum,forex,LOST,2026-05-05 19:42:31,2026-05-08 07:42:31,60,-0.005,SL_HIT_REPLAY,LONG,YES
multi_asset_forex_carry_momentum::NZDUSD=X::2026-05-05_1942,NZDUSD=X,multi_asset_copytrader,forex_carry_momentum,forex,LOST,2026-05-05 19:42:31,2026-05-08 07:42:31,60,-0.005,SL_HIT_REPLAY,LONG,YES
cta_cross_asset_tsmom::CL=F::2026-05-05_1843,CL=F,cta_replicator,cta_cross_asset_tsmom,commodity,LOST,2026-05-05 18:43:23,2026-05-07 18:43:23,48,-0.03,SL_HIT_REPLAY,SHORT,YES
cta_cross_asset_tsmom::NZDUSD=X::2026-05-05_1843,NZDUSD=X,cta_replicator,cta_cross_asset_tsmom,forex,LOST,2026-05-05 18:43:23,2026-05-08 06:43:23,60,-0.002,SL_HIT_REPLAY,LONG,YES
cta_cross_asset_tsmom::USDJPY=X::2026-05-05_1843,USDJPY=X,cta_replicator,cta_cross_asset_tsmom,forex,WON,2026-05-05 18:43:23,2026-05-08 06:43:23,60,0.003,TP_HIT_REPLAY,SHORT,YES
multi_asset_cftc_cot_commercial_signal::CT=F::2026-05-05_184,CT=F,multi_asset_copytrader,cftc_cot_commercial_signal,commodity,WON,2026-05-05 18:43:08,2026-05-07 18:43:08,48,0.0419,TP_HIT_REPLAY,SHORT,YES
multi_asset_cot_positioning::CT=F::2026-05-05_1842,CT=F,multi_asset_cot,cot_positioning,commodity,WON,2026-05-05 18:42:38,2026-05-07 18:42:38,48,0.0419,TP_HIT_REPLAY,SHORT,YES
multi_asset_forex_carry_momentum::AUDJPY=X::2026-05-05_1842,AUDJPY=X,multi_asset_copytrader,forex_carry_momentum,forex,LOST,2026-05-05 18:42:36,2026-05-08 06:42:36,60,-0.005,SL_HIT_REPLAY,LONG,YES
multi_asset_forex_carry_momentum::CADJPY=X::2026-05-05_1842,CADJPY=X,multi_asset_copytrader,forex_carry_momentum,forex,LOST,2026-05-05 18:42:36,2026-05-08 06:42:36,60,-0.005,SL_HIT_REPLAY,LONG,YES
multi_asset_forex_carry_momentum::GBPJPY=X::2026-05-05_1842,GBPJPY=X,multi_asset_copytrader,forex_carry_momentum,forex,LOST,2026-05-05 18:42:36,2026-05-08 06:42:36,60,-0.005,SL_HIT_REPLAY,LONG,YES
multi_asset_forex_carry_momentum::NZDUSD=X::2026-05-05_1842,NZDUSD=X,multi_asset_copytrader,forex_carry_momentum,forex,LOST,2026-05-05 18:42:36,2026-05-08 06:42:36,60,-0.005,SL_HIT_REPLAY,LONG,YES
cta_cross_asset_tsmom::CL=F::2026-05-05_1643,CL=F,cta_replicator,cta_cross_asset_tsmom,commodity,LOST,2026-05-05 16:43:57,2026-05-07 16:43:57,48,-0.03,SL_HIT_REPLAY,SHORT,YES
cta_cross_asset_tsmom::NZDUSD=X::2026-05-05_1643,NZDUSD=X,cta_replicator,cta_cross_asset_tsmom,forex,LOST,2026-05-05 16:43:57,2026-05-08 04:43:57,60,-0.002,SL_HIT_REPLAY,LONG,YES
cta_cross_asset_tsmom::USDJPY=X::2026-05-05_1643,USDJPY=X,cta_replicator,cta_cross_asset_tsmom,forex,WON,2026-05-05 16:43:57,2026-05-08 04:43:57,60,0.003,TP_HIT_REPLAY,SHORT,YES
multi_asset_cftc_cot_commercial_signal::CT=F::2026-05-05_164,CT=F,multi_asset_copytrader,cftc_cot_commercial_signal,commodity,WON,2026-05-05 16:43:54,2026-05-07 16:43:54,48,0.0419,TP_HIT_REPLAY,SHORT,YES
multi_asset_ig_contrarian_sentiment::EURJPY=X::2026-05-05_16,EURJPY=X,multi_asset_copytrader,ig_contrarian_sentiment,forex,LOST,2026-05-05 16:43:32,2026-05-08 04:43:32,60,-0.005,SL_HIT_REPLAY,LONG,YES
multi_asset_cot_positioning::CT=F::2026-05-05_1643,CT=F,multi_asset_cot,cot_positioning,commodity,WON,2026-05-05 16:43:23,2026-05-07 16:43:23,48,0.0419,TP_HIT_REPLAY,SHORT,YES
multi_asset_forex_carry_momentum::AUDJPY=X::2026-05-05_1643,AUDJPY=X,multi_asset_copytrader,forex_carry_momentum,forex,LOST,2026-05-05 16:43:21,2026-05-08 04:43:21,60,-0.005,SL_HIT_REPLAY,LONG,YES
multi_asset_forex_carry_momentum::GBPJPY=X::2026-05-05_1643,GBPJPY=X,multi_asset_copytrader,forex_carry_momentum,forex,LOST,2026-05-05 16:43:21,2026-05-08 04:43:21,60,-0.005,SL_HIT_REPLAY,LONG,YES
multi_asset_forex_carry_momentum::NZDUSD=X::2026-05-05_1643,NZDUSD=X,multi_asset_copytrader,forex_carry_momentum,forex,LOST,2026-05-05 16:43:21,2026-05-08 04:43:21,60,-0.005,SL_HIT_REPLAY,LONG,YES
cta_cross_asset_tsmom::CL=F::2026-05-05_1547,CL=F,cta_replicator,cta_cross_asset_tsmom,commodity,LOST,2026-05-05 15:47:42,2026-05-07 15:47:42,48,-0.03,SL_HIT_REPLAY,SHORT,YES
cta_cross_asset_tsmom::NZDUSD=X::2026-05-05_1547,NZDUSD=X,cta_replicator,cta_cross_asset_tsmom,forex,LOST,2026-05-05 15:47:42,2026-05-08 03:47:42,60,-0.002,SL_HIT_REPLAY,LONG,YES
cta_cross_asset_tsmom::USDJPY=X::2026-05-05_1547,USDJPY=X,cta_replicator,cta_cross_asset_tsmom,forex,WON,2026-05-05 15:47:42,2026-05-08 03:47:42,60,0.003,TP_HIT_REPLAY,SHORT,YES
multi_asset_cftc_cot_commercial_signal::CT=F::2026-05-05_154,CT=F,multi_asset_copytrader,cftc_cot_commercial_signal,commodity,WON,2026-05-05 15:47:40,2026-05-07 15:47:40,48,0.0419,TP_HIT_REPLAY,SHORT,YES
multi_asset_ig_contrarian_sentiment::EURJPY=X::2026-05-05_15,EURJPY=X,multi_asset_copytrader,ig_contrarian_sentiment,forex,LOST,2026-05-05 15:47:17,2026-05-08 03:47:17,60,-0.005,SL_HIT_REPLAY,LONG,YES
multi_asset_cot_positioning::CT=F::2026-05-05_1547,CT=F,multi_asset_cot,cot_positioning,commodity,WON,2026-05-05 15:47:08,2026-05-07 15:47:08,48,0.0419,TP_HIT_REPLAY,SHORT,YES
multi_asset_futures_momentum::HG=F::2026-05-05_1547,HG=F,multi_asset_copytrader,futures_momentum,commodity,LOST,2026-05-05 15:47:08,2026-05-07 15:47:08,48,-0.0231,SL_HIT_REPLAY,LONG,YES
multi_asset_forex_carry_momentum::AUDJPY=X::2026-05-05_1547,AUDJPY=X,multi_asset_copytrader,forex_carry_momentum,forex,LOST,2026-05-05 15:47:06,2026-05-08 03:47:06,60,-0.005,SL_HIT_REPLAY,LONG,YES
multi_asset_forex_carry_momentum::GBPJPY=X::2026-05-05_1547,GBPJPY=X,multi_asset_copytrader,forex_carry_momentum,forex,LOST,2026-05-05 15:47:06,2026-05-08 03:47:06,60,-0.005,SL_HIT_REPLAY,LONG,YES
multi_asset_forex_carry_momentum::NZDUSD=X::2026-05-05_1547,NZDUSD=X,multi_asset_copytrader,forex_carry_momentum,forex,LOST,2026-05-05 15:47:06,2026-05-08 03:47:06,60,-0.005,SL_HIT_REPLAY,LONG,YES
multi_asset_cftc_cot_commercial_signal::CT=F::2026-05-05_134,CT=F,multi_asset_copytrader,cftc_cot_commercial_signal,commodity,WON,2026-05-05 13:45:28,2026-05-07 13:45:28,48,0.0424,TP_HIT_REPLAY,SHORT,YES
multi_asset_cot_positioning::CT=F::2026-05-05_1344,CT=F,multi_asset_cot,cot_positioning,commodity,WON,2026-05-05 13:44:58,2026-05-07 13:44:58,48,0.0424,TP_HIT_REPLAY,SHORT,YES
cta_cross_asset_tsmom::NZDUSD=X::2026-05-05_1239,NZDUSD=X,cta_replicator,cta_cross_asset_tsmom,forex,LOST,2026-05-05 12:39:44,2026-05-08 00:39:44,60,-0.002,SL_HIT_REPLAY,LONG,YES
cta_cross_asset_tsmom::USDJPY=X::2026-05-05_1239,USDJPY=X,cta_replicator,cta_cross_asset_tsmom,forex,WON,2026-05-05 12:39:44,2026-05-08 00:39:44,60,0.003,TP_HIT_REPLAY,SHORT,YES
multi_asset_forex_carry_momentum::AUDJPY=X::2026-05-05_1239,AUDJPY=X,multi_asset_copytrader,forex_carry_momentum,forex,LOST,2026-05-05 12:39:02,2026-05-08 00:39:02,60,-0.005,SL_HIT_REPLAY,LONG,YES
multi_asset_forex_carry_momentum::GBPJPY=X::2026-05-05_1239,GBPJPY=X,multi_asset_copytrader,forex_carry_momentum,forex,LOST,2026-05-05 12:39:02,2026-05-08 00:39:02,60,-0.005,SL_HIT_REPLAY,LONG,YES
cta_cross_asset_tsmom::NZDUSD=X::2026-05-05_0856,NZDUSD=X,cta_replicator,cta_cross_asset_tsmom,forex,LOST,2026-05-05 08:56:35,2026-05-07 20:56:35,60,-0.002,SL_HIT_REPLAY,LONG,YES
cta_cross_asset_tsmom::USDJPY=X::2026-05-05_0856,USDJPY=X,cta_replicator,cta_cross_asset_tsmom,forex,LOST,2026-05-05 08:56:35,2026-05-07 20:56:35,60,-0.002,SL_HIT_REPLAY,SHORT,YES
multi_asset_cftc_cot_commercial_signal::CT=F::2026-05-05_085,CT=F,multi_asset_copytrader,cftc_cot_commercial_signal,commodity,WON,2026-05-05 08:56:33,2026-05-07 08:56:33,48,0.0423,TP_HIT_REPLAY,SHORT,YES
multi_asset_cot_positioning::CT=F::2026-05-05_0856,CT=F,multi_asset_cot,cot_positioning,commodity,WON,2026-05-05 08:56:04,2026-05-07 08:56:04,48,0.0423,TP_HIT_REPLAY,SHORT,YES
multi_asset_futures_bb_mean_reversion::CT=F::2026-05-05_0856,CT=F,multi_asset_copytrader,futures_bb_mean_reversion,commodity,WON,2026-05-05 08:56:04,2026-05-07 08:56:04,48,0.0819,TP_HIT_REPLAY,SHORT,YES
cta_cross_asset_tsmom::NZDUSD=X::2026-05-05_0703,NZDUSD=X,cta_replicator,cta_cross_asset_tsmom,forex,LOST,2026-05-05 07:03:19,2026-05-07 19:03:19,60,-0.002,SL_HIT_REPLAY,LONG,YES
cta_cross_asset_tsmom::USDJPY=X::2026-05-05_0703,USDJPY=X,cta_replicator,cta_cross_asset_tsmom,forex,LOST,2026-05-05 07:03:19,2026-05-07 19:03:19,60,-0.002,SL_HIT_REPLAY,SHORT,YES
multi_asset_cot_positioning::CT=F::2026-05-05_0702,CT=F,multi_asset_cot,cot_positioning,commodity,WON,2026-05-05 07:02:40,2026-05-07 07:02:40,48,0.0432,TP_HIT_REPLAY,SHORT,YES
cta_cross_asset_tsmom::NZDUSD=X::2026-05-04_2352,NZDUSD=X,cta_replicator,cta_cross_asset_tsmom,forex,WON,2026-05-04 23:52:38,2026-05-07 11:52:38,60,0.003,TP_HIT_REPLAY,LONG,YES
cta_cross_asset_tsmom::USDJPY=X::2026-05-04_2352,USDJPY=X,cta_replicator,cta_cross_asset_tsmom,forex,WON,2026-05-04 23:52:38,2026-05-07 11:52:38,60,0.003,TP_HIT_REPLAY,SHORT,YES
multi_asset_cftc_cot_commercial_signal::CT=F::2026-05-04_235,CT=F,multi_asset_copytrader,cftc_cot_commercial_signal,commodity,WON,2026-05-04 23:52:35,2026-05-06 23:52:35,48,0.0445,TP_HIT_REPLAY,SHORT,YES
multi_asset_ig_contrarian_sentiment::USDJPY=X::2026-05-04_23,USDJPY=X,multi_asset_copytrader,ig_contrarian_sentiment,forex,LOST,2026-05-04 23:52:15,2026-05-07 11:52:15,60,-0.005,SL_HIT_REPLAY,LONG,YES
multi_asset_cot_positioning::CT=F::2026-05-04_2352,CT=F,multi_asset_cot,cot_positioning,commodity,WON,2026-05-04 23:52:04,2026-05-06 23:52:04,48,0.0445,TP_HIT_REPLAY,SHORT,YES
multi_asset_forex_carry_momentum::NZDUSD=X::2026-05-04_2352,NZDUSD=X,multi_asset_copytrader,forex_carry_momentum,forex,WON,2026-05-04 23:52:02,2026-05-07 11:52:02,60,0.008,TP_HIT_REPLAY,LONG,YES
cta_cross_asset_tsmom::NZDUSD=X::2026-05-04_2326,NZDUSD=X,cta_replicator,cta_cross_asset_tsmom,forex,WON,2026-05-04 23:26:59,2026-05-07 11:26:59,60,0.003,TP_HIT_REPLAY,LONG,YES
cta_cross_asset_tsmom::USDJPY=X::2026-05-04_2326,USDJPY=X,cta_replicator,cta_cross_asset_tsmom,forex,WON,2026-05-04 23:26:59,2026-05-07 11:26:59,60,0.003,TP_HIT_REPLAY,SHORT,YES
multi_asset_cftc_cot_commercial_signal::CT=F::2026-05-04_232,CT=F,multi_asset_copytrader,cftc_cot_commercial_signal,commodity,WON,2026-05-04 23:26:56,2026-05-06 23:26:56,48,0.0445,TP_HIT_REPLAY,SHORT,YES
multi_asset_ig_contrarian_sentiment::EURJPY=X::2026-05-04_23,EURJPY=X,multi_asset_copytrader,ig_contrarian_sentiment,forex,LOST,2026-05-04 23:26:41,2026-05-07 11:26:41,60,-0.005,SL_HIT_REPLAY,LONG,YES
multi_asset_ig_contrarian_sentiment::USDJPY=X::2026-05-04_23,USDJPY=X,multi_asset_copytrader,ig_contrarian_sentiment,forex,LOST,2026-05-04 23:26:41,2026-05-07 11:26:41,60,-0.005,SL_HIT_REPLAY,LONG,YES
multi_asset_cot_positioning::CT=F::2026-05-04_2326,CT=F,multi_asset_cot,cot_positioning,commodity,WON,2026-05-04 23:26:30,2026-05-06 23:26:30,48,0.0445,TP_HIT_REPLAY,SHORT,YES
multi_asset_forex_carry_momentum::NZDUSD=X::2026-05-04_2326,NZDUSD=X,multi_asset_copytrader,forex_carry_momentum,forex,WON,2026-05-04 23:26:28,2026-05-07 11:26:28,60,0.008,TP_HIT_REPLAY,LONG,YES
multi_asset_forex_rsi2_mean_reversion::EURJPY=X::2026-05-04_,EURJPY=X,multi_asset_copytrader,forex_rsi2_mean_reversion,forex,LOST,2026-05-04 23:26:28,2026-05-07 11:26:28,60,-0.005,SL_HIT_REPLAY,LONG,YES
multi_asset_cftc_cot_commercial_signal::CT=F::2026-05-04_223,CT=F,multi_asset_copytrader,cftc_cot_commercial_signal,commodity,WON,2026-05-04 22:31:14,2026-05-06 22:31:14,48,0.0445,TP_HIT_REPLAY,SHORT,YES
multi_asset_cot_positioning::CT=F::2026-05-04_2230,CT=F,multi_asset_cot,cot_positioning,commodity,WON,2026-05-04 22:30:41,2026-05-06 22:30:41,48,0.0445,TP_HIT_REPLAY,SHORT,YES
cta_cross_asset_tsmom::CL=F::2026-05-04_2132,CL=F,cta_replicator,cta_cross_asset_tsmom,commodity,WON,2026-05-04 21:32:31,2026-05-06 21:32:31,48,0.05,TP_HIT_REPLAY,SHORT,YES
cta_cross_asset_tsmom::NG=F::2026-05-04_2132,NG=F,cta_replicator,cta_cross_asset_tsmom,commodity,LOST,2026-05-04 21:32:31,2026-05-06 21:32:31,48,-0.03,SL_HIT_REPLAY,LONG,YES
cta_cross_asset_tsmom::USDJPY=X::2026-05-04_2132,USDJPY=X,cta_replicator,cta_cross_asset_tsmom,forex,WON,2026-05-04 21:32:31,2026-05-07 09:32:31,60,0.003,TP_HIT_REPLAY,SHORT,YES
multi_asset_myfxbook_retail_contrarian::USDJPY=X::2026-05-04,USDJPY=X,multi_asset_copytrader,myfxbook_retail_contrarian,forex,LOST,2026-05-04 21:32:29,2026-05-07 09:32:29,60,-0.006,SL_HIT_REPLAY,LONG,YES
multi_asset_cftc_cot_commercial_signal::CT=F::2026-05-04_213,CT=F,multi_asset_copytrader,cftc_cot_commercial_signal,commodity,WON,2026-05-04 21:32:28,2026-05-06 21:32:28,48,0.0445,TP_HIT_REPLAY,SHORT,YES
multi_asset_ig_contrarian_sentiment::EURJPY=X::2026-05-04_21,EURJPY=X,multi_asset_copytrader,ig_contrarian_sentiment,forex,LOST,2026-05-04 21:32:10,2026-05-07 09:32:10,60,-0.005,SL_HIT_REPLAY,LONG,YES
multi_asset_ig_contrarian_sentiment::USDJPY=X::2026-05-04_21,USDJPY=X,multi_asset_copytrader,ig_contrarian_sentiment,forex,LOST,2026-05-04 21:32:10,2026-05-07 09:32:10,60,-0.005,SL_HIT_REPLAY,LONG,YES
multi_asset_cot_positioning::CT=F::2026-05-04_2131,CT=F,multi_asset_cot,cot_positioning,commodity,WON,2026-05-04 21:31:59,2026-05-06 21:31:59,48,0.0445,TP_HIT_REPLAY,SHORT,YES
multi_asset_futures_momentum::GC=F::2026-05-04_2131,GC=F,multi_asset_copytrader,futures_momentum,commodity,LOST,2026-05-04 21:31:59,2026-05-06 21:31:59,48,-0.025,SL_HIT_REPLAY,SHORT,YES
multi_asset_forex_carry_momentum::NZDUSD=X::2026-05-04_2131,NZDUSD=X,multi_asset_copytrader,forex_carry_momentum,forex,WON,2026-05-04 21:31:57,2026-05-07 09:31:57,60,0.008,TP_HIT_REPLAY,LONG,YES
multi_asset_forex_rsi2_mean_reversion::EURJPY=X::2026-05-04_,EURJPY=X,multi_asset_copytrader,forex_rsi2_mean_reversion,forex,LOST,2026-05-04 21:31:57,2026-05-07 09:31:57,60,-0.005,SL_HIT_REPLAY,LONG,YES
multi_asset_forex_rsi2_mean_reversion::USDJPY=X::2026-05-04_,USDJPY=X,multi_asset_copytrader,forex_rsi2_mean_reversion,forex,LOST,2026-05-04 21:31:57,2026-05-07 09:31:57,60,-0.005,SL_HIT_REPLAY,LONG,YES
cta_cross_asset_tsmom::CL=F::2026-05-04_2039,CL=F,cta_replicator,cta_cross_asset_tsmom,commodity,WON,2026-05-04 20:39:20,2026-05-06 20:39:20,48,0.05,TP_HIT_REPLAY,SHORT,YES
cta_cross_asset_tsmom::NG=F::2026-05-04_2039,NG=F,cta_replicator,cta_cross_asset_tsmom,commodity,LOST,2026-05-04 20:39:20,2026-05-06 20:39:20,48,-0.03,SL_HIT_REPLAY,LONG,YES
cta_cross_asset_tsmom::USDJPY=X::2026-05-04_2039,USDJPY=X,cta_replicator,cta_cross_asset_tsmom,forex,WON,2026-05-04 20:39:20,2026-05-07 08:39:20,60,0.003,TP_HIT_REPLAY,SHORT,YES
multi_asset_cftc_cot_commercial_signal::CT=F::2026-05-04_203,CT=F,multi_asset_copytrader,cftc_cot_commercial_signal,commodity,WON,2026-05-04 20:39:17,2026-05-06 20:39:17,48,0.0445,TP_HIT_REPLAY,SHORT,YES
multi_asset_ig_contrarian_sentiment::EURJPY=X::2026-05-04_20,EURJPY=X,multi_asset_copytrader,ig_contrarian_sentiment,forex,LOST,2026-05-04 20:38:54,2026-05-07 08:38:54,60,-0.005,SL_HIT_REPLAY,LONG,YES
multi_asset_ig_contrarian_sentiment::USDJPY=X::2026-05-04_20,USDJPY=X,multi_asset_copytrader,ig_contrarian_sentiment,forex,LOST,2026-05-04 20:38:54,2026-05-07 08:38:54,60,-0.005,SL_HIT_REPLAY,LONG,YES
multi_asset_cot_positioning::CT=F::2026-05-04_2038,CT=F,multi_asset_cot,cot_positioning,commodity,WON,2026-05-04 20:38:39,2026-05-06 20:38:39,48,0.0445,TP_HIT_REPLAY,SHORT,YES
multi_asset_futures_momentum::GC=F::2026-05-04_2038,GC=F,multi_asset_copytrader,futures_momentum,commodity,LOST,2026-05-04 20:38:39,2026-05-06 20:38:39,48,-0.0251,SL_HIT_REPLAY,SHORT,YES
multi_asset_forex_carry_momentum::NZDUSD=X::2026-05-04_2038,NZDUSD=X,multi_asset_copytrader,forex_carry_momentum,forex,WON,2026-05-04 20:38:37,2026-05-07 08:38:37,60,0.008,TP_HIT_REPLAY,LONG,YES
multi_asset_forex_rsi2_mean_reversion::EURJPY=X::2026-05-04_,EURJPY=X,multi_asset_copytrader,forex_rsi2_mean_reversion,forex,LOST,2026-05-04 20:38:37,2026-05-07 08:38:37,60,-0.005,SL_HIT_REPLAY,LONG,YES
multi_asset_forex_rsi2_mean_reversion::USDJPY=X::2026-05-04_,USDJPY=X,multi_asset_copytrader,forex_rsi2_mean_reversion,forex,LOST,2026-05-04 20:38:37,2026-05-07 08:38:37,60,-0.005,SL_HIT_REPLAY,LONG,YES
cta_cross_asset_tsmom::CL=F::2026-05-04_1942,CL=F,cta_replicator,cta_cross_asset_tsmom,commodity,WON,2026-05-04 19:42:04,2026-05-06 19:42:04,48,0.05,TP_HIT_REPLAY,SHORT,YES
cta_cross_asset_tsmom::NG=F::2026-05-04_1942,NG=F,cta_replicator,cta_cross_asset_tsmom,commodity,LOST,2026-05-04 19:42:04,2026-05-06 19:42:04,48,-0.03,SL_HIT_REPLAY,LONG,YES
cta_cross_asset_tsmom::USDJPY=X::2026-05-04_1942,USDJPY=X,cta_replicator,cta_cross_asset_tsmom,forex,WON,2026-05-04 19:42:04,2026-05-07 07:42:04,60,0.003,TP_HIT_REPLAY,SHORT,YES
multi_asset_cftc_cot_commercial_signal::CT=F::2026-05-04_194,CT=F,multi_asset_copytrader,cftc_cot_commercial_signal,commodity,WON,2026-05-04 19:42:00,2026-05-06 19:42:00,48,0.0445,TP_HIT_REPLAY,SHORT,YES
multi_asset_myfxbook_retail_contrarian::USDJPY=X::2026-05-04,USDJPY=X,multi_asset_copytrader,myfxbook_retail_contrarian,forex,LOST,2026-05-04 19:42:00,2026-05-07 07:42:00,60,-0.006,SL_HIT_REPLAY,LONG,YES
multi_asset_ig_contrarian_sentiment::EURJPY=X::2026-05-04_19,EURJPY=X,multi_asset_copytrader,ig_contrarian_sentiment,forex,LOST,2026-05-04 19:41:40,2026-05-07 07:41:40,60,-0.005,SL_HIT_REPLAY,LONG,YES
multi_asset_ig_contrarian_sentiment::USDJPY=X::2026-05-04_19,USDJPY=X,multi_asset_copytrader,ig_contrarian_sentiment,forex,LOST,2026-05-04 19:41:40,2026-05-07 07:41:40,60,-0.005,SL_HIT_REPLAY,LONG,YES
multi_asset_cot_positioning::CT=F::2026-05-04_1941,CT=F,multi_asset_cot,cot_positioning,commodity,WON,2026-05-04 19:41:27,2026-05-06 19:41:27,48,0.0445,TP_HIT_REPLAY,SHORT,YES
multi_asset_futures_momentum::GC=F::2026-05-04_1941,GC=F,multi_asset_copytrader,futures_momentum,commodity,LOST,2026-05-04 19:41:27,2026-05-06 19:41:27,48,-0.025,SL_HIT_REPLAY,SHORT,YES
multi_asset_forex_carry_momentum::NZDUSD=X::2026-05-04_1941,NZDUSD=X,multi_asset_copytrader,forex_carry_momentum,forex,WON,2026-05-04 19:41:26,2026-05-07 07:41:26,60,0.008,TP_HIT_REPLAY,LONG,YES
multi_asset_forex_rsi2_mean_reversion::EURJPY=X::2026-05-04_,EURJPY=X,multi_asset_copytrader,forex_rsi2_mean_reversion,forex,LOST,2026-05-04 19:41:26,2026-05-07 07:41:26,60,-0.005,SL_HIT_REPLAY,LONG,YES
multi_asset_forex_rsi2_mean_reversion::USDJPY=X::2026-05-04_,USDJPY=X,multi_asset_copytrader,forex_rsi2_mean_reversion,forex,LOST,2026-05-04 19:41:26,2026-05-07 07:41:26,60,-0.005,SL_HIT_REPLAY,LONG,YES
cta_cross_asset_tsmom::CL=F::2026-05-04_1845,CL=F,cta_replicator,cta_cross_asset_tsmom,commodity,WON,2026-05-04 18:45:58,2026-05-06 18:45:58,48,0.05,TP_HIT_REPLAY,SHORT,YES
cta_cross_asset_tsmom::NG=F::2026-05-04_1845,NG=F,cta_replicator,cta_cross_asset_tsmom,commodity,LOST,2026-05-04 18:45:58,2026-05-06 18:45:58,48,-0.03,SL_HIT_REPLAY,LONG,YES
cta_cross_asset_tsmom::USDJPY=X::2026-05-04_1845,USDJPY=X,cta_replicator,cta_cross_asset_tsmom,forex,WON,2026-05-04 18:45:58,2026-05-07 06:45:58,60,0.003,TP_HIT_REPLAY,SHORT,YES
multi_asset_cftc_cot_commercial_signal::CT=F::2026-05-04_184,CT=F,multi_asset_copytrader,cftc_cot_commercial_signal,commodity,WON,2026-05-04 18:45:56,2026-05-06 18:45:56,48,0.0445,TP_HIT_REPLAY,SHORT,YES
multi_asset_ig_contrarian_sentiment::EURJPY=X::2026-05-04_18,EURJPY=X,multi_asset_copytrader,ig_contrarian_sentiment,forex,LOST,2026-05-04 18:44:56,2026-05-07 06:44:56,60,-0.005,SL_HIT_REPLAY,LONG,YES
multi_asset_ig_contrarian_sentiment::USDJPY=X::2026-05-04_18,USDJPY=X,multi_asset_copytrader,ig_contrarian_sentiment,forex,LOST,2026-05-04 18:44:56,2026-05-07 06:44:56,60,-0.005,SL_HIT_REPLAY,LONG,YES
multi_asset_cot_positioning::CT=F::2026-05-04_1844,CT=F,multi_asset_cot,cot_positioning,commodity,WON,2026-05-04 18:44:44,2026-05-06 18:44:44,48,0.0445,TP_HIT_REPLAY,SHORT,YES
multi_asset_futures_momentum::GC=F::2026-05-04_1844,GC=F,multi_asset_copytrader,futures_momentum,commodity,LOST,2026-05-04 18:44:44,2026-05-06 18:44:44,48,-0.0251,SL_HIT_REPLAY,SHORT,YES
multi_asset_forex_carry_momentum::CADJPY=X::2026-05-04_1844,CADJPY=X,multi_asset_copytrader,forex_carry_momentum,forex,LOST,2026-05-04 18:44:43,2026-05-07 06:44:43,60,-0.005,SL_HIT_REPLAY,LONG,YES
multi_asset_forex_carry_momentum::NZDUSD=X::2026-05-04_1844,NZDUSD=X,multi_asset_copytrader,forex_carry_momentum,forex,WON,2026-05-04 18:44:43,2026-05-07 06:44:43,60,0.008,TP_HIT_REPLAY,LONG,YES
multi_asset_forex_rsi2_mean_reversion::EURJPY=X::2026-05-04_,EURJPY=X,multi_asset_copytrader,forex_rsi2_mean_reversion,forex,LOST,2026-05-04 18:44:43,2026-05-07 06:44:43,60,-0.005,SL_HIT_REPLAY,LONG,YES
multi_asset_forex_rsi2_mean_reversion::USDJPY=X::2026-05-04_,USDJPY=X,multi_asset_copytrader,forex_rsi2_mean_reversion,forex,LOST,2026-05-04 18:44:43,2026-05-07 06:44:43,60,-0.005,SL_HIT_REPLAY,LONG,YES
cta_cross_asset_tsmom::CL=F::2026-05-04_1643,CL=F,cta_replicator,cta_cross_asset_tsmom,commodity,WON,2026-05-04 16:43:33,2026-05-06 16:43:33,48,0.05,TP_HIT_REPLAY,SHORT,YES
cta_cross_asset_tsmom::NG=F::2026-05-04_1643,NG=F,cta_replicator,cta_cross_asset_tsmom,commodity,LOST,2026-05-04 16:43:33,2026-05-06 16:43:33,48,-0.03,SL_HIT_REPLAY,LONG,YES
cta_cross_asset_tsmom::USDJPY=X::2026-05-04_1643,USDJPY=X,cta_replicator,cta_cross_asset_tsmom,forex,WON,2026-05-04 16:43:33,2026-05-07 04:43:33,60,0.003,TP_HIT_REPLAY,SHORT,YES
multi_asset_cftc_cot_commercial_signal::CT=F::2026-05-04_164,CT=F,multi_asset_copytrader,cftc_cot_commercial_signal,commodity,WON,2026-05-04 16:43:30,2026-05-06 16:43:30,48,0.0445,TP_HIT_REPLAY,SHORT,YES
multi_asset_ig_contrarian_sentiment::EURJPY=X::2026-05-04_16,EURJPY=X,multi_asset_copytrader,ig_contrarian_sentiment,forex,LOST,2026-05-04 16:43:13,2026-05-07 04:43:13,60,-0.005,SL_HIT_REPLAY,LONG,YES
multi_asset_ig_contrarian_sentiment::USDJPY=X::2026-05-04_16,USDJPY=X,multi_asset_copytrader,ig_contrarian_sentiment,forex,LOST,2026-05-04 16:43:13,2026-05-07 04:43:13,60,-0.005,SL_HIT_REPLAY,LONG,YES
multi_asset_cot_positioning::CT=F::2026-05-04_1643,CT=F,multi_asset_cot,cot_positioning,commodity,WON,2026-05-04 16:43:02,2026-05-06 16:43:02,48,0.0445,TP_HIT_REPLAY,SHORT,YES
multi_asset_futures_momentum::GC=F::2026-05-04_1643,GC=F,multi_asset_copytrader,futures_momentum,commodity,LOST,2026-05-04 16:43:02,2026-05-06 16:43:02,48,-0.0251,SL_HIT_REPLAY,SHORT,YES
multi_asset_forex_carry_momentum::CADJPY=X::2026-05-04_1642,CADJPY=X,multi_asset_copytrader,forex_carry_momentum,forex,LOST,2026-05-04 16:42:59,2026-05-07 04:42:59,60,-0.005,SL_HIT_REPLAY,LONG,YES
multi_asset_forex_carry_momentum::NZDUSD=X::2026-05-04_1642,NZDUSD=X,multi_asset_copytrader,forex_carry_momentum,forex,WON,2026-05-04 16:42:59,2026-05-07 04:42:59,60,0.008,TP_HIT_REPLAY,LONG,YES
multi_asset_forex_rsi2_mean_reversion::EURJPY=X::2026-05-04_,EURJPY=X,multi_asset_copytrader,forex_rsi2_mean_reversion,forex,LOST,2026-05-04 16:42:59,2026-05-07 04:42:59,60,-0.005,SL_HIT_REPLAY,LONG,YES
multi_asset_forex_rsi2_mean_reversion::USDJPY=X::2026-05-04_,USDJPY=X,multi_asset_copytrader,forex_rsi2_mean_reversion,forex,LOST,2026-05-04 16:42:59,2026-05-07 04:42:59,60,-0.005,SL_HIT_REPLAY,LONG,YES
cta_cross_asset_tsmom::CL=F::2026-05-04_1551,CL=F,cta_replicator,cta_cross_asset_tsmom,commodity,WON,2026-05-04 15:51:13,2026-05-06 15:51:13,48,0.05,TP_HIT_REPLAY,SHORT,YES
cta_cross_asset_tsmom::NG=F::2026-05-04_1551,NG=F,cta_replicator,cta_cross_asset_tsmom,commodity,LOST,2026-05-04 15:51:13,2026-05-06 15:51:13,48,-0.03,SL_HIT_REPLAY,LONG,YES
cta_cross_asset_tsmom::USDJPY=X::2026-05-04_1551,USDJPY=X,cta_replicator,cta_cross_asset_tsmom,forex,WON,2026-05-04 15:51:13,2026-05-07 03:51:13,60,0.003,TP_HIT_REPLAY,SHORT,YES
multi_asset_cftc_cot_commercial_signal::CT=F::2026-05-04_155,CT=F,multi_asset_copytrader,cftc_cot_commercial_signal,commodity,WON,2026-05-04 15:51:10,2026-05-06 15:51:10,48,0.0445,TP_HIT_REPLAY,SHORT,YES
multi_asset_myfxbook_retail_contrarian::EURJPY=X::2026-05-04,EURJPY=X,multi_asset_copytrader,myfxbook_retail_contrarian,forex,LOST,2026-05-04 15:51:10,2026-05-07 03:51:10,60,-0.006,SL_HIT_REPLAY,LONG,YES
multi_asset_ig_contrarian_sentiment::EURJPY=X::2026-05-04_15,EURJPY=X,multi_asset_copytrader,ig_contrarian_sentiment,forex,LOST,2026-05-04 15:50:50,2026-05-07 03:50:50,60,-0.005,SL_HIT_REPLAY,LONG,YES
multi_asset_ig_contrarian_sentiment::USDJPY=X::2026-05-04_15,USDJPY=X,multi_asset_copytrader,ig_contrarian_sentiment,forex,LOST,2026-05-04 15:50:50,2026-05-07 03:50:50,60,-0.005,SL_HIT_REPLAY,LONG,YES
multi_asset_cot_positioning::CT=F::2026-05-04_1550,CT=F,multi_asset_cot,cot_positioning,commodity,WON,2026-05-04 15:50:35,2026-05-06 15:50:35,48,0.0445,TP_HIT_REPLAY,SHORT,YES
multi_asset_forex_carry_momentum::NZDUSD=X::2026-05-04_1550,NZDUSD=X,multi_asset_copytrader,forex_carry_momentum,forex,WON,2026-05-04 15:50:32,2026-05-07 03:50:32,60,0.008,TP_HIT_REPLAY,LONG,YES
multi_asset_forex_rsi2_mean_reversion::EURJPY=X::2026-05-04_,EURJPY=X,multi_asset_copytrader,forex_rsi2_mean_reversion,forex,LOST,2026-05-04 15:50:32,2026-05-07 03:50:32,60,-0.005,SL_HIT_REPLAY,LONG,YES
multi_asset_forex_rsi2_mean_reversion::USDJPY=X::2026-05-04_,USDJPY=X,multi_asset_copytrader,forex_rsi2_mean_reversion,forex,LOST,2026-05-04 15:50:32,2026-05-07 03:50:32,60,-0.005,SL_HIT_REPLAY,LONG,YES
cta_cross_asset_tsmom::USDJPY=X::2026-05-04_1454,USDJPY=X,cta_replicator,cta_cross_asset_tsmom,forex,WON,2026-05-04 14:54:27,2026-05-07 02:54:27,60,0.003,TP_HIT_REPLAY,SHORT,YES
cta_cross_asset_tsmom::CL=F::2026-05-04_1454,CL=F,cta_replicator,cta_cross_asset_tsmom,commodity,LOST,2026-05-04 14:54:26,2026-05-06 14:54:26,48,-0.03,SL_HIT_REPLAY,SHORT,YES
cta_cross_asset_tsmom::NG=F::2026-05-04_1454,NG=F,cta_replicator,cta_cross_asset_tsmom,commodity,LOST,2026-05-04 14:54:26,2026-05-06 14:54:26,48,-0.03,SL_HIT_REPLAY,LONG,YES
multi_asset_cftc_cot_commercial_signal::CT=F::2026-05-04_145,CT=F,multi_asset_copytrader,cftc_cot_commercial_signal,commodity,WON,2026-05-04 14:54:19,2026-05-06 14:54:19,48,0.0446,TP_HIT_REPLAY,SHORT,YES
multi_asset_myfxbook_retail_contrarian::USDJPY=X::2026-05-04,USDJPY=X,multi_asset_copytrader,myfxbook_retail_contrarian,forex,LOST,2026-05-04 14:54:19,2026-05-07 02:54:19,60,-0.006,SL_HIT_REPLAY,LONG,YES
multi_asset_ig_contrarian_sentiment::AUDUSD=X::2026-05-04_14,AUDUSD=X,multi_asset_copytrader,ig_contrarian_sentiment,forex,LOST,2026-05-04 14:54:04,2026-05-07 02:54:04,60,-0.005,SL_HIT_REPLAY,SHORT,YES
multi_asset_ig_contrarian_sentiment::EURJPY=X::2026-05-04_14,EURJPY=X,multi_asset_copytrader,ig_contrarian_sentiment,forex,LOST,2026-05-04 14:54:04,2026-05-07 02:54:04,60,-0.005,SL_HIT_REPLAY,LONG,YES
multi_asset_ig_contrarian_sentiment::USDJPY=X::2026-05-04_14,USDJPY=X,multi_asset_copytrader,ig_contrarian_sentiment,forex,LOST,2026-05-04 14:54:04,2026-05-07 02:54:04,60,-0.005,SL_HIT_REPLAY,LONG,YES
multi_asset_cot_positioning::CT=F::2026-05-04_1453,CT=F,multi_asset_cot,cot_positioning,commodity,WON,2026-05-04 14:53:53,2026-05-06 14:53:53,48,0.0446,TP_HIT_REPLAY,SHORT,YES
multi_asset_forex_carry_momentum::GBPJPY=X::2026-05-04_1453,GBPJPY=X,multi_asset_copytrader,forex_carry_momentum,forex,LOST,2026-05-04 14:53:51,2026-05-07 02:53:51,60,-0.005,SL_HIT_REPLAY,LONG,YES
multi_asset_forex_rsi2_mean_reversion::EURJPY=X::2026-05-04_,EURJPY=X,multi_asset_copytrader,forex_rsi2_mean_reversion,forex,LOST,2026-05-04 14:53:51,2026-05-07 02:53:51,60,-0.005,SL_HIT_REPLAY,LONG,YES
multi_asset_forex_rsi2_mean_reversion::GBPJPY=X::2026-05-04_,GBPJPY=X,multi_asset_copytrader,forex_rsi2_mean_reversion,forex,LOST,2026-05-04 14:53:51,2026-05-07 02:53:51,60,-0.005,SL_HIT_REPLAY,LONG,YES
multi_asset_forex_rsi2_mean_reversion::USDJPY=X::2026-05-04_,USDJPY=X,multi_asset_copytrader,forex_rsi2_mean_reversion,forex,LOST,2026-05-04 14:53:51,2026-05-07 02:53:51,60,-0.005,SL_HIT_REPLAY,LONG,YES
fx_smart_278609e429b1,AUDJPY=X,alpha_engine,fx_smart_carry_trade_momentum,forex,LOST,2026-05-04 14:43:17,2026-05-07 02:43:17,60,-0.003,SL_HIT_REPLAY,LONG,YES
fx_smart_5d60898fa9bc,GBPJPY=X,alpha_engine,fx_smart_forex_rsi2_mean_reversion,forex,LOST,2026-05-04 14:43:17,2026-05-07 02:43:17,60,-0.003,SL_HIT_REPLAY,LONG,YES
fx_smart_71d092c8d549,GBPJPY=X,alpha_engine,fx_smart_carry_trade_momentum,forex,LOST,2026-05-04 14:43:17,2026-05-07 02:43:17,60,-0.003,SL_HIT_REPLAY,LONG,YES
fx_smart_852e711d417f,NZDUSD=X,alpha_engine,fx_smart_carry_trade_momentum,forex,LOST,2026-05-04 14:43:17,2026-05-07 02:43:17,60,-0.003,SL_HIT_REPLAY,LONG,YES
fx_smart_902937088eaf,AUDJPY=X,alpha_engine,fx_smart_forex_rsi2_mean_reversion,forex,LOST,2026-05-04 14:43:17,2026-05-07 02:43:17,60,-0.003,SL_HIT_REPLAY,LONG,YES
cta_cross_asset_tsmom::CL=F::2026-05-04_1345,CL=F,cta_replicator,cta_cross_asset_tsmom,commodity,LOST,2026-05-04 13:45:54,2026-05-06 13:45:54,48,-0.03,SL_HIT_REPLAY,SHORT,YES
cta_cross_asset_tsmom::NG=F::2026-05-04_1345,NG=F,cta_replicator,cta_cross_asset_tsmom,commodity,LOST,2026-05-04 13:45:54,2026-05-06 13:45:54,48,-0.03,SL_HIT_REPLAY,LONG,YES
cta_cross_asset_tsmom::USDJPY=X::2026-05-04_1345,USDJPY=X,cta_replicator,cta_cross_asset_tsmom,forex,WON,2026-05-04 13:45:54,2026-05-07 01:45:54,60,0.003,TP_HIT_REPLAY,SHORT,YES
multi_asset_myfxbook_retail_contrarian::EURJPY=X::2026-05-04,EURJPY=X,multi_asset_copytrader,myfxbook_retail_contrarian,forex,LOST,2026-05-04 13:45:52,2026-05-07 01:45:52,60,-0.006,SL_HIT_REPLAY,LONG,YES
multi_asset_myfxbook_retail_contrarian::USDJPY=X::2026-05-04,USDJPY=X,multi_asset_copytrader,myfxbook_retail_contrarian,forex,LOST,2026-05-04 13:45:52,2026-05-07 01:45:52,60,-0.006,SL_HIT_REPLAY,LONG,YES
multi_asset_cftc_cot_commercial_signal::CT=F::2026-05-04_134,CT=F,multi_asset_copytrader,cftc_cot_commercial_signal,commodity,WON,2026-05-04 13:45:51,2026-05-06 13:45:51,48,0.0446,TP_HIT_REPLAY,SHORT,YES
multi_asset_ig_contrarian_sentiment::EURJPY=X::2026-05-04_13,EURJPY=X,multi_asset_copytrader,ig_contrarian_sentiment,forex,LOST,2026-05-04 13:45:08,2026-05-07 01:45:08,60,-0.005,SL_HIT_REPLAY,LONG,YES
multi_asset_ig_contrarian_sentiment::USDJPY=X::2026-05-04_13,USDJPY=X,multi_asset_copytrader,ig_contrarian_sentiment,forex,LOST,2026-05-04 13:45:08,2026-05-07 01:45:08,60,-0.005,SL_HIT_REPLAY,LONG,YES
multi_asset_cot_positioning::CT=F::2026-05-04_1344,CT=F,multi_asset_cot,cot_positioning,commodity,WON,2026-05-04 13:44:54,2026-05-06 13:44:54,48,0.0446,TP_HIT_REPLAY,SHORT,YES
multi_asset_forex_carry_momentum::GBPJPY=X::2026-05-04_1344,GBPJPY=X,multi_asset_copytrader,forex_carry_momentum,forex,LOST,2026-05-04 13:44:51,2026-05-07 01:44:51,60,-0.005,SL_HIT_REPLAY,LONG,YES
multi_asset_forex_rsi2_mean_reversion::EURJPY=X::2026-05-04_,EURJPY=X,multi_asset_copytrader,forex_rsi2_mean_reversion,forex,LOST,2026-05-04 13:44:51,2026-05-07 01:44:51,60,-0.005,SL_HIT_REPLAY,LONG,YES
multi_asset_forex_rsi2_mean_reversion::GBPJPY=X::2026-05-04_,GBPJPY=X,multi_asset_copytrader,forex_rsi2_mean_reversion,forex,LOST,2026-05-04 13:44:51,2026-05-07 01:44:51,60,-0.005,SL_HIT_REPLAY,LONG,YES
multi_asset_forex_rsi2_mean_reversion::USDJPY=X::2026-05-04_,USDJPY=X,multi_asset_copytrader,forex_rsi2_mean_reversion,forex,LOST,2026-05-04 13:44:51,2026-05-07 01:44:51,60,-0.005,SL_HIT_REPLAY,LONG,YES
cta_cross_asset_tsmom::CL=F::2026-05-04_1249,CL=F,cta_replicator,cta_cross_asset_tsmom,commodity,LOST,2026-05-04 12:49:47,2026-05-06 12:49:47,48,-0.03,SL_HIT_REPLAY,SHORT,YES
cta_cross_asset_tsmom::USDJPY=X::2026-05-04_1249,USDJPY=X,cta_replicator,cta_cross_asset_tsmom,forex,WON,2026-05-04 12:49:47,2026-05-07 00:49:47,60,0.003,TP_HIT_REPLAY,SHORT,YES
multi_asset_myfxbook_retail_contrarian::EURJPY=X::2026-05-04,EURJPY=X,multi_asset_copytrader,myfxbook_retail_contrarian,forex,LOST,2026-05-04 12:49:45,2026-05-07 00:49:45,60,-0.006,SL_HIT_REPLAY,LONG,YES
multi_asset_myfxbook_retail_contrarian::USDJPY=X::2026-05-04,USDJPY=X,multi_asset_copytrader,myfxbook_retail_contrarian,forex,LOST,2026-05-04 12:49:45,2026-05-07 00:49:45,60,-0.006,SL_HIT_REPLAY,LONG,YES
multi_asset_cftc_cot_commercial_signal::CT=F::2026-05-04_124,CT=F,multi_asset_copytrader,cftc_cot_commercial_signal,commodity,WON,2026-05-04 12:49:44,2026-05-06 12:49:44,48,0.0446,TP_HIT_REPLAY,SHORT,YES
multi_asset_ig_contrarian_sentiment::EURJPY=X::2026-05-04_12,EURJPY=X,multi_asset_copytrader,ig_contrarian_sentiment,forex,LOST,2026-05-04 12:48:07,2026-05-07 00:48:07,60,-0.005,SL_HIT_REPLAY,LONG,YES
multi_asset_ig_contrarian_sentiment::USDJPY=X::2026-05-04_12,USDJPY=X,multi_asset_copytrader,ig_contrarian_sentiment,forex,LOST,2026-05-04 12:48:07,2026-05-07 00:48:07,60,-0.005,SL_HIT_REPLAY,LONG,YES
multi_asset_cot_positioning::CT=F::2026-05-04_1247,CT=F,multi_asset_cot,cot_positioning,commodity,WON,2026-05-04 12:47:54,2026-05-06 12:47:54,48,0.0446,TP_HIT_REPLAY,SHORT,YES
multi_asset_forex_carry_momentum::GBPJPY=X::2026-05-04_1247,GBPJPY=X,multi_asset_copytrader,forex_carry_momentum,forex,LOST,2026-05-04 12:47:52,2026-05-07 00:47:52,60,-0.005,SL_HIT_REPLAY,LONG,YES
multi_asset_forex_rsi2_mean_reversion::EURJPY=X::2026-05-04_,EURJPY=X,multi_asset_copytrader,forex_rsi2_mean_reversion,forex,LOST,2026-05-04 12:47:52,2026-05-07 00:47:52,60,-0.005,SL_HIT_REPLAY,LONG,YES
multi_asset_forex_rsi2_mean_reversion::GBPJPY=X::2026-05-04_,GBPJPY=X,multi_asset_copytrader,forex_rsi2_mean_reversion,forex,LOST,2026-05-04 12:47:52,2026-05-07 00:47:52,60,-0.005,SL_HIT_REPLAY,LONG,YES
multi_asset_forex_rsi2_mean_reversion::USDJPY=X::2026-05-04_,USDJPY=X,multi_asset_copytrader,forex_rsi2_mean_reversion,forex,LOST,2026-05-04 12:47:52,2026-05-07 00:47:52,60,-0.005,SL_HIT_REPLAY,LONG,YES
cta_cross_asset_tsmom::CL=F::2026-05-04_1142,CL=F,cta_replicator,cta_cross_asset_tsmom,commodity,WON,2026-05-04 11:42:54,2026-05-06 11:42:54,48,0.05,TP_HIT_REPLAY,SHORT,YES
cta_cross_asset_tsmom::USDJPY=X::2026-05-04_1142,USDJPY=X,cta_replicator,cta_cross_asset_tsmom,forex,WON,2026-05-04 11:42:54,2026-05-06 23:42:54,60,0.003,TP_HIT_REPLAY,SHORT,YES
multi_asset_cftc_cot_commercial_signal::CT=F::2026-05-04_114,CT=F,multi_asset_copytrader,cftc_cot_commercial_signal,commodity,WON,2026-05-04 11:42:52,2026-05-06 11:42:52,48,0.0445,TP_HIT_REPLAY,SHORT,YES
multi_asset_myfxbook_retail_contrarian::USDJPY=X::2026-05-04,USDJPY=X,multi_asset_copytrader,myfxbook_retail_contrarian,forex,LOST,2026-05-04 11:42:52,2026-05-06 23:42:52,60,-0.006,SL_HIT_REPLAY,LONG,YES
multi_asset_ig_contrarian_sentiment::EURJPY=X::2026-05-04_11,EURJPY=X,multi_asset_copytrader,ig_contrarian_sentiment,forex,LOST,2026-05-04 11:42:35,2026-05-06 23:42:35,60,-0.005,SL_HIT_REPLAY,LONG,YES
multi_asset_ig_contrarian_sentiment::USDJPY=X::2026-05-04_11,USDJPY=X,multi_asset_copytrader,ig_contrarian_sentiment,forex,LOST,2026-05-04 11:42:35,2026-05-06 23:42:35,60,-0.005,SL_HIT_REPLAY,LONG,YES
multi_asset_cot_positioning::CT=F::2026-05-04_1142,CT=F,multi_asset_cot,cot_positioning,commodity,WON,2026-05-04 11:42:24,2026-05-06 11:42:24,48,0.0445,TP_HIT_REPLAY,SHORT,YES
multi_asset_forex_rsi2_mean_reversion::EURJPY=X::2026-05-04_,EURJPY=X,multi_asset_copytrader,forex_rsi2_mean_reversion,forex,LOST,2026-05-04 11:42:22,2026-05-06 23:42:22,60,-0.005,SL_HIT_REPLAY,LONG,YES
multi_asset_forex_rsi2_mean_reversion::USDJPY=X::2026-05-04_,USDJPY=X,multi_asset_copytrader,forex_rsi2_mean_reversion,forex,LOST,2026-05-04 11:42:22,2026-05-06 23:42:22,60,-0.005,SL_HIT_REPLAY,LONG,YES
cc_CT=F_S_202605041110,CT=F,combined_confidence_strategy,combined_confidence,commodity,WON,2026-05-04 11:10:53,2026-05-06 11:10:53,48,0.0444,TP_HIT_REPLAY,SHORT,YES
cc_EURJPY=X_L_202605041110,EURJPY=X,combined_confidence_strategy,combined_confidence,forex,LOST,2026-05-04 11:10:53,2026-05-06 23:10:53,60,-0.005,SL_HIT_REPLAY,LONG,YES
cc_GBPJPY=X_L_202605041110,GBPJPY=X,combined_confidence_strategy,combined_confidence,forex,LOST,2026-05-04 11:10:53,2026-05-06 23:10:53,60,-0.005,SL_HIT_REPLAY,LONG,YES
cc_USDJPY=X_L_202605041110,USDJPY=X,combined_confidence_strategy,combined_confidence,forex,LOST,2026-05-04 11:10:53,2026-05-06 23:10:53,60,-0.005,SL_HIT_REPLAY,LONG,YES
cta_cross_asset_tsmom::CL=F::2026-05-04_1050,CL=F,cta_replicator,cta_cross_asset_tsmom,commodity,WON,2026-05-04 10:50:40,2026-05-06 10:50:40,48,0.05,TP_HIT_REPLAY,SHORT,YES
cta_cross_asset_tsmom::USDJPY=X::2026-05-04_1050,USDJPY=X,cta_replicator,cta_cross_asset_tsmom,forex,WON,2026-05-04 10:50:40,2026-05-06 22:50:40,60,0.003,TP_HIT_REPLAY,SHORT,YES
multi_asset_myfxbook_retail_contrarian::EURJPY=X::2026-05-04,EURJPY=X,multi_asset_copytrader,myfxbook_retail_contrarian,forex,LOST,2026-05-04 10:50:39,2026-05-06 22:50:39,60,-0.006,SL_HIT_REPLAY,LONG,YES
multi_asset_myfxbook_retail_contrarian::USDJPY=X::2026-05-04,USDJPY=X,multi_asset_copytrader,myfxbook_retail_contrarian,forex,LOST,2026-05-04 10:50:39,2026-05-06 22:50:39,60,-0.006,SL_HIT_REPLAY,LONG,YES
multi_asset_cftc_cot_commercial_signal::CT=F::2026-05-04_105,CT=F,multi_asset_copytrader,cftc_cot_commercial_signal,commodity,WON,2026-05-04 10:50:38,2026-05-06 10:50:38,48,0.0445,TP_HIT_REPLAY,SHORT,YES
multi_asset_ig_contrarian_sentiment::EURJPY=X::2026-05-04_10,EURJPY=X,multi_asset_copytrader,ig_contrarian_sentiment,forex,LOST,2026-05-04 10:50:19,2026-05-06 22:50:19,60,-0.005,SL_HIT_REPLAY,LONG,YES
multi_asset_ig_contrarian_sentiment::USDJPY=X::2026-05-04_10,USDJPY=X,multi_asset_copytrader,ig_contrarian_sentiment,forex,LOST,2026-05-04 10:50:19,2026-05-06 22:50:19,60,-0.005,SL_HIT_REPLAY,LONG,YES
multi_asset_cot_positioning::CT=F::2026-05-04_1050,CT=F,multi_asset_cot,cot_positioning,commodity,WON,2026-05-04 10:50:09,2026-05-06 10:50:09,48,0.0445,TP_HIT_REPLAY,SHORT,YES
multi_asset_forex_carry_momentum::GBPJPY=X::2026-05-04_1050,GBPJPY=X,multi_asset_copytrader,forex_carry_momentum,forex,LOST,2026-05-04 10:50:07,2026-05-06 22:50:07,60,-0.005,SL_HIT_REPLAY,LONG,YES
multi_asset_forex_rsi2_mean_reversion::EURJPY=X::2026-05-04_,EURJPY=X,multi_asset_copytrader,forex_rsi2_mean_reversion,forex,LOST,2026-05-04 10:50:07,2026-05-06 22:50:07,60,-0.005,SL_HIT_REPLAY,LONG,YES
multi_asset_forex_rsi2_mean_reversion::GBPJPY=X::2026-05-04_,GBPJPY=X,multi_asset_copytrader,forex_rsi2_mean_reversion,forex,LOST,2026-05-04 10:50:07,2026-05-06 22:50:07,60,-0.005,SL_HIT_REPLAY,LONG,YES
multi_asset_forex_rsi2_mean_reversion::USDJPY=X::2026-05-04_,USDJPY=X,multi_asset_copytrader,forex_rsi2_mean_reversion,forex,LOST,2026-05-04 10:50:07,2026-05-06 22:50:07,60,-0.005,SL_HIT_REPLAY,LONG,YES
cc_GBPJPY=X_L_202605041017,GBPJPY=X,combined_confidence_strategy,combined_confidence,forex,LOST,2026-05-04 10:17:55,2026-05-06 22:17:55,60,-0.005,SL_HIT_REPLAY,LONG,YES
cta_cross_asset_tsmom::NG=F::2026-05-04_0900,NG=F,cta_replicator,cta_cross_asset_tsmom,commodity,LOST,2026-05-04 09:00:54,2026-05-06 09:00:54,48,-0.03,SL_HIT_REPLAY,LONG,YES
cta_cross_asset_tsmom::USDJPY=X::2026-05-04_0900,USDJPY=X,cta_replicator,cta_cross_asset_tsmom,forex,WON,2026-05-04 09:00:54,2026-05-06 21:00:54,60,0.003,TP_HIT_REPLAY,SHORT,YES
multi_asset_myfxbook_retail_contrarian::EURJPY=X::2026-05-04,EURJPY=X,multi_asset_copytrader,myfxbook_retail_contrarian,forex,LOST,2026-05-04 09:00:50,2026-05-06 21:00:50,60,-0.006,SL_HIT_REPLAY,LONG,YES
multi_asset_myfxbook_retail_contrarian::USDJPY=X::2026-05-04,USDJPY=X,multi_asset_copytrader,myfxbook_retail_contrarian,forex,LOST,2026-05-04 09:00:50,2026-05-06 21:00:50,60,-0.006,SL_HIT_REPLAY,LONG,YES
multi_asset_cftc_cot_commercial_signal::CT=F::2026-05-04_090,CT=F,multi_asset_copytrader,cftc_cot_commercial_signal,commodity,WON,2026-05-04 09:00:49,2026-05-06 09:00:49,48,0.0444,TP_HIT_REPLAY,SHORT,YES
multi_asset_ig_contrarian_sentiment::EURJPY=X::2026-05-04_09,EURJPY=X,multi_asset_copytrader,ig_contrarian_sentiment,forex,LOST,2026-05-04 09:00:31,2026-05-06 21:00:31,60,-0.005,SL_HIT_REPLAY,LONG,YES
multi_asset_ig_contrarian_sentiment::USDJPY=X::2026-05-04_09,USDJPY=X,multi_asset_copytrader,ig_contrarian_sentiment,forex,LOST,2026-05-04 09:00:31,2026-05-06 21:00:31,60,-0.005,SL_HIT_REPLAY,LONG,YES
multi_asset_cot_positioning::CT=F::2026-05-04_0900,CT=F,multi_asset_cot,cot_positioning,commodity,WON,2026-05-04 09:00:21,2026-05-06 09:00:21,48,0.0444,TP_HIT_REPLAY,SHORT,YES
multi_asset_forex_carry_momentum::GBPJPY=X::2026-05-04_0900,GBPJPY=X,multi_asset_copytrader,forex_carry_momentum,forex,LOST,2026-05-04 09:00:19,2026-05-06 21:00:19,60,-0.005,SL_HIT_REPLAY,LONG,YES
multi_asset_forex_rsi2_mean_reversion::EURJPY=X::2026-05-04_,EURJPY=X,multi_asset_copytrader,forex_rsi2_mean_reversion,forex,LOST,2026-05-04 09:00:19,2026-05-06 21:00:19,60,-0.005,SL_HIT_REPLAY,LONG,YES
multi_asset_forex_rsi2_mean_reversion::GBPJPY=X::2026-05-04_,GBPJPY=X,multi_asset_copytrader,forex_rsi2_mean_reversion,forex,LOST,2026-05-04 09:00:19,2026-05-06 21:00:19,60,-0.005,SL_HIT_REPLAY,LONG,YES
multi_asset_forex_rsi2_mean_reversion::USDJPY=X::2026-05-04_,USDJPY=X,multi_asset_copytrader,forex_rsi2_mean_reversion,forex,LOST,2026-05-04 09:00:19,2026-05-06 21:00:19,60,-0.005,SL_HIT_REPLAY,LONG,YES
cta_cross_asset_tsmom::NG=F::2026-05-04_0609,NG=F,cta_replicator,cta_cross_asset_tsmom,commodity,LOST,2026-05-04 06:09:12,2026-05-06 06:09:12,48,-0.03,SL_HIT_REPLAY,LONG,YES
cta_cross_asset_tsmom::USDJPY=X::2026-05-04_0609,USDJPY=X,cta_replicator,cta_cross_asset_tsmom,forex,LOST,2026-05-04 06:09:12,2026-05-06 18:09:12,60,-0.002,SL_HIT_REPLAY,SHORT,YES
multi_asset_myfxbook_retail_contrarian::EURJPY=X::2026-05-04,EURJPY=X,multi_asset_copytrader,myfxbook_retail_contrarian,forex,LOST,2026-05-04 06:09:11,2026-05-06 18:09:11,60,-0.006,SL_HIT_REPLAY,LONG,YES
multi_asset_myfxbook_retail_contrarian::USDJPY=X::2026-05-04,USDJPY=X,multi_asset_copytrader,myfxbook_retail_contrarian,forex,LOST,2026-05-04 06:09:11,2026-05-06 18:09:11,60,-0.006,SL_HIT_REPLAY,LONG,YES
multi_asset_ig_contrarian_sentiment::EURJPY=X::2026-05-04_06,EURJPY=X,multi_asset_copytrader,ig_contrarian_sentiment,forex,LOST,2026-05-04 06:08:47,2026-05-06 18:08:47,60,-0.005,SL_HIT_REPLAY,LONG,YES
multi_asset_ig_contrarian_sentiment::USDJPY=X::2026-05-04_06,USDJPY=X,multi_asset_copytrader,ig_contrarian_sentiment,forex,LOST,2026-05-04 06:08:47,2026-05-06 18:08:47,60,-0.005,SL_HIT_REPLAY,LONG,YES
multi_asset_forex_carry_momentum::AUDJPY=X::2026-05-04_0608,AUDJPY=X,multi_asset_copytrader,forex_carry_momentum,forex,LOST,2026-05-04 06:08:36,2026-05-06 18:08:36,60,-0.005,SL_HIT_REPLAY,LONG,YES
multi_asset_forex_carry_momentum::GBPJPY=X::2026-05-04_0608,GBPJPY=X,multi_asset_copytrader,forex_carry_momentum,forex,LOST,2026-05-04 06:08:36,2026-05-06 18:08:36,60,-0.005,SL_HIT_REPLAY,LONG,YES
multi_asset_forex_rsi2_mean_reversion::EURJPY=X::2026-05-04_,EURJPY=X,multi_asset_copytrader,forex_rsi2_mean_reversion,forex,LOST,2026-05-04 06:08:36,2026-05-06 18:08:36,60,-0.005,SL_HIT_REPLAY,LONG,YES
multi_asset_forex_rsi2_mean_reversion::GBPJPY=X::2026-05-04_,GBPJPY=X,multi_asset_copytrader,forex_rsi2_mean_reversion,forex,LOST,2026-05-04 06:08:36,2026-05-06 18:08:36,60,-0.005,SL_HIT_REPLAY,LONG,YES
multi_asset_forex_rsi2_mean_reversion::USDJPY=X::2026-05-04_,USDJPY=X,multi_asset_copytrader,forex_rsi2_mean_reversion,forex,LOST,2026-05-04 06:08:36,2026-05-06 18:08:36,60,-0.005,SL_HIT_REPLAY,LONG,YES
cta_cross_asset_tsmom::USDJPY=X::2026-05-04_0449,USDJPY=X,cta_replicator,cta_cross_asset_tsmom,forex,LOST,2026-05-04 04:49:37,2026-05-06 16:49:37,60,-0.002,SL_HIT_REPLAY,SHORT,YES
multi_asset_myfxbook_retail_contrarian::USDJPY=X::2026-05-04,USDJPY=X,multi_asset_copytrader,myfxbook_retail_contrarian,forex,LOST,2026-05-04 04:49:36,2026-05-06 16:49:36,60,-0.006,SL_HIT_REPLAY,LONG,YES
multi_asset_ig_contrarian_sentiment::EURJPY=X::2026-05-04_04,EURJPY=X,multi_asset_copytrader,ig_contrarian_sentiment,forex,LOST,2026-05-04 04:49:18,2026-05-06 16:49:18,60,-0.005,SL_HIT_REPLAY,LONG,YES
multi_asset_ig_contrarian_sentiment::USDJPY=X::2026-05-04_04,USDJPY=X,multi_asset_copytrader,ig_contrarian_sentiment,forex,LOST,2026-05-04 04:49:18,2026-05-06 16:49:18,60,-0.005,SL_HIT_REPLAY,LONG,YES
multi_asset_forex_rsi2_mean_reversion::EURJPY=X::2026-05-04_,EURJPY=X,multi_asset_copytrader,forex_rsi2_mean_reversion,forex,LOST,2026-05-04 04:49:06,2026-05-06 16:49:06,60,-0.005,SL_HIT_REPLAY,LONG,YES
multi_asset_forex_rsi2_mean_reversion::GBPJPY=X::2026-05-04_,GBPJPY=X,multi_asset_copytrader,forex_rsi2_mean_reversion,forex,LOST,2026-05-04 04:49:06,2026-05-06 16:49:06,60,-0.005,SL_HIT_REPLAY,LONG,YES
multi_asset_forex_rsi2_mean_reversion::USDJPY=X::2026-05-04_,USDJPY=X,multi_asset_copytrader,forex_rsi2_mean_reversion,forex,LOST,2026-05-04 04:49:06,2026-05-06 16:49:06,60,-0.005,SL_HIT_REPLAY,LONG,YES
multi_asset_myfxbook_retail_contrarian::EURJPY=X::2026-05-03,EURJPY=X,multi_asset_copytrader,myfxbook_retail_contrarian,forex,LOST,2026-05-03 23:24:27,2026-05-06 11:24:27,60,-0.006,SL_HIT_REPLAY,LONG,YES
multi_asset_ig_contrarian_sentiment::EURGBP=X::2026-05-03_23,EURGBP=X,multi_asset_copytrader,ig_contrarian_sentiment,forex,LOST,2026-05-03 23:24:06,2026-05-06 11:24:06,60,-0.0023,SL_HIT_REPLAY,LONG,YES
multi_asset_ig_contrarian_sentiment::EURJPY=X::2026-05-03_23,EURJPY=X,multi_asset_copytrader,ig_contrarian_sentiment,forex,LOST,2026-05-03 23:24:06,2026-05-06 11:24:06,60,-0.005,SL_HIT_REPLAY,LONG,YES
multi_asset_forex_carry_momentum::AUDJPY=X::2026-05-03_2323,AUDJPY=X,multi_asset_copytrader,forex_carry_momentum,forex,LOST,2026-05-03 23:23:52,2026-05-06 11:23:52,60,-0.005,SL_HIT_REPLAY,LONG,YES
multi_asset_forex_rsi2_mean_reversion::EURJPY=X::2026-05-03_,EURJPY=X,multi_asset_copytrader,forex_rsi2_mean_reversion,forex,LOST,2026-05-03 23:23:52,2026-05-06 11:23:52,60,-0.005,SL_HIT_REPLAY,LONG,YES
multi_asset_myfxbook_retail_contrarian::EURJPY=X::2026-05-03,EURJPY=X,multi_asset_copytrader,myfxbook_retail_contrarian,forex,LOST,2026-05-03 22:22:00,2026-05-06 10:22:00,60,-0.006,SL_HIT_REPLAY,LONG,YES
multi_asset_ig_contrarian_sentiment::EURGBP=X::2026-05-03_22,EURGBP=X,multi_asset_copytrader,ig_contrarian_sentiment,forex,LOST,2026-05-03 22:21:43,2026-05-06 10:21:43,60,-0.0023,SL_HIT_REPLAY,LONG,YES
multi_asset_ig_contrarian_sentiment::EURJPY=X::2026-05-03_22,EURJPY=X,multi_asset_copytrader,ig_contrarian_sentiment,forex,LOST,2026-05-03 22:21:43,2026-05-06 10:21:43,60,-0.005,SL_HIT_REPLAY,LONG,YES
multi_asset_forex_carry_momentum::AUDJPY=X::2026-05-03_2221,AUDJPY=X,multi_asset_copytrader,forex_carry_momentum,forex,LOST,2026-05-03 22:21:31,2026-05-06 10:21:31,60,-0.005,SL_HIT_REPLAY,LONG,YES
multi_asset_forex_rsi2_mean_reversion::EURJPY=X::2026-05-03_,EURJPY=X,multi_asset_copytrader,forex_rsi2_mean_reversion,forex,LOST,2026-05-03 22:21:31,2026-05-06 10:21:31,60,-0.005,SL_HIT_REPLAY,LONG,YES
multi_asset_myfxbook_retail_contrarian::EURJPY=X::2026-05-03,EURJPY=X,multi_asset_copytrader,myfxbook_retail_contrarian,forex,LOST,2026-05-03 21:24:40,2026-05-06 09:24:40,60,-0.006,SL_HIT_REPLAY,LONG,YES
multi_asset_ig_contrarian_sentiment::EURGBP=X::2026-05-03_21,EURGBP=X,multi_asset_copytrader,ig_contrarian_sentiment,forex,LOST,2026-05-03 21:23:04,2026-05-06 09:23:04,60,-0.0023,SL_HIT_REPLAY,LONG,YES
multi_asset_ig_contrarian_sentiment::EURJPY=X::2026-05-03_21,EURJPY=X,multi_asset_copytrader,ig_contrarian_sentiment,forex,LOST,2026-05-03 21:23:04,2026-05-06 09:23:04,60,-0.005,SL_HIT_REPLAY,LONG,YES
multi_asset_forex_carry_momentum::AUDJPY=X::2026-05-03_2122,AUDJPY=X,multi_asset_copytrader,forex_carry_momentum,forex,LOST,2026-05-03 21:22:51,2026-05-06 09:22:51,60,-0.005,SL_HIT_REPLAY,LONG,YES
multi_asset_forex_rsi2_mean_reversion::EURJPY=X::2026-05-03_,EURJPY=X,multi_asset_copytrader,forex_rsi2_mean_reversion,forex,LOST,2026-05-03 21:22:51,2026-05-06 09:22:51,60,-0.005,SL_HIT_REPLAY,LONG,YES
multi_asset_myfxbook_retail_contrarian::EURJPY=X::2026-05-03,EURJPY=X,multi_asset_copytrader,myfxbook_retail_contrarian,forex,LOST,2026-05-03 20:21:42,2026-05-06 08:21:42,60,-0.006,SL_HIT_REPLAY,LONG,YES
multi_asset_ig_contrarian_sentiment::EURGBP=X::2026-05-03_20,EURGBP=X,multi_asset_copytrader,ig_contrarian_sentiment,forex,LOST,2026-05-03 20:21:25,2026-05-06 08:21:25,60,-0.0023,SL_HIT_REPLAY,LONG,YES
multi_asset_ig_contrarian_sentiment::EURJPY=X::2026-05-03_20,EURJPY=X,multi_asset_copytrader,ig_contrarian_sentiment,forex,LOST,2026-05-03 20:21:25,2026-05-06 08:21:25,60,-0.005,SL_HIT_REPLAY,LONG,YES
multi_asset_forex_carry_momentum::AUDJPY=X::2026-05-03_2021,AUDJPY=X,multi_asset_copytrader,forex_carry_momentum,forex,LOST,2026-05-03 20:21:14,2026-05-06 08:21:14,60,-0.005,SL_HIT_REPLAY,LONG,YES
multi_asset_forex_rsi2_mean_reversion::EURJPY=X::2026-05-03_,EURJPY=X,multi_asset_copytrader,forex_rsi2_mean_reversion,forex,LOST,2026-05-03 20:21:14,2026-05-06 08:21:14,60,-0.005,SL_HIT_REPLAY,LONG,YES
cta_cross_asset_tsmom::NZDUSD=X::2026-05-01_2326,NZDUSD=X,cta_replicator,cta_cross_asset_tsmom,forex,WON,2026-05-01 23:26:47,2026-05-04 11:26:47,60,0.003,TP_HIT_REPLAY,LONG,YES
cta_cross_asset_tsmom::USDJPY=X::2026-05-01_2326,USDJPY=X,cta_replicator,cta_cross_asset_tsmom,forex,WON,2026-05-01 23:26:47,2026-05-04 11:26:47,60,0.003,TP_HIT_REPLAY,SHORT,YES
multi_asset_myfxbook_retail_contrarian::EURJPY=X::2026-05-01,EURJPY=X,multi_asset_copytrader,myfxbook_retail_contrarian,forex,LOST,2026-05-01 23:26:45,2026-05-04 11:26:45,60,-0.006,SL_HIT_REPLAY,LONG,YES
multi_asset_myfxbook_retail_contrarian::GBPUSD=X::2026-05-01,GBPUSD=X,multi_asset_copytrader,myfxbook_retail_contrarian,forex,LOST,2026-05-01 23:26:45,2026-05-04 11:26:45,60,-0.006,SL_HIT_REPLAY,SHORT,YES
multi_asset_myfxbook_retail_contrarian::USDJPY=X::2026-05-01,USDJPY=X,multi_asset_copytrader,myfxbook_retail_contrarian,forex,LOST,2026-05-01 23:26:45,2026-05-04 11:26:45,60,-0.006,SL_HIT_REPLAY,LONG,YES
multi_asset_cftc_cot_commercial_signal::CT=F::2026-05-01_232,CT=F,multi_asset_copytrader,cftc_cot_commercial_signal,commodity,WON,2026-05-01 23:26:44,2026-05-03 23:26:44,48,0.0397,TP_HIT_REPLAY,SHORT,YES
multi_asset_ig_contrarian_sentiment::EURJPY=X::2026-05-01_23,EURJPY=X,multi_asset_copytrader,ig_contrarian_sentiment,forex,LOST,2026-05-01 23:26:21,2026-05-04 11:26:21,60,-0.005,SL_HIT_REPLAY,LONG,YES
multi_asset_ig_contrarian_sentiment::GBPUSD=X::2026-05-01_23,GBPUSD=X,multi_asset_copytrader,ig_contrarian_sentiment,forex,LOST,2026-05-01 23:26:21,2026-05-04 11:26:21,60,-0.005,SL_HIT_REPLAY,SHORT,YES
multi_asset_ig_contrarian_sentiment::USDJPY=X::2026-05-01_23,USDJPY=X,multi_asset_copytrader,ig_contrarian_sentiment,forex,LOST,2026-05-01 23:26:21,2026-05-04 11:26:21,60,-0.005,SL_HIT_REPLAY,LONG,YES
multi_asset_cot_positioning::CT=F::2026-05-01_2326,CT=F,multi_asset_cot,cot_positioning,commodity,WON,2026-05-01 23:26:11,2026-05-03 23:26:11,48,0.0397,TP_HIT_REPLAY,SHORT,YES
multi_asset_futures_momentum::CT=F::2026-05-01_2326,CT=F,multi_asset_copytrader,futures_momentum,commodity,LOST,2026-05-01 23:26:11,2026-05-03 23:26:11,48,-0.0297,SL_HIT_REPLAY,LONG,YES
multi_asset_forex_carry_momentum::AUDJPY=X::2026-05-01_2326,AUDJPY=X,multi_asset_copytrader,forex_carry_momentum,forex,LOST,2026-05-01 23:26:09,2026-05-04 11:26:09,60,-0.005,SL_HIT_REPLAY,LONG,YES
multi_asset_forex_carry_momentum::CADJPY=X::2026-05-01_2326,CADJPY=X,multi_asset_copytrader,forex_carry_momentum,forex,LOST,2026-05-01 23:26:09,2026-05-04 11:26:09,60,-0.005,SL_HIT_REPLAY,LONG,YES
multi_asset_forex_carry_momentum::GBPJPY=X::2026-05-01_2326,GBPJPY=X,multi_asset_copytrader,forex_carry_momentum,forex,LOST,2026-05-01 23:26:09,2026-05-04 11:26:09,60,-0.005,SL_HIT_REPLAY,LONG,YES
multi_asset_forex_rsi2_mean_reversion::EURJPY=X::2026-05-01_,EURJPY=X,multi_asset_copytrader,forex_rsi2_mean_reversion,forex,LOST,2026-05-01 23:26:09,2026-05-04 11:26:09,60,-0.005,SL_HIT_REPLAY,LONG,YES
cta_cross_asset_tsmom::NZDUSD=X::2026-05-01_2225,NZDUSD=X,cta_replicator,cta_cross_asset_tsmom,forex,WON,2026-05-01 22:25:25,2026-05-04 10:25:25,60,0.003,TP_HIT_REPLAY,LONG,YES
cta_cross_asset_tsmom::USDJPY=X::2026-05-01_2225,USDJPY=X,cta_replicator,cta_cross_asset_tsmom,forex,WON,2026-05-01 22:25:25,2026-05-04 10:25:25,60,0.003,TP_HIT_REPLAY,SHORT,YES
multi_asset_cftc_cot_commercial_signal::CT=F::2026-05-01_222,CT=F,multi_asset_copytrader,cftc_cot_commercial_signal,commodity,WON,2026-05-01 22:25:23,2026-05-03 22:25:23,48,0.0397,TP_HIT_REPLAY,SHORT,YES
multi_asset_myfxbook_retail_contrarian::EURJPY=X::2026-05-01,EURJPY=X,multi_asset_copytrader,myfxbook_retail_contrarian,forex,LOST,2026-05-01 22:25:23,2026-05-04 10:25:23,60,-0.006,SL_HIT_REPLAY,LONG,YES
multi_asset_myfxbook_retail_contrarian::GBPUSD=X::2026-05-01,GBPUSD=X,multi_asset_copytrader,myfxbook_retail_contrarian,forex,LOST,2026-05-01 22:25:23,2026-05-04 10:25:23,60,-0.006,SL_HIT_REPLAY,SHORT,YES
multi_asset_myfxbook_retail_contrarian::USDJPY=X::2026-05-01,USDJPY=X,multi_asset_copytrader,myfxbook_retail_contrarian,forex,LOST,2026-05-01 22:25:23,2026-05-04 10:25:23,60,-0.006,SL_HIT_REPLAY,LONG,YES
multi_asset_ig_contrarian_sentiment::EURJPY=X::2026-05-01_22,EURJPY=X,multi_asset_copytrader,ig_contrarian_sentiment,forex,LOST,2026-05-01 22:25:07,2026-05-04 10:25:07,60,-0.005,SL_HIT_REPLAY,LONG,YES
multi_asset_ig_contrarian_sentiment::GBPUSD=X::2026-05-01_22,GBPUSD=X,multi_asset_copytrader,ig_contrarian_sentiment,forex,LOST,2026-05-01 22:25:07,2026-05-04 10:25:07,60,-0.005,SL_HIT_REPLAY,SHORT,YES
multi_asset_ig_contrarian_sentiment::USDJPY=X::2026-05-01_22,USDJPY=X,multi_asset_copytrader,ig_contrarian_sentiment,forex,LOST,2026-05-01 22:25:07,2026-05-04 10:25:07,60,-0.005,SL_HIT_REPLAY,LONG,YES
multi_asset_cot_positioning::CT=F::2026-05-01_2224,CT=F,multi_asset_cot,cot_positioning,commodity,WON,2026-05-01 22:24:56,2026-05-03 22:24:56,48,0.0397,TP_HIT_REPLAY,SHORT,YES
multi_asset_futures_momentum::CT=F::2026-05-01_2224,CT=F,multi_asset_copytrader,futures_momentum,commodity,LOST,2026-05-01 22:24:56,2026-05-03 22:24:56,48,-0.0297,SL_HIT_REPLAY,LONG,YES
multi_asset_forex_carry_momentum::AUDJPY=X::2026-05-01_2224,AUDJPY=X,multi_asset_copytrader,forex_carry_momentum,forex,LOST,2026-05-01 22:24:54,2026-05-04 10:24:54,60,-0.005,SL_HIT_REPLAY,LONG,YES
multi_asset_forex_carry_momentum::CADJPY=X::2026-05-01_2224,CADJPY=X,multi_asset_copytrader,forex_carry_momentum,forex,LOST,2026-05-01 22:24:54,2026-05-04 10:24:54,60,-0.005,SL_HIT_REPLAY,LONG,YES
multi_asset_forex_carry_momentum::GBPJPY=X::2026-05-01_2224,GBPJPY=X,multi_asset_copytrader,forex_carry_momentum,forex,LOST,2026-05-01 22:24:54,2026-05-04 10:24:54,60,-0.005,SL_HIT_REPLAY,LONG,YES
multi_asset_forex_rsi2_mean_reversion::EURJPY=X::2026-05-01_,EURJPY=X,multi_asset_copytrader,forex_rsi2_mean_reversion,forex,LOST,2026-05-01 22:24:54,2026-05-04 10:24:54,60,-0.005,SL_HIT_REPLAY,LONG,YES
cta_cross_asset_tsmom::NZDUSD=X::2026-05-01_2126,NZDUSD=X,cta_replicator,cta_cross_asset_tsmom,forex,WON,2026-05-01 21:26:11,2026-05-04 09:26:11,60,0.003,TP_HIT_REPLAY,LONG,YES
cta_cross_asset_tsmom::USDJPY=X::2026-05-01_2126,USDJPY=X,cta_replicator,cta_cross_asset_tsmom,forex,WON,2026-05-01 21:26:11,2026-05-04 09:26:11,60,0.003,TP_HIT_REPLAY,SHORT,YES
multi_asset_myfxbook_retail_contrarian::EURJPY=X::2026-05-01,EURJPY=X,multi_asset_copytrader,myfxbook_retail_contrarian,forex,LOST,2026-05-01 21:26:08,2026-05-04 09:26:08,60,-0.006,SL_HIT_REPLAY,LONG,YES
multi_asset_myfxbook_retail_contrarian::GBPUSD=X::2026-05-01,GBPUSD=X,multi_asset_copytrader,myfxbook_retail_contrarian,forex,LOST,2026-05-01 21:26:08,2026-05-04 09:26:08,60,-0.006,SL_HIT_REPLAY,SHORT,YES
multi_asset_myfxbook_retail_contrarian::USDJPY=X::2026-05-01,USDJPY=X,multi_asset_copytrader,myfxbook_retail_contrarian,forex,LOST,2026-05-01 21:26:08,2026-05-04 09:26:08,60,-0.006,SL_HIT_REPLAY,LONG,YES
multi_asset_cftc_cot_commercial_signal::CT=F::2026-05-01_212,CT=F,multi_asset_copytrader,cftc_cot_commercial_signal,commodity,WON,2026-05-01 21:26:07,2026-05-03 21:26:07,48,0.0397,TP_HIT_REPLAY,SHORT,YES
multi_asset_ig_contrarian_sentiment::EURJPY=X::2026-05-01_21,EURJPY=X,multi_asset_copytrader,ig_contrarian_sentiment,forex,LOST,2026-05-01 21:25:48,2026-05-04 09:25:48,60,-0.005,SL_HIT_REPLAY,LONG,YES
multi_asset_ig_contrarian_sentiment::GBPUSD=X::2026-05-01_21,GBPUSD=X,multi_asset_copytrader,ig_contrarian_sentiment,forex,LOST,2026-05-01 21:25:48,2026-05-04 09:25:48,60,-0.005,SL_HIT_REPLAY,SHORT,YES
multi_asset_ig_contrarian_sentiment::USDJPY=X::2026-05-01_21,USDJPY=X,multi_asset_copytrader,ig_contrarian_sentiment,forex,LOST,2026-05-01 21:25:48,2026-05-04 09:25:48,60,-0.005,SL_HIT_REPLAY,LONG,YES
multi_asset_cot_positioning::CT=F::2026-05-01_2125,CT=F,multi_asset_cot,cot_positioning,commodity,WON,2026-05-01 21:25:33,2026-05-03 21:25:33,48,0.0397,TP_HIT_REPLAY,SHORT,YES
multi_asset_futures_momentum::CT=F::2026-05-01_2125,CT=F,multi_asset_copytrader,futures_momentum,commodity,LOST,2026-05-01 21:25:32,2026-05-03 21:25:32,48,-0.0297,SL_HIT_REPLAY,LONG,YES
multi_asset_forex_carry_momentum::AUDJPY=X::2026-05-01_2125,AUDJPY=X,multi_asset_copytrader,forex_carry_momentum,forex,LOST,2026-05-01 21:25:30,2026-05-04 09:25:30,60,-0.005,SL_HIT_REPLAY,LONG,YES
multi_asset_forex_carry_momentum::CADJPY=X::2026-05-01_2125,CADJPY=X,multi_asset_copytrader,forex_carry_momentum,forex,LOST,2026-05-01 21:25:30,2026-05-04 09:25:30,60,-0.005,SL_HIT_REPLAY,LONG,YES
multi_asset_forex_carry_momentum::GBPJPY=X::2026-05-01_2125,GBPJPY=X,multi_asset_copytrader,forex_carry_momentum,forex,LOST,2026-05-01 21:25:30,2026-05-04 09:25:30,60,-0.005,SL_HIT_REPLAY,LONG,YES
multi_asset_forex_rsi2_mean_reversion::EURJPY=X::2026-05-01_,EURJPY=X,multi_asset_copytrader,forex_rsi2_mean_reversion,forex,LOST,2026-05-01 21:25:30,2026-05-04 09:25:30,60,-0.005,SL_HIT_REPLAY,LONG,YES
cta_cross_asset_tsmom::NZDUSD=X::2026-05-01_2027,NZDUSD=X,cta_replicator,cta_cross_asset_tsmom,forex,LOST,2026-05-01 20:27:16,2026-05-04 08:27:16,60,-0.002,SL_HIT_REPLAY,LONG,YES
cta_cross_asset_tsmom::USDJPY=X::2026-05-01_2027,USDJPY=X,cta_replicator,cta_cross_asset_tsmom,forex,WON,2026-05-01 20:27:16,2026-05-04 08:27:16,60,0.003,TP_HIT_REPLAY,SHORT,YES
multi_asset_myfxbook_retail_contrarian::EURJPY=X::2026-05-01,EURJPY=X,multi_asset_copytrader,myfxbook_retail_contrarian,forex,LOST,2026-05-01 20:27:14,2026-05-04 08:27:14,60,-0.006,SL_HIT_REPLAY,LONG,YES
multi_asset_myfxbook_retail_contrarian::GBPUSD=X::2026-05-01,GBPUSD=X,multi_asset_copytrader,myfxbook_retail_contrarian,forex,LOST,2026-05-01 20:27:14,2026-05-04 08:27:14,60,-0.006,SL_HIT_REPLAY,SHORT,YES
multi_asset_myfxbook_retail_contrarian::USDJPY=X::2026-05-01,USDJPY=X,multi_asset_copytrader,myfxbook_retail_contrarian,forex,LOST,2026-05-01 20:27:14,2026-05-04 08:27:14,60,-0.006,SL_HIT_REPLAY,LONG,YES
multi_asset_cftc_cot_commercial_signal::CT=F::2026-05-01_202,CT=F,multi_asset_copytrader,cftc_cot_commercial_signal,commodity,WON,2026-05-01 20:27:13,2026-05-03 20:27:13,48,0.0397,TP_HIT_REPLAY,SHORT,YES
multi_asset_ig_contrarian_sentiment::EURJPY=X::2026-05-01_20,EURJPY=X,multi_asset_copytrader,ig_contrarian_sentiment,forex,LOST,2026-05-01 20:26:57,2026-05-04 08:26:57,60,-0.005,SL_HIT_REPLAY,LONG,YES
multi_asset_ig_contrarian_sentiment::GBPUSD=X::2026-05-01_20,GBPUSD=X,multi_asset_copytrader,ig_contrarian_sentiment,forex,LOST,2026-05-01 20:26:57,2026-05-04 08:26:57,60,-0.005,SL_HIT_REPLAY,SHORT,YES
multi_asset_ig_contrarian_sentiment::USDJPY=X::2026-05-01_20,USDJPY=X,multi_asset_copytrader,ig_contrarian_sentiment,forex,LOST,2026-05-01 20:26:57,2026-05-04 08:26:57,60,-0.005,SL_HIT_REPLAY,LONG,YES
multi_asset_cot_positioning::CT=F::2026-05-01_2026,CT=F,multi_asset_cot,cot_positioning,commodity,WON,2026-05-01 20:26:46,2026-05-03 20:26:46,48,0.0397,TP_HIT_REPLAY,SHORT,YES
multi_asset_futures_momentum::CT=F::2026-05-01_2026,CT=F,multi_asset_copytrader,futures_momentum,commodity,LOST,2026-05-01 20:26:46,2026-05-03 20:26:46,48,-0.0297,SL_HIT_REPLAY,LONG,YES
multi_asset_forex_carry_momentum::AUDJPY=X::2026-05-01_2026,AUDJPY=X,multi_asset_copytrader,forex_carry_momentum,forex,LOST,2026-05-01 20:26:44,2026-05-04 08:26:44,60,-0.005,SL_HIT_REPLAY,LONG,YES
multi_asset_forex_carry_momentum::CADJPY=X::2026-05-01_2026,CADJPY=X,multi_asset_copytrader,forex_carry_momentum,forex,LOST,2026-05-01 20:26:44,2026-05-04 08:26:44,60,-0.005,SL_HIT_REPLAY,LONG,YES
multi_asset_forex_carry_momentum::GBPJPY=X::2026-05-01_2026,GBPJPY=X,multi_asset_copytrader,forex_carry_momentum,forex,LOST,2026-05-01 20:26:44,2026-05-04 08:26:44,60,-0.005,SL_HIT_REPLAY,LONG,YES
multi_asset_forex_rsi2_mean_reversion::EURJPY=X::2026-05-01_,EURJPY=X,multi_asset_copytrader,forex_rsi2_mean_reversion,forex,LOST,2026-05-01 20:26:44,2026-05-04 08:26:44,60,-0.005,SL_HIT_REPLAY,LONG,YES
multi_asset_forex_rsi2_mean_reversion::GBPJPY=X::2026-05-01_,GBPJPY=X,multi_asset_copytrader,forex_rsi2_mean_reversion,forex,LOST,2026-05-01 20:26:44,2026-05-04 08:26:44,60,-0.005,SL_HIT_REPLAY,LONG,YES
cta_cross_asset_tsmom::NZDUSD=X::2026-05-01_1935,NZDUSD=X,cta_replicator,cta_cross_asset_tsmom,forex,LOST,2026-05-01 19:35:46,2026-05-04 07:35:46,60,-0.002,SL_HIT_REPLAY,LONG,YES
cta_cross_asset_tsmom::USDJPY=X::2026-05-01_1935,USDJPY=X,cta_replicator,cta_cross_asset_tsmom,forex,WON,2026-05-01 19:35:46,2026-05-04 07:35:46,60,0.003,TP_HIT_REPLAY,SHORT,YES
multi_asset_myfxbook_retail_contrarian::EURJPY=X::2026-05-01,EURJPY=X,multi_asset_copytrader,myfxbook_retail_contrarian,forex,LOST,2026-05-01 19:35:44,2026-05-04 07:35:44,60,-0.006,SL_HIT_REPLAY,LONG,YES
multi_asset_myfxbook_retail_contrarian::USDJPY=X::2026-05-01,USDJPY=X,multi_asset_copytrader,myfxbook_retail_contrarian,forex,LOST,2026-05-01 19:35:44,2026-05-04 07:35:44,60,-0.006,SL_HIT_REPLAY,LONG,YES
multi_asset_cftc_cot_commercial_signal::CT=F::2026-05-01_193,CT=F,multi_asset_copytrader,cftc_cot_commercial_signal,commodity,WON,2026-05-01 19:35:43,2026-05-03 19:35:43,48,0.0397,TP_HIT_REPLAY,SHORT,YES
multi_asset_ig_contrarian_sentiment::AUDJPY=X::2026-05-01_19,AUDJPY=X,multi_asset_copytrader,ig_contrarian_sentiment,forex,WON,2026-05-01 19:35:21,2026-05-04 07:35:21,60,0.008,TP_HIT_REPLAY,SHORT,YES
multi_asset_ig_contrarian_sentiment::EURJPY=X::2026-05-01_19,EURJPY=X,multi_asset_copytrader,ig_contrarian_sentiment,forex,LOST,2026-05-01 19:35:21,2026-05-04 07:35:21,60,-0.005,SL_HIT_REPLAY,LONG,YES
multi_asset_ig_contrarian_sentiment::GBPUSD=X::2026-05-01_19,GBPUSD=X,multi_asset_copytrader,ig_contrarian_sentiment,forex,LOST,2026-05-01 19:35:21,2026-05-04 07:35:21,60,-0.005,SL_HIT_REPLAY,SHORT,YES
multi_asset_ig_contrarian_sentiment::USDJPY=X::2026-05-01_19,USDJPY=X,multi_asset_copytrader,ig_contrarian_sentiment,forex,LOST,2026-05-01 19:35:21,2026-05-04 07:35:21,60,-0.005,SL_HIT_REPLAY,LONG,YES
multi_asset_cot_positioning::CT=F::2026-05-01_1935,CT=F,multi_asset_cot,cot_positioning,commodity,WON,2026-05-01 19:35:10,2026-05-03 19:35:10,48,0.0397,TP_HIT_REPLAY,SHORT,YES
multi_asset_futures_momentum::CT=F::2026-05-01_1935,CT=F,multi_asset_copytrader,futures_momentum,commodity,LOST,2026-05-01 19:35:10,2026-05-03 19:35:10,48,-0.0297,SL_HIT_REPLAY,LONG,YES
multi_asset_forex_carry_momentum::AUDJPY=X::2026-05-01_1935,AUDJPY=X,multi_asset_copytrader,forex_carry_momentum,forex,LOST,2026-05-01 19:35:08,2026-05-04 07:35:08,60,-0.005,SL_HIT_REPLAY,LONG,YES
multi_asset_forex_carry_momentum::CADJPY=X::2026-05-01_1935,CADJPY=X,multi_asset_copytrader,forex_carry_momentum,forex,LOST,2026-05-01 19:35:08,2026-05-04 07:35:08,60,-0.005,SL_HIT_REPLAY,LONG,YES
multi_asset_forex_carry_momentum::GBPJPY=X::2026-05-01_1935,GBPJPY=X,multi_asset_copytrader,forex_carry_momentum,forex,LOST,2026-05-01 19:35:08,2026-05-04 07:35:08,60,-0.005,SL_HIT_REPLAY,LONG,YES
multi_asset_forex_rsi2_mean_reversion::EURJPY=X::2026-05-01_,EURJPY=X,multi_asset_copytrader,forex_rsi2_mean_reversion,forex,LOST,2026-05-01 19:35:08,2026-05-04 07:35:08,60,-0.005,SL_HIT_REPLAY,LONG,YES
cta_cross_asset_tsmom::NZDUSD=X::2026-05-01_1834,NZDUSD=X,cta_replicator,cta_cross_asset_tsmom,forex,LOST,2026-05-01 18:34:57,2026-05-04 06:34:57,60,-0.002,SL_HIT_REPLAY,LONG,YES
cta_cross_asset_tsmom::USDJPY=X::2026-05-01_1834,USDJPY=X,cta_replicator,cta_cross_asset_tsmom,forex,WON,2026-05-01 18:34:57,2026-05-04 06:34:57,60,0.003,TP_HIT_REPLAY,SHORT,YES
multi_asset_myfxbook_retail_contrarian::EURJPY=X::2026-05-01,EURJPY=X,multi_asset_copytrader,myfxbook_retail_contrarian,forex,LOST,2026-05-01 18:34:55,2026-05-04 06:34:55,60,-0.006,SL_HIT_REPLAY,LONG,YES
multi_asset_myfxbook_retail_contrarian::USDJPY=X::2026-05-01,USDJPY=X,multi_asset_copytrader,myfxbook_retail_contrarian,forex,LOST,2026-05-01 18:34:55,2026-05-04 06:34:55,60,-0.006,SL_HIT_REPLAY,LONG,YES
multi_asset_cftc_cot_commercial_signal::CT=F::2026-05-01_183,CT=F,multi_asset_copytrader,cftc_cot_commercial_signal,commodity,WON,2026-05-01 18:34:54,2026-05-03 18:34:54,48,0.0397,TP_HIT_REPLAY,SHORT,YES
multi_asset_ig_contrarian_sentiment::EURJPY=X::2026-05-01_18,EURJPY=X,multi_asset_copytrader,ig_contrarian_sentiment,forex,LOST,2026-05-01 18:34:31,2026-05-04 06:34:31,60,-0.005,SL_HIT_REPLAY,LONG,YES
multi_asset_ig_contrarian_sentiment::GBPUSD=X::2026-05-01_18,GBPUSD=X,multi_asset_copytrader,ig_contrarian_sentiment,forex,LOST,2026-05-01 18:34:31,2026-05-04 06:34:31,60,-0.005,SL_HIT_REPLAY,SHORT,YES
multi_asset_ig_contrarian_sentiment::USDJPY=X::2026-05-01_18,USDJPY=X,multi_asset_copytrader,ig_contrarian_sentiment,forex,LOST,2026-05-01 18:34:31,2026-05-04 06:34:31,60,-0.005,SL_HIT_REPLAY,LONG,YES
multi_asset_cot_positioning::CT=F::2026-05-01_1834,CT=F,multi_asset_cot,cot_positioning,commodity,WON,2026-05-01 18:34:22,2026-05-03 18:34:22,48,0.0397,TP_HIT_REPLAY,SHORT,YES
multi_asset_futures_momentum::CT=F::2026-05-01_1834,CT=F,multi_asset_copytrader,futures_momentum,commodity,LOST,2026-05-01 18:34:21,2026-05-03 18:34:21,48,-0.0297,SL_HIT_REPLAY,LONG,YES
multi_asset_forex_carry_momentum::AUDJPY=X::2026-05-01_1834,AUDJPY=X,multi_asset_copytrader,forex_carry_momentum,forex,LOST,2026-05-01 18:34:19,2026-05-04 06:34:19,60,-0.005,SL_HIT_REPLAY,LONG,YES
multi_asset_forex_carry_momentum::CADJPY=X::2026-05-01_1834,CADJPY=X,multi_asset_copytrader,forex_carry_momentum,forex,LOST,2026-05-01 18:34:19,2026-05-04 06:34:19,60,-0.005,SL_HIT_REPLAY,LONG,YES
multi_asset_forex_carry_momentum::GBPJPY=X::2026-05-01_1834,GBPJPY=X,multi_asset_copytrader,forex_carry_momentum,forex,LOST,2026-05-01 18:34:19,2026-05-04 06:34:19,60,-0.005,SL_HIT_REPLAY,LONG,YES
multi_asset_forex_rsi2_mean_reversion::EURJPY=X::2026-05-01_,EURJPY=X,multi_asset_copytrader,forex_rsi2_mean_reversion,forex,LOST,2026-05-01 18:34:19,2026-05-04 06:34:19,60,-0.005,SL_HIT_REPLAY,LONG,YES
cta_cross_asset_tsmom::NZDUSD=X::2026-05-01_1730,NZDUSD=X,cta_replicator,cta_cross_asset_tsmom,forex,LOST,2026-05-01 17:30:49,2026-05-04 05:30:49,60,-0.002,SL_HIT_REPLAY,LONG,YES
cta_cross_asset_tsmom::USDJPY=X::2026-05-01_1730,USDJPY=X,cta_replicator,cta_cross_asset_tsmom,forex,LOST,2026-05-01 17:30:49,2026-05-04 05:30:49,60,-0.002,SL_HIT_REPLAY,SHORT,YES
multi_asset_myfxbook_retail_contrarian::EURJPY=X::2026-05-01,EURJPY=X,multi_asset_copytrader,myfxbook_retail_contrarian,forex,LOST,2026-05-01 17:30:46,2026-05-04 05:30:46,60,-0.006,SL_HIT_REPLAY,LONG,YES
multi_asset_myfxbook_retail_contrarian::USDJPY=X::2026-05-01,USDJPY=X,multi_asset_copytrader,myfxbook_retail_contrarian,forex,LOST,2026-05-01 17:30:46,2026-05-04 05:30:46,60,-0.006,SL_HIT_REPLAY,LONG,YES
multi_asset_cftc_cot_commercial_signal::CT=F::2026-05-01_173,CT=F,multi_asset_copytrader,cftc_cot_commercial_signal,commodity,WON,2026-05-01 17:30:45,2026-05-03 17:30:45,48,0.0397,TP_HIT_REPLAY,SHORT,YES
multi_asset_ig_contrarian_sentiment::EURJPY=X::2026-05-01_17,EURJPY=X,multi_asset_copytrader,ig_contrarian_sentiment,forex,LOST,2026-05-01 17:30:26,2026-05-04 05:30:26,60,-0.005,SL_HIT_REPLAY,LONG,YES
multi_asset_ig_contrarian_sentiment::USDJPY=X::2026-05-01_17,USDJPY=X,multi_asset_copytrader,ig_contrarian_sentiment,forex,LOST,2026-05-01 17:30:26,2026-05-04 05:30:26,60,-0.005,SL_HIT_REPLAY,LONG,YES
multi_asset_cot_positioning::CT=F::2026-05-01_1730,CT=F,multi_asset_cot,cot_positioning,commodity,WON,2026-05-01 17:30:13,2026-05-03 17:30:13,48,0.0397,TP_HIT_REPLAY,SHORT,YES
multi_asset_futures_momentum::CT=F::2026-05-01_1730,CT=F,multi_asset_copytrader,futures_momentum,commodity,LOST,2026-05-01 17:30:13,2026-05-03 17:30:13,48,-0.0297,SL_HIT_REPLAY,LONG,YES
multi_asset_forex_carry_momentum::AUDJPY=X::2026-05-01_1730,AUDJPY=X,multi_asset_copytrader,forex_carry_momentum,forex,LOST,2026-05-01 17:30:11,2026-05-04 05:30:11,60,-0.005,SL_HIT_REPLAY,LONG,YES
multi_asset_forex_carry_momentum::CADJPY=X::2026-05-01_1730,CADJPY=X,multi_asset_copytrader,forex_carry_momentum,forex,LOST,2026-05-01 17:30:11,2026-05-04 05:30:11,60,-0.005,SL_HIT_REPLAY,LONG,YES
multi_asset_forex_carry_momentum::GBPJPY=X::2026-05-01_1730,GBPJPY=X,multi_asset_copytrader,forex_carry_momentum,forex,LOST,2026-05-01 17:30:11,2026-05-04 05:30:11,60,-0.005,SL_HIT_REPLAY,LONG,YES
multi_asset_forex_rsi2_mean_reversion::EURJPY=X::2026-05-01_,EURJPY=X,multi_asset_copytrader,forex_rsi2_mean_reversion,forex,LOST,2026-05-01 17:30:11,2026-05-04 05:30:11,60,-0.005,SL_HIT_REPLAY,LONG,YES
cta_cross_asset_tsmom::NZDUSD=X::2026-05-01_1630,NZDUSD=X,cta_replicator,cta_cross_asset_tsmom,forex,LOST,2026-05-01 16:30:33,2026-05-04 04:30:33,60,-0.002,SL_HIT_REPLAY,LONG,YES
cta_cross_asset_tsmom::USDJPY=X::2026-05-01_1630,USDJPY=X,cta_replicator,cta_cross_asset_tsmom,forex,LOST,2026-05-01 16:30:33,2026-05-04 04:30:33,60,-0.002,SL_HIT_REPLAY,SHORT,YES
multi_asset_cftc_cot_commercial_signal::CT=F::2026-05-01_163,CT=F,multi_asset_copytrader,cftc_cot_commercial_signal,commodity,WON,2026-05-01 16:30:24,2026-05-03 16:30:24,48,0.0397,TP_HIT_REPLAY,SHORT,YES
multi_asset_myfxbook_retail_contrarian::EURJPY=X::2026-05-01,EURJPY=X,multi_asset_copytrader,myfxbook_retail_contrarian,forex,LOST,2026-05-01 16:30:24,2026-05-04 04:30:24,60,-0.006,SL_HIT_REPLAY,LONG,YES
multi_asset_myfxbook_retail_contrarian::USDJPY=X::2026-05-01,USDJPY=X,multi_asset_copytrader,myfxbook_retail_contrarian,forex,LOST,2026-05-01 16:30:24,2026-05-04 04:30:24,60,-0.006,SL_HIT_REPLAY,LONG,YES
multi_asset_ig_contrarian_sentiment::EURJPY=X::2026-05-01_16,EURJPY=X,multi_asset_copytrader,ig_contrarian_sentiment,forex,LOST,2026-05-01 16:30:03,2026-05-04 04:30:03,60,-0.005,SL_HIT_REPLAY,LONG,YES
multi_asset_ig_contrarian_sentiment::USDJPY=X::2026-05-01_16,USDJPY=X,multi_asset_copytrader,ig_contrarian_sentiment,forex,LOST,2026-05-01 16:30:03,2026-05-04 04:30:03,60,-0.005,SL_HIT_REPLAY,LONG,YES
multi_asset_cot_positioning::CT=F::2026-05-01_1629,CT=F,multi_asset_cot,cot_positioning,commodity,WON,2026-05-01 16:29:48,2026-05-03 16:29:48,48,0.0397,TP_HIT_REPLAY,SHORT,YES
multi_asset_futures_momentum::CT=F::2026-05-01_1629,CT=F,multi_asset_copytrader,futures_momentum,commodity,LOST,2026-05-01 16:29:48,2026-05-03 16:29:48,48,-0.0297,SL_HIT_REPLAY,LONG,YES
multi_asset_forex_carry_momentum::AUDJPY=X::2026-05-01_1629,AUDJPY=X,multi_asset_copytrader,forex_carry_momentum,forex,LOST,2026-05-01 16:29:46,2026-05-04 04:29:46,60,-0.005,SL_HIT_REPLAY,LONG,YES
multi_asset_forex_carry_momentum::CADJPY=X::2026-05-01_1629,CADJPY=X,multi_asset_copytrader,forex_carry_momentum,forex,LOST,2026-05-01 16:29:46,2026-05-04 04:29:46,60,-0.005,SL_HIT_REPLAY,LONG,YES
multi_asset_forex_carry_momentum::GBPJPY=X::2026-05-01_1629,GBPJPY=X,multi_asset_copytrader,forex_carry_momentum,forex,LOST,2026-05-01 16:29:46,2026-05-04 04:29:46,60,-0.005,SL_HIT_REPLAY,LONG,YES
multi_asset_forex_rsi2_mean_reversion::EURJPY=X::2026-05-01_,EURJPY=X,multi_asset_copytrader,forex_rsi2_mean_reversion,forex,LOST,2026-05-01 16:29:46,2026-05-04 04:29:46,60,-0.005,SL_HIT_REPLAY,LONG,YES
cta_cross_asset_tsmom::USDJPY=X::2026-05-01_1530,USDJPY=X,cta_replicator,cta_cross_asset_tsmom,forex,LOST,2026-05-01 15:30:12,2026-05-04 03:30:12,60,-0.002,SL_HIT_REPLAY,SHORT,YES
multi_asset_myfxbook_retail_contrarian::EURJPY=X::2026-05-01,EURJPY=X,multi_asset_copytrader,myfxbook_retail_contrarian,forex,LOST,2026-05-01 15:30:09,2026-05-04 03:30:09,60,-0.006,SL_HIT_REPLAY,LONG,YES
multi_asset_myfxbook_retail_contrarian::USDJPY=X::2026-05-01,USDJPY=X,multi_asset_copytrader,myfxbook_retail_contrarian,forex,LOST,2026-05-01 15:30:09,2026-05-04 03:30:09,60,-0.006,SL_HIT_REPLAY,LONG,YES
multi_asset_cftc_cot_commercial_signal::CT=F::2026-05-01_153,CT=F,multi_asset_copytrader,cftc_cot_commercial_signal,commodity,WON,2026-05-01 15:30:08,2026-05-03 15:30:08,48,0.0398,TP_HIT_REPLAY,SHORT,YES
multi_asset_ig_contrarian_sentiment::EURJPY=X::2026-05-01_15,EURJPY=X,multi_asset_copytrader,ig_contrarian_sentiment,forex,LOST,2026-05-01 15:29:48,2026-05-04 03:29:48,60,-0.005,SL_HIT_REPLAY,LONG,YES
multi_asset_ig_contrarian_sentiment::USDJPY=X::2026-05-01_15,USDJPY=X,multi_asset_copytrader,ig_contrarian_sentiment,forex,LOST,2026-05-01 15:29:48,2026-05-04 03:29:48,60,-0.005,SL_HIT_REPLAY,LONG,YES
multi_asset_cot_positioning::CT=F::2026-05-01_1529,CT=F,multi_asset_cot,cot_positioning,commodity,WON,2026-05-01 15:29:33,2026-05-03 15:29:33,48,0.0398,TP_HIT_REPLAY,SHORT,YES
multi_asset_forex_carry_momentum::AUDJPY=X::2026-05-01_1529,AUDJPY=X,multi_asset_copytrader,forex_carry_momentum,forex,LOST,2026-05-01 15:29:31,2026-05-04 03:29:31,60,-0.005,SL_HIT_REPLAY,LONG,YES
multi_asset_forex_carry_momentum::CADJPY=X::2026-05-01_1529,CADJPY=X,multi_asset_copytrader,forex_carry_momentum,forex,LOST,2026-05-01 15:29:31,2026-05-04 03:29:31,60,-0.005,SL_HIT_REPLAY,LONG,YES
multi_asset_forex_carry_momentum::GBPJPY=X::2026-05-01_1529,GBPJPY=X,multi_asset_copytrader,forex_carry_momentum,forex,LOST,2026-05-01 15:29:31,2026-05-04 03:29:31,60,-0.005,SL_HIT_REPLAY,LONG,YES
multi_asset_forex_carry_momentum::NZDUSD=X::2026-05-01_1529,NZDUSD=X,multi_asset_copytrader,forex_carry_momentum,forex,LOST,2026-05-01 15:29:31,2026-05-04 03:29:31,60,-0.005,SL_HIT_REPLAY,LONG,YES
multi_asset_forex_rsi2_mean_reversion::EURJPY=X::2026-05-01_,EURJPY=X,multi_asset_copytrader,forex_rsi2_mean_reversion,forex,LOST,2026-05-01 15:29:31,2026-05-04 03:29:31,60,-0.005,SL_HIT_REPLAY,LONG,YES
cta_cross_asset_tsmom::CL=F::2026-05-01_1434,CL=F,cta_replicator,cta_cross_asset_tsmom,commodity,LOST,2026-05-01 14:34:12,2026-05-03 14:34:12,48,-0.03,SL_HIT_REPLAY,SHORT,YES
cta_cross_asset_tsmom::USDJPY=X::2026-05-01_1434,USDJPY=X,cta_replicator,cta_cross_asset_tsmom,forex,LOST,2026-05-01 14:34:12,2026-05-04 02:34:12,60,-0.002,SL_HIT_REPLAY,SHORT,YES
multi_asset_cftc_cot_commercial_signal::CT=F::2026-05-01_143,CT=F,multi_asset_copytrader,cftc_cot_commercial_signal,commodity,WON,2026-05-01 14:34:10,2026-05-03 14:34:10,48,0.0398,TP_HIT_REPLAY,SHORT,YES
multi_asset_myfxbook_retail_contrarian::EURJPY=X::2026-05-01,EURJPY=X,multi_asset_copytrader,myfxbook_retail_contrarian,forex,LOST,2026-05-01 14:34:10,2026-05-04 02:34:10,60,-0.006,SL_HIT_REPLAY,LONG,YES
multi_asset_myfxbook_retail_contrarian::USDJPY=X::2026-05-01,USDJPY=X,multi_asset_copytrader,myfxbook_retail_contrarian,forex,LOST,2026-05-01 14:34:10,2026-05-04 02:34:10,60,-0.006,SL_HIT_REPLAY,LONG,YES
multi_asset_ig_contrarian_sentiment::EURJPY=X::2026-05-01_14,EURJPY=X,multi_asset_copytrader,ig_contrarian_sentiment,forex,LOST,2026-05-01 14:33:48,2026-05-04 02:33:48,60,-0.005,SL_HIT_REPLAY,LONG,YES
multi_asset_ig_contrarian_sentiment::USDJPY=X::2026-05-01_14,USDJPY=X,multi_asset_copytrader,ig_contrarian_sentiment,forex,LOST,2026-05-01 14:33:48,2026-05-04 02:33:48,60,-0.005,SL_HIT_REPLAY,LONG,YES
multi_asset_cot_positioning::CT=F::2026-05-01_1433,CT=F,multi_asset_cot,cot_positioning,commodity,WON,2026-05-01 14:33:39,2026-05-03 14:33:39,48,0.0398,TP_HIT_REPLAY,SHORT,YES
multi_asset_forex_carry_momentum::AUDJPY=X::2026-05-01_1433,AUDJPY=X,multi_asset_copytrader,forex_carry_momentum,forex,LOST,2026-05-01 14:33:37,2026-05-04 02:33:37,60,-0.005,SL_HIT_REPLAY,LONG,YES
multi_asset_forex_carry_momentum::GBPJPY=X::2026-05-01_1433,GBPJPY=X,multi_asset_copytrader,forex_carry_momentum,forex,LOST,2026-05-01 14:33:37,2026-05-04 02:33:37,60,-0.005,SL_HIT_REPLAY,LONG,YES
multi_asset_forex_carry_momentum::NZDUSD=X::2026-05-01_1433,NZDUSD=X,multi_asset_copytrader,forex_carry_momentum,forex,LOST,2026-05-01 14:33:37,2026-05-04 02:33:37,60,-0.005,SL_HIT_REPLAY,LONG,YES
multi_asset_forex_rsi2_mean_reversion::EURJPY=X::2026-05-01_,EURJPY=X,multi_asset_copytrader,forex_rsi2_mean_reversion,forex,LOST,2026-05-01 14:33:37,2026-05-04 02:33:37,60,-0.005,SL_HIT_REPLAY,LONG,YES
fx_smart_538b1342c886,AUDUSD=X,alpha_engine,fx_smart_forex_rsi2_mean_reversion,forex,WON,2026-05-01 14:24:31,2026-05-04 02:24:31,60,0.005,TP_HIT_REPLAY,LONG,YES
fx_smart_5882b02b6481,GBPUSD=X,alpha_engine,fx_smart_forex_rsi2_mean_reversion,forex,WON,2026-05-01 14:24:31,2026-05-04 02:24:31,60,0.005,TP_HIT_REPLAY,LONG,YES
fx_smart_9ae6aa18cd0c,USDCHF=X,alpha_engine,fx_smart_carry_trade_momentum,forex,LOST,2026-05-01 14:24:31,2026-05-04 02:24:31,60,-0.003,SL_HIT_REPLAY,LONG,YES
fx_smart_a7d09907a199,USDJPY=X,alpha_engine,fx_smart_carry_trade_momentum,forex,LOST,2026-05-01 14:24:31,2026-05-04 02:24:31,60,-0.003,SL_HIT_REPLAY,LONG,YES
fx_smart_cf70a18276af,AUDUSD=X,alpha_engine,fx_smart_carry_trade_momentum,forex,WON,2026-05-01 14:24:31,2026-05-04 02:24:31,60,0.005,TP_HIT_REPLAY,LONG,YES
cta_cross_asset_tsmom::NZDUSD=X::2026-05-01_1339,NZDUSD=X,cta_replicator,cta_cross_asset_tsmom,forex,LOST,2026-05-01 13:39:03,2026-05-04 01:39:03,60,-0.002,SL_HIT_REPLAY,LONG,YES
cta_cross_asset_tsmom::USDJPY=X::2026-05-01_1339,USDJPY=X,cta_replicator,cta_cross_asset_tsmom,forex,LOST,2026-05-01 13:39:03,2026-05-04 01:39:03,60,-0.002,SL_HIT_REPLAY,SHORT,YES
multi_asset_myfxbook_retail_contrarian::EURJPY=X::2026-05-01,EURJPY=X,multi_asset_copytrader,myfxbook_retail_contrarian,forex,LOST,2026-05-01 13:39:01,2026-05-04 01:39:01,60,-0.006,SL_HIT_REPLAY,LONG,YES
multi_asset_myfxbook_retail_contrarian::USDJPY=X::2026-05-01,USDJPY=X,multi_asset_copytrader,myfxbook_retail_contrarian,forex,LOST,2026-05-01 13:39:01,2026-05-04 01:39:01,60,-0.006,SL_HIT_REPLAY,LONG,YES
multi_asset_cftc_cot_commercial_signal::CT=F::2026-05-01_133,CT=F,multi_asset_copytrader,cftc_cot_commercial_signal,commodity,WON,2026-05-01 13:39:00,2026-05-03 13:39:00,48,0.0398,TP_HIT_REPLAY,SHORT,YES
multi_asset_ig_contrarian_sentiment::EURJPY=X::2026-05-01_13,EURJPY=X,multi_asset_copytrader,ig_contrarian_sentiment,forex,LOST,2026-05-01 13:38:35,2026-05-04 01:38:35,60,-0.005,SL_HIT_REPLAY,LONG,YES
multi_asset_ig_contrarian_sentiment::USDJPY=X::2026-05-01_13,USDJPY=X,multi_asset_copytrader,ig_contrarian_sentiment,forex,LOST,2026-05-01 13:38:35,2026-05-04 01:38:35,60,-0.005,SL_HIT_REPLAY,LONG,YES
multi_asset_cot_positioning::CT=F::2026-05-01_1338,CT=F,multi_asset_cot,cot_positioning,commodity,WON,2026-05-01 13:38:24,2026-05-03 13:38:24,48,0.0398,TP_HIT_REPLAY,SHORT,YES
multi_asset_forex_carry_momentum::AUDJPY=X::2026-05-01_1338,AUDJPY=X,multi_asset_copytrader,forex_carry_momentum,forex,LOST,2026-05-01 13:38:22,2026-05-04 01:38:22,60,-0.005,SL_HIT_REPLAY,LONG,YES
multi_asset_forex_carry_momentum::CADJPY=X::2026-05-01_1338,CADJPY=X,multi_asset_copytrader,forex_carry_momentum,forex,LOST,2026-05-01 13:38:22,2026-05-04 01:38:22,60,-0.005,SL_HIT_REPLAY,LONG,YES
multi_asset_forex_carry_momentum::GBPJPY=X::2026-05-01_1338,GBPJPY=X,multi_asset_copytrader,forex_carry_momentum,forex,LOST,2026-05-01 13:38:22,2026-05-04 01:38:22,60,-0.005,SL_HIT_REPLAY,LONG,YES
multi_asset_forex_rsi2_mean_reversion::EURJPY=X::2026-05-01_,EURJPY=X,multi_asset_copytrader,forex_rsi2_mean_reversion,forex,LOST,2026-05-01 13:38:22,2026-05-04 01:38:22,60,-0.005,SL_HIT_REPLAY,LONG,YES
cta_cross_asset_tsmom::NZDUSD=X::2026-05-01_1233,NZDUSD=X,cta_replicator,cta_cross_asset_tsmom,forex,LOST,2026-05-01 12:33:34,2026-05-04 00:33:34,60,-0.002,SL_HIT_REPLAY,LONG,YES
cta_cross_asset_tsmom::USDJPY=X::2026-05-01_1233,USDJPY=X,cta_replicator,cta_cross_asset_tsmom,forex,LOST,2026-05-01 12:33:34,2026-05-04 00:33:34,60,-0.002,SL_HIT_REPLAY,SHORT,YES
multi_asset_myfxbook_retail_contrarian::EURJPY=X::2026-05-01,EURJPY=X,multi_asset_copytrader,myfxbook_retail_contrarian,forex,LOST,2026-05-01 12:33:30,2026-05-04 00:33:30,60,-0.006,SL_HIT_REPLAY,LONG,YES
multi_asset_myfxbook_retail_contrarian::USDJPY=X::2026-05-01,USDJPY=X,multi_asset_copytrader,myfxbook_retail_contrarian,forex,LOST,2026-05-01 12:33:30,2026-05-04 00:33:30,60,-0.006,SL_HIT_REPLAY,LONG,YES
multi_asset_ig_contrarian_sentiment::EURJPY=X::2026-05-01_12,EURJPY=X,multi_asset_copytrader,ig_contrarian_sentiment,forex,LOST,2026-05-01 12:33:06,2026-05-04 00:33:06,60,-0.005,SL_HIT_REPLAY,LONG,YES
multi_asset_ig_contrarian_sentiment::USDJPY=X::2026-05-01_12,USDJPY=X,multi_asset_copytrader,ig_contrarian_sentiment,forex,LOST,2026-05-01 12:33:06,2026-05-04 00:33:06,60,-0.005,SL_HIT_REPLAY,LONG,YES
multi_asset_forex_carry_momentum::AUDJPY=X::2026-05-01_1232,AUDJPY=X,multi_asset_copytrader,forex_carry_momentum,forex,LOST,2026-05-01 12:32:49,2026-05-04 00:32:49,60,-0.005,SL_HIT_REPLAY,LONG,YES
multi_asset_forex_carry_momentum::GBPJPY=X::2026-05-01_1232,GBPJPY=X,multi_asset_copytrader,forex_carry_momentum,forex,LOST,2026-05-01 12:32:49,2026-05-04 00:32:49,60,-0.005,SL_HIT_REPLAY,LONG,YES
multi_asset_forex_rsi2_mean_reversion::EURJPY=X::2026-05-01_,EURJPY=X,multi_asset_copytrader,forex_rsi2_mean_reversion,forex,LOST,2026-05-01 12:32:49,2026-05-04 00:32:49,60,-0.005,SL_HIT_REPLAY,LONG,YES
cc_EURJPY=X_L_202605011153,EURJPY=X,combined_confidence_strategy,combined_confidence,forex,LOST,2026-05-01 11:53:46,2026-05-03 23:53:46,60,-0.0046,SL_HIT_REPLAY,LONG,YES
cta_cross_asset_tsmom::USDJPY=X::2026-05-01_1134,USDJPY=X,cta_replicator,cta_cross_asset_tsmom,forex,LOST,2026-05-01 11:34:46,2026-05-03 23:34:46,60,-0.002,SL_HIT_REPLAY,SHORT,YES
multi_asset_myfxbook_retail_contrarian::EURJPY=X::2026-05-01,EURJPY=X,multi_asset_copytrader,myfxbook_retail_contrarian,forex,LOST,2026-05-01 11:34:44,2026-05-03 23:34:44,60,-0.006,SL_HIT_REPLAY,LONG,YES
multi_asset_myfxbook_retail_contrarian::USDJPY=X::2026-05-01,USDJPY=X,multi_asset_copytrader,myfxbook_retail_contrarian,forex,LOST,2026-05-01 11:34:44,2026-05-03 23:34:44,60,-0.006,SL_HIT_REPLAY,LONG,YES
multi_asset_ig_contrarian_sentiment::EURJPY=X::2026-05-01_11,EURJPY=X,multi_asset_copytrader,ig_contrarian_sentiment,forex,LOST,2026-05-01 11:34:24,2026-05-03 23:34:24,60,-0.005,SL_HIT_REPLAY,LONG,YES
multi_asset_ig_contrarian_sentiment::USDJPY=X::2026-05-01_11,USDJPY=X,multi_asset_copytrader,ig_contrarian_sentiment,forex,LOST,2026-05-01 11:34:24,2026-05-03 23:34:24,60,-0.005,SL_HIT_REPLAY,LONG,YES
multi_asset_forex_carry_momentum::AUDJPY=X::2026-05-01_1134,AUDJPY=X,multi_asset_copytrader,forex_carry_momentum,forex,LOST,2026-05-01 11:34:11,2026-05-03 23:34:11,60,-0.005,SL_HIT_REPLAY,LONG,YES
multi_asset_forex_carry_momentum::GBPJPY=X::2026-05-01_1134,GBPJPY=X,multi_asset_copytrader,forex_carry_momentum,forex,LOST,2026-05-01 11:34:11,2026-05-03 23:34:11,60,-0.005,SL_HIT_REPLAY,LONG,YES
multi_asset_forex_rsi2_mean_reversion::EURJPY=X::2026-05-01_,EURJPY=X,multi_asset_copytrader,forex_rsi2_mean_reversion,forex,LOST,2026-05-01 11:34:11,2026-05-03 23:34:11,60,-0.005,SL_HIT_REPLAY,LONG,YES
cta_cross_asset_tsmom::USDJPY=X::2026-05-01_0913,USDJPY=X,cta_replicator,cta_cross_asset_tsmom,forex,LOST,2026-05-01 09:13:53,2026-05-03 21:13:53,60,-0.002,SL_HIT_REPLAY,SHORT,YES
multi_asset_myfxbook_retail_contrarian::EURJPY=X::2026-05-01,EURJPY=X,multi_asset_copytrader,myfxbook_retail_contrarian,forex,LOST,2026-05-01 09:13:52,2026-05-03 21:13:52,60,-0.006,SL_HIT_REPLAY,LONG,YES
multi_asset_myfxbook_retail_contrarian::USDJPY=X::2026-05-01,USDJPY=X,multi_asset_copytrader,myfxbook_retail_contrarian,forex,LOST,2026-05-01 09:13:52,2026-05-03 21:13:52,60,-0.006,SL_HIT_REPLAY,LONG,YES
multi_asset_cftc_cot_commercial_signal::CT=F::2026-05-01_091,CT=F,multi_asset_copytrader,cftc_cot_commercial_signal,commodity,WON,2026-05-01 09:13:51,2026-05-03 09:13:51,48,0.0395,TP_HIT_REPLAY,SHORT,YES
multi_asset_ig_contrarian_sentiment::EURJPY=X::2026-05-01_09,EURJPY=X,multi_asset_copytrader,ig_contrarian_sentiment,forex,LOST,2026-05-01 09:13:35,2026-05-03 21:13:35,60,-0.005,SL_HIT_REPLAY,LONG,YES
multi_asset_ig_contrarian_sentiment::USDJPY=X::2026-05-01_09,USDJPY=X,multi_asset_copytrader,ig_contrarian_sentiment,forex,LOST,2026-05-01 09:13:35,2026-05-03 21:13:35,60,-0.005,SL_HIT_REPLAY,LONG,YES
multi_asset_cot_positioning::CT=F::2026-05-01_0913,CT=F,multi_asset_cot,cot_positioning,commodity,WON,2026-05-01 09:13:25,2026-05-03 09:13:25,48,0.0395,TP_HIT_REPLAY,SHORT,YES
multi_asset_forex_carry_momentum::AUDJPY=X::2026-05-01_0913,AUDJPY=X,multi_asset_copytrader,forex_carry_momentum,forex,LOST,2026-05-01 09:13:23,2026-05-03 21:13:23,60,-0.005,SL_HIT_REPLAY,LONG,YES
multi_asset_forex_rsi2_mean_reversion::EURJPY=X::2026-05-01_,EURJPY=X,multi_asset_copytrader,forex_rsi2_mean_reversion,forex,LOST,2026-05-01 09:13:23,2026-05-03 21:13:23,60,-0.005,SL_HIT_REPLAY,LONG,YES
multi_asset_forex_rsi2_mean_reversion::GBPJPY=X::2026-05-01_,GBPJPY=X,multi_asset_copytrader,forex_rsi2_mean_reversion,forex,LOST,2026-05-01 09:13:23,2026-05-03 21:13:23,60,-0.005,SL_HIT_REPLAY,LONG,YES
multi_asset_myfxbook_retail_contrarian::USDJPY=X::2026-05-01,USDJPY=X,multi_asset_copytrader,myfxbook_retail_contrarian,forex,LOST,2026-05-01 08:20:50,2026-05-03 20:20:50,60,-0.006,SL_HIT_REPLAY,LONG,YES
multi_asset_cot_positioning::CT=F::2026-05-01_0820,CT=F,multi_asset_cot,cot_positioning,commodity,WON,2026-05-01 08:20:23,2026-05-03 08:20:23,48,0.0395,TP_HIT_REPLAY,SHORT,YES
multi_asset_forex_carry_momentum::AUDJPY=X::2026-05-01_0820,AUDJPY=X,multi_asset_copytrader,forex_carry_momentum,forex,LOST,2026-05-01 08:20:21,2026-05-03 20:20:21,60,-0.005,SL_HIT_REPLAY,LONG,YES
cta_cross_asset_tsmom::NZDUSD=X::2026-05-01_0631,NZDUSD=X,cta_replicator,cta_cross_asset_tsmom,forex,WON,2026-05-01 06:31:28,2026-05-03 18:31:28,60,0.003,TP_HIT_REPLAY,LONG,YES
cta_cross_asset_tsmom::USDJPY=X::2026-05-01_0631,USDJPY=X,cta_replicator,cta_cross_asset_tsmom,forex,WON,2026-05-01 06:31:28,2026-05-03 18:31:28,60,0.003,TP_HIT_REPLAY,SHORT,YES
multi_asset_myfxbook_retail_contrarian::EURJPY=X::2026-05-01,EURJPY=X,multi_asset_copytrader,myfxbook_retail_contrarian,forex,LOST,2026-05-01 06:31:23,2026-05-03 18:31:23,60,-0.006,SL_HIT_REPLAY,LONG,YES
multi_asset_myfxbook_retail_contrarian::USDJPY=X::2026-05-01,USDJPY=X,multi_asset_copytrader,myfxbook_retail_contrarian,forex,LOST,2026-05-01 06:31:23,2026-05-03 18:31:23,60,-0.006,SL_HIT_REPLAY,LONG,YES
multi_asset_ig_contrarian_sentiment::EURJPY=X::2026-05-01_06,EURJPY=X,multi_asset_copytrader,ig_contrarian_sentiment,forex,LOST,2026-05-01 06:31:05,2026-05-03 18:31:05,60,-0.005,SL_HIT_REPLAY,LONG,YES
multi_asset_ig_contrarian_sentiment::USDJPY=X::2026-05-01_06,USDJPY=X,multi_asset_copytrader,ig_contrarian_sentiment,forex,LOST,2026-05-01 06:31:05,2026-05-03 18:31:05,60,-0.005,SL_HIT_REPLAY,LONG,YES
multi_asset_forex_carry_momentum::AUDJPY=X::2026-05-01_0630,AUDJPY=X,multi_asset_copytrader,forex_carry_momentum,forex,LOST,2026-05-01 06:30:53,2026-05-03 18:30:53,60,-0.005,SL_HIT_REPLAY,LONG,YES
multi_asset_forex_carry_momentum::CADJPY=X::2026-05-01_0630,CADJPY=X,multi_asset_copytrader,forex_carry_momentum,forex,LOST,2026-05-01 06:30:53,2026-05-03 18:30:53,60,-0.005,SL_HIT_REPLAY,LONG,YES
multi_asset_forex_carry_momentum::GBPJPY=X::2026-05-01_0630,GBPJPY=X,multi_asset_copytrader,forex_carry_momentum,forex,LOST,2026-05-01 06:30:53,2026-05-03 18:30:53,60,-0.005,SL_HIT_REPLAY,LONG,YES
multi_asset_forex_rsi2_mean_reversion::EURJPY=X::2026-05-01_,EURJPY=X,multi_asset_copytrader,forex_rsi2_mean_reversion,forex,LOST,2026-05-01 06:30:53,2026-05-03 18:30:53,60,-0.005,SL_HIT_REPLAY,LONG,YES
cta_cross_asset_tsmom::USDJPY=X::2026-05-01_0526,USDJPY=X,cta_replicator,cta_cross_asset_tsmom,forex,WON,2026-05-01 05:26:47,2026-05-03 17:26:47,60,0.003,TP_HIT_REPLAY,SHORT,YES
cta_cross_asset_tsmom::USDJPY=X::2026-05-01_0225,USDJPY=X,cta_replicator,cta_cross_asset_tsmom,forex,WON,2026-05-01 02:25:10,2026-05-03 14:25:10,60,0.003,TP_HIT_REPLAY,SHORT,YES
multi_asset_forex_carry_momentum::CADJPY=X::2026-05-01_0224,CADJPY=X,multi_asset_copytrader,forex_carry_momentum,forex,LOST,2026-05-01 02:24:34,2026-05-03 14:24:34,60,-0.005,SL_HIT_REPLAY,LONG,YES
cta_cross_asset_tsmom::USDJPY=X::2026-05-01_0104,USDJPY=X,cta_replicator,cta_cross_asset_tsmom,forex,WON,2026-05-01 01:04:49,2026-05-03 13:04:49,60,0.003,TP_HIT_REPLAY,SHORT,YES
cta_cross_asset_tsmom::NZDUSD=X::2026-04-30_2327,NZDUSD=X,cta_replicator,cta_cross_asset_tsmom,forex,LOST,2026-04-30 23:27:45,2026-05-03 11:27:45,60,-0.002,SL_HIT_REPLAY,LONG,YES
cta_cross_asset_tsmom::USDJPY=X::2026-04-30_2327,USDJPY=X,cta_replicator,cta_cross_asset_tsmom,forex,LOST,2026-04-30 23:27:45,2026-05-03 11:27:45,60,-0.002,SL_HIT_REPLAY,SHORT,YES
multi_asset_myfxbook_retail_contrarian::AUDUSD=X::2026-04-30,AUDUSD=X,multi_asset_copytrader,myfxbook_retail_contrarian,forex,WON,2026-04-30 23:27:44,2026-05-03 11:27:44,60,0.008,TP_HIT_REPLAY,SHORT,YES
multi_asset_myfxbook_retail_contrarian::EURGBP=X::2026-04-30,EURGBP=X,multi_asset_copytrader,myfxbook_retail_contrarian,forex,WON,2026-04-30 23:27:44,2026-05-03 11:27:44,60,0.0036,TP_HIT_REPLAY,LONG,YES
multi_asset_myfxbook_retail_contrarian::EURJPY=X::2026-04-30,EURJPY=X,multi_asset_copytrader,myfxbook_retail_contrarian,forex,LOST,2026-04-30 23:27:44,2026-05-03 11:27:44,60,-0.006,SL_HIT_REPLAY,LONG,YES
multi_asset_myfxbook_retail_contrarian::GBPUSD=X::2026-04-30,GBPUSD=X,multi_asset_copytrader,myfxbook_retail_contrarian,forex,WON,2026-04-30 23:27:44,2026-05-03 11:27:44,60,0.0076,TP_HIT_REPLAY,SHORT,YES
multi_asset_myfxbook_retail_contrarian::USDCAD=X::2026-04-30,USDCAD=X,multi_asset_copytrader,myfxbook_retail_contrarian,forex,WON,2026-04-30 23:27:44,2026-05-03 11:27:44,60,0.0065,TP_HIT_REPLAY,LONG,YES
multi_asset_myfxbook_retail_contrarian::USDJPY=X::2026-04-30,USDJPY=X,multi_asset_copytrader,myfxbook_retail_contrarian,forex,LOST,2026-04-30 23:27:44,2026-05-03 11:27:44,60,-0.006,SL_HIT_REPLAY,LONG,YES
multi_asset_ig_contrarian_sentiment::AUDUSD=X::2026-04-30_23,AUDUSD=X,multi_asset_copytrader,ig_contrarian_sentiment,forex,WON,2026-04-30 23:27:02,2026-05-03 11:27:02,60,0.008,TP_HIT_REPLAY,SHORT,YES
multi_asset_ig_contrarian_sentiment::EURGBP=X::2026-04-30_23,EURGBP=X,multi_asset_copytrader,ig_contrarian_sentiment,forex,WON,2026-04-30 23:27:02,2026-05-03 11:27:02,60,0.003,TP_HIT_REPLAY,LONG,YES
multi_asset_ig_contrarian_sentiment::EURJPY=X::2026-04-30_23,EURJPY=X,multi_asset_copytrader,ig_contrarian_sentiment,forex,LOST,2026-04-30 23:27:02,2026-05-03 11:27:02,60,-0.005,SL_HIT_REPLAY,LONG,YES
multi_asset_ig_contrarian_sentiment::GBPUSD=X::2026-04-30_23,GBPUSD=X,multi_asset_copytrader,ig_contrarian_sentiment,forex,WON,2026-04-30 23:27:02,2026-05-03 11:27:02,60,0.0063,TP_HIT_REPLAY,SHORT,YES
multi_asset_ig_contrarian_sentiment::NZDUSD=X::2026-04-30_23,NZDUSD=X,multi_asset_copytrader,ig_contrarian_sentiment,forex,WON,2026-04-30 23:27:02,2026-05-03 11:27:02,60,0.008,TP_HIT_REPLAY,SHORT,YES
multi_asset_ig_contrarian_sentiment::USDCAD=X::2026-04-30_23,USDCAD=X,multi_asset_copytrader,ig_contrarian_sentiment,forex,WON,2026-04-30 23:27:02,2026-05-03 11:27:02,60,0.0054,TP_HIT_REPLAY,LONG,YES
multi_asset_ig_contrarian_sentiment::USDCHF=X::2026-04-30_23,USDCHF=X,multi_asset_copytrader,ig_contrarian_sentiment,forex,WON,2026-04-30 23:27:02,2026-05-03 11:27:02,60,0.008,TP_HIT_REPLAY,LONG,YES
multi_asset_ig_contrarian_sentiment::USDJPY=X::2026-04-30_23,USDJPY=X,multi_asset_copytrader,ig_contrarian_sentiment,forex,LOST,2026-04-30 23:27:02,2026-05-03 11:27:02,60,-0.005,SL_HIT_REPLAY,LONG,YES
multi_asset_cot_positioning::CT=F::2026-04-30_2326,CT=F,multi_asset_cot,cot_positioning,commodity,WON,2026-04-30 23:26:51,2026-05-02 23:26:51,48,0.0376,TP_HIT_REPLAY,SHORT,YES
multi_asset_futures_momentum::CT=F::2026-04-30_2326,CT=F,multi_asset_copytrader,futures_momentum,commodity,LOST,2026-04-30 23:26:51,2026-05-02 23:26:51,48,-0.0282,SL_HIT_REPLAY,LONG,YES
multi_asset_stocks_rsi2_pullback::NVDA::2026-04-30_2326,NVDA,multi_asset_copytrader,stocks_rsi2_pullback,equity,WON,2026-04-30 23:26:51,2026-05-02 23:26:51,48,0.05,TP_HIT_REPLAY,LONG,YES
multi_asset_forex_carry_momentum::GBPJPY=X::2026-04-30_2326,GBPJPY=X,multi_asset_copytrader,forex_carry_momentum,forex,LOST,2026-04-30 23:26:49,2026-05-03 11:26:49,60,-0.005,SL_HIT_REPLAY,LONG,YES
multi_asset_forex_carry_momentum::NZDUSD=X::2026-04-30_2326,NZDUSD=X,multi_asset_copytrader,forex_carry_momentum,forex,LOST,2026-04-30 23:26:49,2026-05-03 11:26:49,60,-0.005,SL_HIT_REPLAY,LONG,YES
multi_asset_forex_rsi2_mean_reversion::EURGBP=X::2026-04-30_,EURGBP=X,multi_asset_copytrader,forex_rsi2_mean_reversion,forex,WON,2026-04-30 23:26:49,2026-05-03 11:26:49,60,0.0036,TP_HIT_REPLAY,LONG,YES
multi_asset_forex_rsi2_mean_reversion::EURJPY=X::2026-04-30_,EURJPY=X,multi_asset_copytrader,forex_rsi2_mean_reversion,forex,LOST,2026-04-30 23:26:49,2026-05-03 11:26:49,60,-0.005,SL_HIT_REPLAY,LONG,YES
multi_asset_forex_rsi2_mean_reversion::USDCAD=X::2026-04-30_,USDCAD=X,multi_asset_copytrader,forex_rsi2_mean_reversion,forex,WON,2026-04-30 23:26:49,2026-05-03 11:26:49,60,0.0065,TP_HIT_REPLAY,LONG,YES
multi_asset_cot_positioning::CT=F::2026-04-30_2227,CT=F,multi_asset_cot,cot_positioning,commodity,WON,2026-04-30 22:27:00,2026-05-02 22:27:00,48,0.0376,TP_HIT_REPLAY,SHORT,YES
multi_asset_futures_momentum::CT=F::2026-04-30_2227,CT=F,multi_asset_copytrader,futures_momentum,commodity,LOST,2026-04-30 22:27:00,2026-05-02 22:27:00,48,-0.0282,SL_HIT_REPLAY,LONG,YES
multi_asset_stocks_rsi2_pullback::NVDA::2026-04-30_2227,NVDA,multi_asset_copytrader,stocks_rsi2_pullback,equity,WON,2026-04-30 22:27:00,2026-05-02 22:27:00,48,0.05,TP_HIT_REPLAY,LONG,YES
cta_cross_asset_tsmom::USDJPY=X::2026-04-30_2132,USDJPY=X,cta_replicator,cta_cross_asset_tsmom,forex,LOST,2026-04-30 21:32:20,2026-05-03 09:32:20,60,-0.002,SL_HIT_REPLAY,SHORT,YES
multi_asset_myfxbook_retail_contrarian::EURGBP=X::2026-04-30,EURGBP=X,multi_asset_copytrader,myfxbook_retail_contrarian,forex,WON,2026-04-30 21:32:18,2026-05-03 09:32:18,60,0.0036,TP_HIT_REPLAY,LONG,YES
multi_asset_myfxbook_retail_contrarian::EURJPY=X::2026-04-30,EURJPY=X,multi_asset_copytrader,myfxbook_retail_contrarian,forex,LOST,2026-04-30 21:32:18,2026-05-03 09:32:18,60,-0.0059,SL_HIT_REPLAY,LONG,YES
multi_asset_myfxbook_retail_contrarian::USDCAD=X::2026-04-30,USDCAD=X,multi_asset_copytrader,myfxbook_retail_contrarian,forex,WON,2026-04-30 21:32:18,2026-05-03 09:32:18,60,0.0065,TP_HIT_REPLAY,LONG,YES
multi_asset_myfxbook_retail_contrarian::USDJPY=X::2026-04-30,USDJPY=X,multi_asset_copytrader,myfxbook_retail_contrarian,forex,LOST,2026-04-30 21:32:18,2026-05-03 09:32:18,60,-0.006,SL_HIT_REPLAY,LONG,YES
multi_asset_ig_contrarian_sentiment::AUDUSD=X::2026-04-30_21,AUDUSD=X,multi_asset_copytrader,ig_contrarian_sentiment,forex,WON,2026-04-30 21:29:26,2026-05-03 09:29:26,60,0.008,TP_HIT_REPLAY,SHORT,YES
multi_asset_ig_contrarian_sentiment::EURGBP=X::2026-04-30_21,EURGBP=X,multi_asset_copytrader,ig_contrarian_sentiment,forex,WON,2026-04-30 21:29:26,2026-05-03 09:29:26,60,0.003,TP_HIT_REPLAY,LONG,YES
multi_asset_ig_contrarian_sentiment::EURJPY=X::2026-04-30_21,EURJPY=X,multi_asset_copytrader,ig_contrarian_sentiment,forex,LOST,2026-04-30 21:29:26,2026-05-03 09:29:26,60,-0.0047,SL_HIT_REPLAY,LONG,YES
multi_asset_ig_contrarian_sentiment::GBPUSD=X::2026-04-30_21,GBPUSD=X,multi_asset_copytrader,ig_contrarian_sentiment,forex,WON,2026-04-30 21:29:26,2026-05-03 09:29:26,60,0.0062,TP_HIT_REPLAY,SHORT,YES
multi_asset_ig_contrarian_sentiment::USDCAD=X::2026-04-30_21,USDCAD=X,multi_asset_copytrader,ig_contrarian_sentiment,forex,WON,2026-04-30 21:29:26,2026-05-03 09:29:26,60,0.0054,TP_HIT_REPLAY,LONG,YES
multi_asset_ig_contrarian_sentiment::USDCHF=X::2026-04-30_21,USDCHF=X,multi_asset_copytrader,ig_contrarian_sentiment,forex,WON,2026-04-30 21:29:26,2026-05-03 09:29:26,60,0.0079,TP_HIT_REPLAY,LONG,YES
multi_asset_ig_contrarian_sentiment::USDJPY=X::2026-04-30_21,USDJPY=X,multi_asset_copytrader,ig_contrarian_sentiment,forex,LOST,2026-04-30 21:29:26,2026-05-03 09:29:26,60,-0.005,SL_HIT_REPLAY,LONG,YES
multi_asset_cot_positioning::CT=F::2026-04-30_2129,CT=F,multi_asset_cot,cot_positioning,commodity,WON,2026-04-30 21:29:16,2026-05-02 21:29:16,48,0.0376,TP_HIT_REPLAY,SHORT,YES
multi_asset_futures_momentum::CT=F::2026-04-30_2129,CT=F,multi_asset_copytrader,futures_momentum,commodity,LOST,2026-04-30 21:29:16,2026-05-02 21:29:16,48,-0.0282,SL_HIT_REPLAY,LONG,YES
multi_asset_stocks_rsi2_pullback::NVDA::2026-04-30_2129,NVDA,multi_asset_copytrader,stocks_rsi2_pullback,equity,WON,2026-04-30 21:29:16,2026-05-02 21:29:16,48,0.05,TP_HIT_REPLAY,LONG,YES
multi_asset_forex_carry_momentum::GBPJPY=X::2026-04-30_2129,GBPJPY=X,multi_asset_copytrader,forex_carry_momentum,forex,LOST,2026-04-30 21:29:15,2026-05-03 09:29:15,60,-0.005,SL_HIT_REPLAY,LONG,YES
multi_asset_forex_carry_momentum::NZDUSD=X::2026-04-30_2129,NZDUSD=X,multi_asset_copytrader,forex_carry_momentum,forex,LOST,2026-04-30 21:29:15,2026-05-03 09:29:15,60,-0.005,SL_HIT_REPLAY,LONG,YES
multi_asset_forex_rsi2_mean_reversion::EURJPY=X::2026-04-30_,EURJPY=X,multi_asset_copytrader,forex_rsi2_mean_reversion,forex,LOST,2026-04-30 21:29:15,2026-05-03 09:29:15,60,-0.005,SL_HIT_REPLAY,LONG,YES
multi_asset_forex_rsi2_mean_reversion::GBPJPY=X::2026-04-30_,GBPJPY=X,multi_asset_copytrader,forex_rsi2_mean_reversion,forex,LOST,2026-04-30 21:29:15,2026-05-03 09:29:15,60,-0.005,SL_HIT_REPLAY,LONG,YES
multi_asset_forex_rsi2_mean_reversion::USDJPY=X::2026-04-30_,USDJPY=X,multi_asset_copytrader,forex_rsi2_mean_reversion,forex,LOST,2026-04-30 21:29:15,2026-05-03 09:29:15,60,-0.005,SL_HIT_REPLAY,LONG,YES
cta_cross_asset_tsmom::USDJPY=X::2026-04-30_1941,USDJPY=X,cta_replicator,cta_cross_asset_tsmom,forex,LOST,2026-04-30 19:41:09,2026-05-03 07:41:09,60,-0.002,SL_HIT_REPLAY,SHORT,YES
multi_asset_myfxbook_retail_contrarian::AUDUSD=X::2026-04-30,AUDUSD=X,multi_asset_copytrader,myfxbook_retail_contrarian,forex,WON,2026-04-30 19:41:06,2026-05-03 07:41:06,60,0.008,TP_HIT_REPLAY,SHORT,YES
multi_asset_myfxbook_retail_contrarian::EURGBP=X::2026-04-30,EURGBP=X,multi_asset_copytrader,myfxbook_retail_contrarian,forex,WON,2026-04-30 19:41:06,2026-05-03 07:41:06,60,0.0035,TP_HIT_REPLAY,LONG,YES
multi_asset_myfxbook_retail_contrarian::EURJPY=X::2026-04-30,EURJPY=X,multi_asset_copytrader,myfxbook_retail_contrarian,forex,LOST,2026-04-30 19:41:06,2026-05-03 07:41:06,60,-0.0059,SL_HIT_REPLAY,LONG,YES
multi_asset_myfxbook_retail_contrarian::GBPUSD=X::2026-04-30,GBPUSD=X,multi_asset_copytrader,myfxbook_retail_contrarian,forex,WON,2026-04-30 19:41:06,2026-05-03 07:41:06,60,0.0074,TP_HIT_REPLAY,SHORT,YES
multi_asset_myfxbook_retail_contrarian::USDCAD=X::2026-04-30,USDCAD=X,multi_asset_copytrader,myfxbook_retail_contrarian,forex,WON,2026-04-30 19:41:06,2026-05-03 07:41:06,60,0.0065,TP_HIT_REPLAY,LONG,YES
multi_asset_myfxbook_retail_contrarian::USDJPY=X::2026-04-30,USDJPY=X,multi_asset_copytrader,myfxbook_retail_contrarian,forex,LOST,2026-04-30 19:41:06,2026-05-03 07:41:06,60,-0.006,SL_HIT_REPLAY,LONG,YES
multi_asset_ig_contrarian_sentiment::AUDUSD=X::2026-04-30_19,AUDUSD=X,multi_asset_copytrader,ig_contrarian_sentiment,forex,WON,2026-04-30 19:39:31,2026-05-03 07:39:31,60,0.008,TP_HIT_REPLAY,SHORT,YES
multi_asset_ig_contrarian_sentiment::EURGBP=X::2026-04-30_19,EURGBP=X,multi_asset_copytrader,ig_contrarian_sentiment,forex,WON,2026-04-30 19:39:31,2026-05-03 07:39:31,60,0.0029,TP_HIT_REPLAY,LONG,YES
multi_asset_ig_contrarian_sentiment::EURJPY=X::2026-04-30_19,EURJPY=X,multi_asset_copytrader,ig_contrarian_sentiment,forex,LOST,2026-04-30 19:39:31,2026-05-03 07:39:31,60,-0.0047,SL_HIT_REPLAY,LONG,YES
multi_asset_ig_contrarian_sentiment::GBPUSD=X::2026-04-30_19,GBPUSD=X,multi_asset_copytrader,ig_contrarian_sentiment,forex,WON,2026-04-30 19:39:31,2026-05-03 07:39:31,60,0.0062,TP_HIT_REPLAY,SHORT,YES
multi_asset_ig_contrarian_sentiment::USDCAD=X::2026-04-30_19,USDCAD=X,multi_asset_copytrader,ig_contrarian_sentiment,forex,WON,2026-04-30 19:39:31,2026-05-03 07:39:31,60,0.0054,TP_HIT_REPLAY,LONG,YES
multi_asset_ig_contrarian_sentiment::USDCHF=X::2026-04-30_19,USDCHF=X,multi_asset_copytrader,ig_contrarian_sentiment,forex,WON,2026-04-30 19:39:31,2026-05-03 07:39:31,60,0.0079,TP_HIT_REPLAY,LONG,YES
multi_asset_ig_contrarian_sentiment::USDJPY=X::2026-04-30_19,USDJPY=X,multi_asset_copytrader,ig_contrarian_sentiment,forex,LOST,2026-04-30 19:39:31,2026-05-03 07:39:31,60,-0.005,SL_HIT_REPLAY,LONG,YES
multi_asset_cot_positioning::CT=F::2026-04-30_1939,CT=F,multi_asset_cot,cot_positioning,commodity,WON,2026-04-30 19:39:20,2026-05-02 19:39:20,48,0.0376,TP_HIT_REPLAY,SHORT,YES
multi_asset_futures_momentum::CT=F::2026-04-30_1939,CT=F,multi_asset_copytrader,futures_momentum,commodity,LOST,2026-04-30 19:39:20,2026-05-02 19:39:20,48,-0.0282,SL_HIT_REPLAY,LONG,YES
multi_asset_forex_carry_momentum::GBPJPY=X::2026-04-30_1939,GBPJPY=X,multi_asset_copytrader,forex_carry_momentum,forex,LOST,2026-04-30 19:39:19,2026-05-03 07:39:19,60,-0.005,SL_HIT_REPLAY,LONG,YES
multi_asset_forex_carry_momentum::NZDUSD=X::2026-04-30_1939,NZDUSD=X,multi_asset_copytrader,forex_carry_momentum,forex,LOST,2026-04-30 19:39:19,2026-05-03 07:39:19,60,-0.005,SL_HIT_REPLAY,LONG,YES
multi_asset_forex_rsi2_mean_reversion::EURJPY=X::2026-04-30_,EURJPY=X,multi_asset_copytrader,forex_rsi2_mean_reversion,forex,LOST,2026-04-30 19:39:19,2026-05-03 07:39:19,60,-0.005,SL_HIT_REPLAY,LONG,YES
multi_asset_forex_rsi2_mean_reversion::GBPJPY=X::2026-04-30_,GBPJPY=X,multi_asset_copytrader,forex_rsi2_mean_reversion,forex,LOST,2026-04-30 19:39:19,2026-05-03 07:39:19,60,-0.005,SL_HIT_REPLAY,LONG,YES
multi_asset_forex_rsi2_mean_reversion::USDJPY=X::2026-04-30_,USDJPY=X,multi_asset_copytrader,forex_rsi2_mean_reversion,forex,LOST,2026-04-30 19:39:19,2026-05-03 07:39:19,60,-0.005,SL_HIT_REPLAY,LONG,YES
cta_cross_asset_tsmom::NZDUSD=X::2026-04-30_1801,NZDUSD=X,cta_replicator,cta_cross_asset_tsmom,forex,LOST,2026-04-30 18:01:30,2026-05-03 06:01:30,60,-0.002,SL_HIT_REPLAY,LONG,YES
cta_cross_asset_tsmom::USDJPY=X::2026-04-30_1801,USDJPY=X,cta_replicator,cta_cross_asset_tsmom,forex,LOST,2026-04-30 18:01:30,2026-05-03 06:01:30,60,-0.002,SL_HIT_REPLAY,SHORT,YES
multi_asset_myfxbook_retail_contrarian::EURGBP=X::2026-04-30,EURGBP=X,multi_asset_copytrader,myfxbook_retail_contrarian,forex,WON,2026-04-30 18:01:04,2026-05-03 06:01:04,60,0.0034,TP_HIT_REPLAY,LONG,YES
multi_asset_myfxbook_retail_contrarian::EURJPY=X::2026-04-30,EURJPY=X,multi_asset_copytrader,myfxbook_retail_contrarian,forex,LOST,2026-04-30 18:01:04,2026-05-03 06:01:04,60,-0.0059,SL_HIT_REPLAY,LONG,YES
multi_asset_myfxbook_retail_contrarian::USDJPY=X::2026-04-30,USDJPY=X,multi_asset_copytrader,myfxbook_retail_contrarian,forex,LOST,2026-04-30 18:01:04,2026-05-03 06:01:04,60,-0.006,SL_HIT_REPLAY,LONG,YES
multi_asset_ig_contrarian_sentiment::AUDUSD=X::2026-04-30_17,AUDUSD=X,multi_asset_copytrader,ig_contrarian_sentiment,forex,WON,2026-04-30 17:58:39,2026-05-03 05:58:39,60,0.008,TP_HIT_REPLAY,SHORT,YES
multi_asset_ig_contrarian_sentiment::EURGBP=X::2026-04-30_17,EURGBP=X,multi_asset_copytrader,ig_contrarian_sentiment,forex,WON,2026-04-30 17:58:39,2026-05-03 05:58:39,60,0.0029,TP_HIT_REPLAY,LONG,YES
multi_asset_ig_contrarian_sentiment::EURJPY=X::2026-04-30_17,EURJPY=X,multi_asset_copytrader,ig_contrarian_sentiment,forex,LOST,2026-04-30 17:58:39,2026-05-03 05:58:39,60,-0.0047,SL_HIT_REPLAY,LONG,YES
multi_asset_ig_contrarian_sentiment::GBPUSD=X::2026-04-30_17,GBPUSD=X,multi_asset_copytrader,ig_contrarian_sentiment,forex,WON,2026-04-30 17:58:39,2026-05-03 05:58:39,60,0.0061,TP_HIT_REPLAY,SHORT,YES
multi_asset_ig_contrarian_sentiment::USDCAD=X::2026-04-30_17,USDCAD=X,multi_asset_copytrader,ig_contrarian_sentiment,forex,WON,2026-04-30 17:58:39,2026-05-03 05:58:39,60,0.0053,TP_HIT_REPLAY,LONG,YES
multi_asset_ig_contrarian_sentiment::USDCHF=X::2026-04-30_17,USDCHF=X,multi_asset_copytrader,ig_contrarian_sentiment,forex,WON,2026-04-30 17:58:39,2026-05-03 05:58:39,60,0.0079,TP_HIT_REPLAY,LONG,YES
multi_asset_ig_contrarian_sentiment::USDJPY=X::2026-04-30_17,USDJPY=X,multi_asset_copytrader,ig_contrarian_sentiment,forex,LOST,2026-04-30 17:58:39,2026-05-03 05:58:39,60,-0.005,SL_HIT_REPLAY,LONG,YES
multi_asset_cot_positioning::CT=F::2026-04-30_1758,CT=F,multi_asset_cot,cot_positioning,commodity,WON,2026-04-30 17:58:30,2026-05-02 17:58:30,48,0.0376,TP_HIT_REPLAY,SHORT,YES
multi_asset_forex_carry_momentum::GBPJPY=X::2026-04-30_1758,GBPJPY=X,multi_asset_copytrader,forex_carry_momentum,forex,LOST,2026-04-30 17:58:28,2026-05-03 05:58:28,60,-0.005,SL_HIT_REPLAY,LONG,YES
multi_asset_forex_carry_momentum::NZDUSD=X::2026-04-30_1758,NZDUSD=X,multi_asset_copytrader,forex_carry_momentum,forex,LOST,2026-04-30 17:58:28,2026-05-03 05:58:28,60,-0.005,SL_HIT_REPLAY,LONG,YES
multi_asset_forex_rsi2_mean_reversion::EURJPY=X::2026-04-30_,EURJPY=X,multi_asset_copytrader,forex_rsi2_mean_reversion,forex,LOST,2026-04-30 17:58:28,2026-05-03 05:58:28,60,-0.005,SL_HIT_REPLAY,LONG,YES
multi_asset_forex_rsi2_mean_reversion::USDJPY=X::2026-04-30_,USDJPY=X,multi_asset_copytrader,forex_rsi2_mean_reversion,forex,LOST,2026-04-30 17:58:28,2026-05-03 05:58:28,60,-0.005,SL_HIT_REPLAY,LONG,YES
cta_cross_asset_tsmom::NZDUSD=X::2026-04-30_1707,NZDUSD=X,cta_replicator,cta_cross_asset_tsmom,forex,LOST,2026-04-30 17:07:19,2026-05-03 05:07:19,60,-0.002,SL_HIT_REPLAY,LONG,YES
multi_asset_myfxbook_retail_contrarian::EURGBP=X::2026-04-30,EURGBP=X,multi_asset_copytrader,myfxbook_retail_contrarian,forex,WON,2026-04-30 17:07:17,2026-05-03 05:07:17,60,0.0034,TP_HIT_REPLAY,LONG,YES
multi_asset_myfxbook_retail_contrarian::EURJPY=X::2026-04-30,EURJPY=X,multi_asset_copytrader,myfxbook_retail_contrarian,forex,LOST,2026-04-30 17:07:17,2026-05-03 05:07:17,60,-0.0059,SL_HIT_REPLAY,LONG,YES
multi_asset_myfxbook_retail_contrarian::USDJPY=X::2026-04-30,USDJPY=X,multi_asset_copytrader,myfxbook_retail_contrarian,forex,LOST,2026-04-30 17:07:17,2026-05-03 05:07:17,60,-0.006,SL_HIT_REPLAY,LONG,YES
multi_asset_ig_contrarian_sentiment::AUDUSD=X::2026-04-30_17,AUDUSD=X,multi_asset_copytrader,ig_contrarian_sentiment,forex,WON,2026-04-30 17:05:28,2026-05-03 05:05:28,60,0.008,TP_HIT_REPLAY,SHORT,YES
multi_asset_ig_contrarian_sentiment::EURGBP=X::2026-04-30_17,EURGBP=X,multi_asset_copytrader,ig_contrarian_sentiment,forex,WON,2026-04-30 17:05:28,2026-05-03 05:05:28,60,0.0029,TP_HIT_REPLAY,LONG,YES
multi_asset_ig_contrarian_sentiment::EURJPY=X::2026-04-30_17,EURJPY=X,multi_asset_copytrader,ig_contrarian_sentiment,forex,LOST,2026-04-30 17:05:28,2026-05-03 05:05:28,60,-0.0047,SL_HIT_REPLAY,LONG,YES
multi_asset_ig_contrarian_sentiment::GBPUSD=X::2026-04-30_17,GBPUSD=X,multi_asset_copytrader,ig_contrarian_sentiment,forex,WON,2026-04-30 17:05:28,2026-05-03 05:05:28,60,0.0061,TP_HIT_REPLAY,SHORT,YES
multi_asset_ig_contrarian_sentiment::USDCAD=X::2026-04-30_17,USDCAD=X,multi_asset_copytrader,ig_contrarian_sentiment,forex,WON,2026-04-30 17:05:28,2026-05-03 05:05:28,60,0.0053,TP_HIT_REPLAY,LONG,YES
multi_asset_ig_contrarian_sentiment::USDCHF=X::2026-04-30_17,USDCHF=X,multi_asset_copytrader,ig_contrarian_sentiment,forex,WON,2026-04-30 17:05:28,2026-05-03 05:05:28,60,0.0079,TP_HIT_REPLAY,LONG,YES
multi_asset_ig_contrarian_sentiment::USDJPY=X::2026-04-30_17,USDJPY=X,multi_asset_copytrader,ig_contrarian_sentiment,forex,LOST,2026-04-30 17:05:28,2026-05-03 05:05:28,60,-0.005,SL_HIT_REPLAY,LONG,YES
multi_asset_cot_positioning::CT=F::2026-04-30_1705,CT=F,multi_asset_cot,cot_positioning,commodity,WON,2026-04-30 17:05:18,2026-05-02 17:05:18,48,0.0376,TP_HIT_REPLAY,SHORT,YES
multi_asset_futures_momentum::CT=F::2026-04-30_1705,CT=F,multi_asset_copytrader,futures_momentum,commodity,LOST,2026-04-30 17:05:18,2026-05-02 17:05:18,48,-0.0282,SL_HIT_REPLAY,LONG,YES
multi_asset_forex_carry_momentum::GBPJPY=X::2026-04-30_1705,GBPJPY=X,multi_asset_copytrader,forex_carry_momentum,forex,LOST,2026-04-30 17:05:16,2026-05-03 05:05:16,60,-0.005,SL_HIT_REPLAY,LONG,YES
multi_asset_forex_carry_momentum::NZDUSD=X::2026-04-30_1705,NZDUSD=X,multi_asset_copytrader,forex_carry_momentum,forex,LOST,2026-04-30 17:05:16,2026-05-03 05:05:16,60,-0.005,SL_HIT_REPLAY,LONG,YES
multi_asset_forex_rsi2_mean_reversion::EURJPY=X::2026-04-30_,EURJPY=X,multi_asset_copytrader,forex_rsi2_mean_reversion,forex,LOST,2026-04-30 17:05:16,2026-05-03 05:05:16,60,-0.005,SL_HIT_REPLAY,LONG,YES
multi_asset_forex_rsi2_mean_reversion::GBPJPY=X::2026-04-30_,GBPJPY=X,multi_asset_copytrader,forex_rsi2_mean_reversion,forex,LOST,2026-04-30 17:05:16,2026-05-03 05:05:16,60,-0.005,SL_HIT_REPLAY,LONG,YES
cta_cross_asset_tsmom::NZDUSD=X::2026-04-30_1607,NZDUSD=X,cta_replicator,cta_cross_asset_tsmom,forex,LOST,2026-04-30 16:07:13,2026-05-03 04:07:13,60,-0.002,SL_HIT_REPLAY,LONG,YES
multi_asset_myfxbook_retail_contrarian::EURJPY=X::2026-04-30,EURJPY=X,multi_asset_copytrader,myfxbook_retail_contrarian,forex,LOST,2026-04-30 16:07:11,2026-05-03 04:07:11,60,-0.0059,SL_HIT_REPLAY,LONG,YES
multi_asset_myfxbook_retail_contrarian::USDJPY=X::2026-04-30,USDJPY=X,multi_asset_copytrader,myfxbook_retail_contrarian,forex,LOST,2026-04-30 16:07:11,2026-05-03 04:07:11,60,-0.006,SL_HIT_REPLAY,LONG,YES
multi_asset_ig_contrarian_sentiment::AUDUSD=X::2026-04-30_16,AUDUSD=X,multi_asset_copytrader,ig_contrarian_sentiment,forex,WON,2026-04-30 16:06:24,2026-05-03 04:06:24,60,0.008,TP_HIT_REPLAY,SHORT,YES
multi_asset_ig_contrarian_sentiment::EURGBP=X::2026-04-30_16,EURGBP=X,multi_asset_copytrader,ig_contrarian_sentiment,forex,WON,2026-04-30 16:06:24,2026-05-03 04:06:24,60,0.0029,TP_HIT_REPLAY,LONG,YES
multi_asset_ig_contrarian_sentiment::EURJPY=X::2026-04-30_16,EURJPY=X,multi_asset_copytrader,ig_contrarian_sentiment,forex,LOST,2026-04-30 16:06:24,2026-05-03 04:06:24,60,-0.0047,SL_HIT_REPLAY,LONG,YES
multi_asset_ig_contrarian_sentiment::GBPUSD=X::2026-04-30_16,GBPUSD=X,multi_asset_copytrader,ig_contrarian_sentiment,forex,WON,2026-04-30 16:06:24,2026-05-03 04:06:24,60,0.0061,TP_HIT_REPLAY,SHORT,YES
multi_asset_ig_contrarian_sentiment::USDCAD=X::2026-04-30_16,USDCAD=X,multi_asset_copytrader,ig_contrarian_sentiment,forex,WON,2026-04-30 16:06:24,2026-05-03 04:06:24,60,0.0053,TP_HIT_REPLAY,LONG,YES
multi_asset_ig_contrarian_sentiment::USDCHF=X::2026-04-30_16,USDCHF=X,multi_asset_copytrader,ig_contrarian_sentiment,forex,WON,2026-04-30 16:06:24,2026-05-03 04:06:24,60,0.0079,TP_HIT_REPLAY,LONG,YES
multi_asset_ig_contrarian_sentiment::USDJPY=X::2026-04-30_16,USDJPY=X,multi_asset_copytrader,ig_contrarian_sentiment,forex,LOST,2026-04-30 16:06:24,2026-05-03 04:06:24,60,-0.005,SL_HIT_REPLAY,LONG,YES
multi_asset_cot_positioning::CT=F::2026-04-30_1606,CT=F,multi_asset_cot,cot_positioning,commodity,WON,2026-04-30 16:06:08,2026-05-02 16:06:08,48,0.0376,TP_HIT_REPLAY,SHORT,YES
multi_asset_futures_momentum::CT=F::2026-04-30_1606,CT=F,multi_asset_copytrader,futures_momentum,commodity,LOST,2026-04-30 16:06:07,2026-05-02 16:06:07,48,-0.0282,SL_HIT_REPLAY,LONG,YES
multi_asset_forex_carry_momentum::GBPJPY=X::2026-04-30_1606,GBPJPY=X,multi_asset_copytrader,forex_carry_momentum,forex,LOST,2026-04-30 16:06:05,2026-05-03 04:06:05,60,-0.005,SL_HIT_REPLAY,LONG,YES
multi_asset_forex_carry_momentum::NZDUSD=X::2026-04-30_1606,NZDUSD=X,multi_asset_copytrader,forex_carry_momentum,forex,LOST,2026-04-30 16:06:05,2026-05-03 04:06:05,60,-0.005,SL_HIT_REPLAY,LONG,YES
multi_asset_forex_rsi2_mean_reversion::EURJPY=X::2026-04-30_,EURJPY=X,multi_asset_copytrader,forex_rsi2_mean_reversion,forex,LOST,2026-04-30 16:06:05,2026-05-03 04:06:05,60,-0.005,SL_HIT_REPLAY,LONG,YES
multi_asset_forex_rsi2_mean_reversion::GBPJPY=X::2026-04-30_,GBPJPY=X,multi_asset_copytrader,forex_rsi2_mean_reversion,forex,LOST,2026-04-30 16:06:05,2026-05-03 04:06:05,60,-0.005,SL_HIT_REPLAY,LONG,YES
multi_asset_forex_rsi2_mean_reversion::USDJPY=X::2026-04-30_,USDJPY=X,multi_asset_copytrader,forex_rsi2_mean_reversion,forex,LOST,2026-04-30 16:06:05,2026-05-03 04:06:05,60,-0.005,SL_HIT_REPLAY,LONG,YES
cta_cross_asset_tsmom::NZDUSD=X::2026-04-30_1523,NZDUSD=X,cta_replicator,cta_cross_asset_tsmom,forex,LOST,2026-04-30 15:23:10,2026-05-03 03:23:10,60,-0.002,SL_HIT_REPLAY,LONG,YES
cta_cross_asset_tsmom::USDJPY=X::2026-04-30_1523,USDJPY=X,cta_replicator,cta_cross_asset_tsmom,forex,LOST,2026-04-30 15:23:10,2026-05-03 03:23:10,60,-0.002,SL_HIT_REPLAY,SHORT,YES
multi_asset_myfxbook_retail_contrarian::EURJPY=X::2026-04-30,EURJPY=X,multi_asset_copytrader,myfxbook_retail_contrarian,forex,LOST,2026-04-30 15:22:52,2026-05-03 03:22:52,60,-0.0059,SL_HIT_REPLAY,LONG,YES
multi_asset_myfxbook_retail_contrarian::USDJPY=X::2026-04-30,USDJPY=X,multi_asset_copytrader,myfxbook_retail_contrarian,forex,LOST,2026-04-30 15:22:52,2026-05-03 03:22:52,60,-0.006,SL_HIT_REPLAY,LONG,YES
multi_asset_ig_contrarian_sentiment::AUDUSD=X::2026-04-30_15,AUDUSD=X,multi_asset_copytrader,ig_contrarian_sentiment,forex,WON,2026-04-30 15:21:26,2026-05-03 03:21:26,60,0.008,TP_HIT_REPLAY,SHORT,YES
multi_asset_ig_contrarian_sentiment::EURGBP=X::2026-04-30_15,EURGBP=X,multi_asset_copytrader,ig_contrarian_sentiment,forex,WON,2026-04-30 15:21:26,2026-05-03 03:21:26,60,0.0029,TP_HIT_REPLAY,LONG,YES
multi_asset_ig_contrarian_sentiment::EURJPY=X::2026-04-30_15,EURJPY=X,multi_asset_copytrader,ig_contrarian_sentiment,forex,LOST,2026-04-30 15:21:26,2026-05-03 03:21:26,60,-0.0047,SL_HIT_REPLAY,LONG,YES
multi_asset_ig_contrarian_sentiment::GBPUSD=X::2026-04-30_15,GBPUSD=X,multi_asset_copytrader,ig_contrarian_sentiment,forex,WON,2026-04-30 15:21:26,2026-05-03 03:21:26,60,0.0061,TP_HIT_REPLAY,SHORT,YES
multi_asset_ig_contrarian_sentiment::USDCAD=X::2026-04-30_15,USDCAD=X,multi_asset_copytrader,ig_contrarian_sentiment,forex,WON,2026-04-30 15:21:26,2026-05-03 03:21:26,60,0.0052,TP_HIT_REPLAY,LONG,YES
multi_asset_ig_contrarian_sentiment::USDCHF=X::2026-04-30_15,USDCHF=X,multi_asset_copytrader,ig_contrarian_sentiment,forex,WON,2026-04-30 15:21:26,2026-05-03 03:21:26,60,0.0079,TP_HIT_REPLAY,LONG,YES
multi_asset_ig_contrarian_sentiment::USDJPY=X::2026-04-30_15,USDJPY=X,multi_asset_copytrader,ig_contrarian_sentiment,forex,LOST,2026-04-30 15:21:26,2026-05-03 03:21:26,60,-0.005,SL_HIT_REPLAY,LONG,YES
multi_asset_forex_carry_momentum::AUDJPY=X::2026-04-30_1521,AUDJPY=X,multi_asset_copytrader,forex_carry_momentum,forex,LOST,2026-04-30 15:21:08,2026-05-03 03:21:08,60,-0.005,SL_HIT_REPLAY,LONG,YES
multi_asset_forex_carry_momentum::GBPJPY=X::2026-04-30_1521,GBPJPY=X,multi_asset_copytrader,forex_carry_momentum,forex,LOST,2026-04-30 15:21:08,2026-05-03 03:21:08,60,-0.005,SL_HIT_REPLAY,LONG,YES
multi_asset_forex_carry_momentum::NZDUSD=X::2026-04-30_1521,NZDUSD=X,multi_asset_copytrader,forex_carry_momentum,forex,LOST,2026-04-30 15:21:08,2026-05-03 03:21:08,60,-0.005,SL_HIT_REPLAY,LONG,YES
multi_asset_forex_rsi2_mean_reversion::EURJPY=X::2026-04-30_,EURJPY=X,multi_asset_copytrader,forex_rsi2_mean_reversion,forex,LOST,2026-04-30 15:21:08,2026-05-03 03:21:08,60,-0.005,SL_HIT_REPLAY,LONG,YES
multi_asset_forex_rsi2_mean_reversion::GBPJPY=X::2026-04-30_,GBPJPY=X,multi_asset_copytrader,forex_rsi2_mean_reversion,forex,LOST,2026-04-30 15:21:08,2026-05-03 03:21:08,60,-0.005,SL_HIT_REPLAY,LONG,YES
multi_asset_forex_rsi2_mean_reversion::USDJPY=X::2026-04-30_,USDJPY=X,multi_asset_copytrader,forex_rsi2_mean_reversion,forex,LOST,2026-04-30 15:21:08,2026-05-03 03:21:08,60,-0.005,SL_HIT_REPLAY,LONG,YES
fx_smart_77cd138b4c3f,USDJPY=X,alpha_engine,fx_smart_carry_trade_momentum,forex,LOST,2026-04-30 14:42:22,2026-05-03 02:42:22,60,-0.003,SL_HIT_REPLAY,LONG,YES
fx_smart_bad5bae16654,NZDUSD=X,alpha_engine,fx_smart_carry_trade_momentum,forex,LOST,2026-04-30 14:42:22,2026-05-03 02:42:22,60,-0.003,SL_HIT_REPLAY,LONG,YES
fx_smart_d821c69373b8,USDCHF=X,alpha_engine,fx_smart_carry_trade_momentum,forex,LOST,2026-04-30 14:42:22,2026-05-03 02:42:22,60,-0.003,SL_HIT_REPLAY,LONG,YES
multi_asset_myfxbook_retail_contrarian::EURJPY=X::2026-04-30,EURJPY=X,multi_asset_copytrader,myfxbook_retail_contrarian,forex,LOST,2026-04-30 14:21:32,2026-05-03 02:21:32,60,-0.0059,SL_HIT_REPLAY,LONG,YES
multi_asset_myfxbook_retail_contrarian::USDJPY=X::2026-04-30,USDJPY=X,multi_asset_copytrader,myfxbook_retail_contrarian,forex,LOST,2026-04-30 14:21:32,2026-05-03 02:21:32,60,-0.006,SL_HIT_REPLAY,LONG,YES
multi_asset_ig_contrarian_sentiment::AUDUSD=X::2026-04-30_14,AUDUSD=X,multi_asset_copytrader,ig_contrarian_sentiment,forex,WON,2026-04-30 14:20:54,2026-05-03 02:20:54,60,0.008,TP_HIT_REPLAY,SHORT,YES
multi_asset_ig_contrarian_sentiment::GBPUSD=X::2026-04-30_14,GBPUSD=X,multi_asset_copytrader,ig_contrarian_sentiment,forex,WON,2026-04-30 14:20:54,2026-05-03 02:20:54,60,0.0059,TP_HIT_REPLAY,SHORT,YES
multi_asset_ig_contrarian_sentiment::USDCHF=X::2026-04-30_14,USDCHF=X,multi_asset_copytrader,ig_contrarian_sentiment,forex,WON,2026-04-30 14:20:54,2026-05-03 02:20:54,60,0.0078,TP_HIT_REPLAY,LONG,YES
multi_asset_myfxbook_retail_contrarian::EURJPY=X::2026-04-30,EURJPY=X,multi_asset_copytrader,myfxbook_retail_contrarian,forex,LOST,2026-04-30 13:07:39,2026-05-03 01:07:39,60,-0.0059,SL_HIT_REPLAY,LONG,YES
multi_asset_myfxbook_retail_contrarian::USDJPY=X::2026-04-30,USDJPY=X,multi_asset_copytrader,myfxbook_retail_contrarian,forex,LOST,2026-04-30 13:07:39,2026-05-03 01:07:39,60,-0.006,SL_HIT_REPLAY,LONG,YES
multi_asset_ig_contrarian_sentiment::GBPJPY=X::2026-04-30_13,GBPJPY=X,multi_asset_copytrader,ig_contrarian_sentiment,forex,LOST,2026-04-30 13:07:20,2026-05-03 01:07:20,60,-0.005,SL_HIT_REPLAY,LONG,YES
multi_asset_myfxbook_retail_contrarian::EURJPY=X::2026-04-30,EURJPY=X,multi_asset_copytrader,myfxbook_retail_contrarian,forex,WON,2026-04-30 12:07:09,2026-05-03 00:07:09,60,0.0071,TP_HIT_REPLAY,LONG,YES
multi_asset_myfxbook_retail_contrarian::USDJPY=X::2026-04-30,USDJPY=X,multi_asset_copytrader,myfxbook_retail_contrarian,forex,LOST,2026-04-30 12:07:09,2026-05-03 00:07:09,60,-0.006,SL_HIT_REPLAY,LONG,YES
multi_asset_ig_contrarian_sentiment::GBPJPY=X::2026-04-30_12,GBPJPY=X,multi_asset_copytrader,ig_contrarian_sentiment,forex,LOST,2026-04-30 12:06:48,2026-05-03 00:06:48,60,-0.005,SL_HIT_REPLAY,LONG,YES
multi_asset_forex_rsi2_mean_reversion::CADJPY=X::2026-04-30_,CADJPY=X,multi_asset_copytrader,forex_rsi2_mean_reversion,forex,LOST,2026-04-30 12:06:30,2026-05-03 00:06:30,60,-0.005,SL_HIT_REPLAY,LONG,YES
cta_cross_asset_tsmom::NZDUSD=X::2026-04-30_1112,NZDUSD=X,cta_replicator,cta_cross_asset_tsmom,forex,LOST,2026-04-30 11:12:38,2026-05-02 23:12:38,60,-0.002,SL_HIT_REPLAY,LONG,YES
cta_cross_asset_tsmom::USDJPY=X::2026-04-30_1112,USDJPY=X,cta_replicator,cta_cross_asset_tsmom,forex,LOST,2026-04-30 11:12:38,2026-05-02 23:12:38,60,-0.002,SL_HIT_REPLAY,SHORT,YES
multi_asset_myfxbook_retail_contrarian::EURGBP=X::2026-04-30,EURGBP=X,multi_asset_copytrader,myfxbook_retail_contrarian,forex,LOST,2026-04-30 11:12:37,2026-05-02 23:12:37,60,-0.0026,SL_HIT_REPLAY,LONG,YES
multi_asset_ig_contrarian_sentiment::EURGBP=X::2026-04-30_11,EURGBP=X,multi_asset_copytrader,ig_contrarian_sentiment,forex,LOST,2026-04-30 11:12:20,2026-05-02 23:12:20,60,-0.0021,SL_HIT_REPLAY,LONG,YES
multi_asset_ig_contrarian_sentiment::EURJPY=X::2026-04-30_11,EURJPY=X,multi_asset_copytrader,ig_contrarian_sentiment,forex,LOST,2026-04-30 11:12:20,2026-05-02 23:12:20,60,-0.0042,SL_HIT_REPLAY,LONG,YES
multi_asset_ig_contrarian_sentiment::USDJPY=X::2026-04-30_11,USDJPY=X,multi_asset_copytrader,ig_contrarian_sentiment,forex,LOST,2026-04-30 11:12:20,2026-05-02 23:12:20,60,-0.005,SL_HIT_REPLAY,LONG,YES
multi_asset_stocks_rsi2_pullback::NVDA::2026-04-30_1112,NVDA,multi_asset_copytrader,stocks_rsi2_pullback,equity,LOST,2026-04-30 11:12:09,2026-05-02 11:12:09,48,-0.03,SL_HIT_REPLAY,LONG,YES
multi_asset_stocks_rsi2_pullback::RIOT::2026-04-30_1112,RIOT,multi_asset_copytrader,stocks_rsi2_pullback,equity,WON,2026-04-30 11:12:09,2026-05-02 11:12:09,48,0.05,TP_HIT_REPLAY,LONG,YES
multi_asset_forex_carry_momentum::AUDJPY=X::2026-04-30_1112,AUDJPY=X,multi_asset_copytrader,forex_carry_momentum,forex,LOST,2026-04-30 11:12:07,2026-05-02 23:12:07,60,-0.005,SL_HIT_REPLAY,LONG,YES
multi_asset_forex_carry_momentum::GBPJPY=X::2026-04-30_1112,GBPJPY=X,multi_asset_copytrader,forex_carry_momentum,forex,LOST,2026-04-30 11:12:07,2026-05-02 23:12:07,60,-0.005,SL_HIT_REPLAY,LONG,YES
multi_asset_forex_carry_momentum::NZDUSD=X::2026-04-30_1112,NZDUSD=X,multi_asset_copytrader,forex_carry_momentum,forex,LOST,2026-04-30 11:12:07,2026-05-02 23:12:07,60,-0.005,SL_HIT_REPLAY,LONG,YES
multi_asset_forex_rsi2_mean_reversion::EURJPY=X::2026-04-30_,EURJPY=X,multi_asset_copytrader,forex_rsi2_mean_reversion,forex,LOST,2026-04-30 11:12:07,2026-05-02 23:12:07,60,-0.005,SL_HIT_REPLAY,LONG,YES
multi_asset_forex_rsi2_mean_reversion::GBPJPY=X::2026-04-30_,GBPJPY=X,multi_asset_copytrader,forex_rsi2_mean_reversion,forex,LOST,2026-04-30 11:12:07,2026-05-02 23:12:07,60,-0.005,SL_HIT_REPLAY,LONG,YES
multi_asset_forex_rsi2_mean_reversion::USDJPY=X::2026-04-30_,USDJPY=X,multi_asset_copytrader,forex_rsi2_mean_reversion,forex,LOST,2026-04-30 11:12:07,2026-05-02 23:12:07,60,-0.005,SL_HIT_REPLAY,LONG,YES
multi_asset_ig_contrarian_sentiment::GBPJPY=X::2026-04-30_10,GBPJPY=X,multi_asset_copytrader,ig_contrarian_sentiment,forex,LOST,2026-04-30 10:19:43,2026-05-02 22:19:43,60,-0.0037,SL_HIT_REPLAY,SHORT,YES
multi_asset_forex_carry_momentum::CADJPY=X::2026-04-30_1019,CADJPY=X,multi_asset_copytrader,forex_carry_momentum,forex,LOST,2026-04-30 10:19:30,2026-05-02 22:19:30,60,-0.005,SL_HIT_REPLAY,LONG,YES
cc_EURJPY=X_S_202604301011,EURJPY=X,combined_confidence_strategy,combined_confidence,forex,WON,2026-04-30 10:11:46,2026-05-02 22:11:46,60,0.0049,TP_HIT_REPLAY,SHORT,YES
cc_USDJPY=X_S_202604301011,USDJPY=X,combined_confidence_strategy,combined_confidence,forex,WON,2026-04-30 10:11:46,2026-05-02 22:11:46,60,0.0063,TP_HIT_REPLAY,SHORT,YES
cta_cross_asset_tsmom::NZDUSD=X::2026-04-30_0921,NZDUSD=X,cta_replicator,cta_cross_asset_tsmom,forex,LOST,2026-04-30 09:21:12,2026-05-02 21:21:12,60,-0.002,SL_HIT_REPLAY,LONG,YES
multi_asset_myfxbook_retail_contrarian::CADJPY=X::2026-04-30,CADJPY=X,multi_asset_copytrader,myfxbook_retail_contrarian,forex,LOST,2026-04-30 09:21:10,2026-05-02 21:21:10,60,-0.0052,SL_HIT_REPLAY,SHORT,YES
multi_asset_ig_contrarian_sentiment::CADJPY=X::2026-04-30_09,CADJPY=X,multi_asset_copytrader,ig_contrarian_sentiment,forex,LOST,2026-04-30 09:20:48,2026-05-02 21:20:48,60,-0.0042,SL_HIT_REPLAY,SHORT,YES
multi_asset_ig_contrarian_sentiment::GBPJPY=X::2026-04-30_09,GBPJPY=X,multi_asset_copytrader,ig_contrarian_sentiment,forex,LOST,2026-04-30 09:20:48,2026-05-02 21:20:48,60,-0.0037,SL_HIT_REPLAY,SHORT,YES
multi_asset_forex_carry_momentum::AUDJPY=X::2026-04-30_0920,AUDJPY=X,multi_asset_copytrader,forex_carry_momentum,forex,LOST,2026-04-30 09:20:37,2026-05-02 21:20:37,60,-0.005,SL_HIT_REPLAY,LONG,YES
multi_asset_forex_carry_momentum::GBPJPY=X::2026-04-30_0920,GBPJPY=X,multi_asset_copytrader,forex_carry_momentum,forex,WON,2026-04-30 09:20:37,2026-05-02 21:20:37,60,0.0056,TP_HIT_REPLAY,LONG,YES
multi_asset_futures_bb_mean_reversion::ZW=F::2026-04-30_0607,ZW=F,multi_asset_copytrader,futures_bb_mean_reversion,commodity,LOST,2026-04-30 08:22:38,2026-05-02 08:22:38,48,-0.0044,SL_HIT_REPLAY,SHORT,YES
multi_asset_myfxbook_retail_contrarian::AUDJPY=X::2026-04-30,AUDJPY=X,multi_asset_copytrader,myfxbook_retail_contrarian,forex,WON,2026-04-30 08:22:38,2026-05-02 20:22:38,60,0.0075,TP_HIT_REPLAY,SHORT,YES
multi_asset_ig_contrarian_sentiment::AUDJPY=X::2026-04-30_08,AUDJPY=X,multi_asset_copytrader,ig_contrarian_sentiment,forex,WON,2026-04-30 08:22:21,2026-05-02 20:22:21,60,0.0063,TP_HIT_REPLAY,SHORT,YES
multi_asset_ig_contrarian_sentiment::GBPJPY=X::2026-04-30_06,GBPJPY=X,multi_asset_copytrader,ig_contrarian_sentiment,forex,LOST,2026-04-30 08:22:21,2026-05-02 20:22:21,60,-0.0035,SL_HIT_REPLAY,SHORT,YES
cta_cross_asset_tsmom::NZDUSD=X::2026-04-30_0607,NZDUSD=X,cta_replicator,cta_cross_asset_tsmom,forex,WON,2026-04-30 06:07:48,2026-05-02 18:07:48,60,0.003,TP_HIT_REPLAY,LONG,YES
multi_asset_myfxbook_retail_contrarian::GBPJPY=X::2026-04-30,GBPJPY=X,multi_asset_copytrader,myfxbook_retail_contrarian,forex,WON,2026-04-30 06:07:45,2026-05-02 18:07:45,60,0.0051,TP_HIT_REPLAY,SHORT,YES
multi_asset_ig_contrarian_sentiment::CADJPY=X::2026-04-30_06,CADJPY=X,multi_asset_copytrader,ig_contrarian_sentiment,forex,WON,2026-04-30 06:07:29,2026-05-02 18:07:29,60,0.005,TP_HIT_REPLAY,SHORT,YES
multi_asset_ig_contrarian_sentiment::USDJPY=X::2026-04-30_06,USDJPY=X,multi_asset_copytrader,ig_contrarian_sentiment,forex,WON,2026-04-30 06:07:29,2026-05-02 18:07:29,60,0.0052,TP_HIT_REPLAY,SHORT,YES
multi_asset_cot_positioning::CT=F::2026-04-30_0607,CT=F,multi_asset_cot,cot_positioning,commodity,LOST,2026-04-30 06:07:19,2026-05-02 06:07:19,48,-0.0273,SL_HIT_REPLAY,SHORT,YES
multi_asset_forex_carry_momentum::AUDJPY=X::2026-04-30_0607,AUDJPY=X,multi_asset_copytrader,forex_carry_momentum,forex,LOST,2026-04-30 06:07:17,2026-05-02 18:07:17,60,-0.005,SL_HIT_REPLAY,LONG,YES
multi_asset_forex_carry_momentum::USDJPY=X::2026-04-30_0607,USDJPY=X,multi_asset_copytrader,forex_carry_momentum,forex,LOST,2026-04-30 06:07:17,2026-05-02 18:07:17,60,-0.005,SL_HIT_REPLAY,LONG,YES
multi_asset_forex_rsi2_mean_reversion::EURJPY=X::2026-04-30_,EURJPY=X,multi_asset_copytrader,forex_rsi2_mean_reversion,forex,WON,2026-04-30 06:07:17,2026-05-02 18:07:17,60,0.0047,TP_HIT_REPLAY,SHORT,YES
multi_asset_forex_rsi2_mean_reversion::GBPJPY=X::2026-04-30_,GBPJPY=X,multi_asset_copytrader,forex_rsi2_mean_reversion,forex,WON,2026-04-30 06:07:17,2026-05-02 18:07:17,60,0.0051,TP_HIT_REPLAY,SHORT,YES
multi_asset_forex_rsi2_mean_reversion::USDJPY=X::2026-04-30_,USDJPY=X,multi_asset_copytrader,forex_rsi2_mean_reversion,forex,WON,2026-04-30 06:07:17,2026-05-02 18:07:17,60,0.0063,TP_HIT_REPLAY,SHORT,YES
cta_cross_asset_tsmom::NZDUSD=X::2026-04-29_2327,NZDUSD=X,cta_replicator,cta_cross_asset_tsmom,forex,WON,2026-04-29 23:27:56,2026-05-02 11:27:56,60,0.003,TP_HIT_REPLAY,LONG,YES
multi_asset_ig_contrarian_sentiment::CADJPY=X::2026-04-29_23,CADJPY=X,multi_asset_copytrader,ig_contrarian_sentiment,forex,WON,2026-04-29 23:27:31,2026-05-02 11:27:31,60,0.005,TP_HIT_REPLAY,SHORT,YES
multi_asset_stocks_rsi2_pullback::RIOT::2026-04-29_2327,RIOT,multi_asset_copytrader,stocks_rsi2_pullback,equity,LOST,2026-04-29 23:27:22,2026-05-01 23:27:22,48,-0.03,SL_HIT_REPLAY,LONG,YES
multi_asset_stocks_rsi2_pullback::RIOT::2026-04-29_2229,RIOT,multi_asset_copytrader,stocks_rsi2_pullback,equity,LOST,2026-04-29 22:29:41,2026-05-01 22:29:41,48,-0.03,SL_HIT_REPLAY,LONG,YES
cta_cross_asset_tsmom::NZDUSD=X::2026-04-29_2133,NZDUSD=X,cta_replicator,cta_cross_asset_tsmom,forex,WON,2026-04-29 21:33:09,2026-05-02 09:33:09,60,0.003,TP_HIT_REPLAY,LONG,YES
multi_asset_myfxbook_retail_contrarian::AUDJPY=X::2026-04-29,AUDJPY=X,multi_asset_copytrader,myfxbook_retail_contrarian,forex,LOST,2026-04-29 21:33:04,2026-05-02 09:33:04,60,-0.006,SL_HIT_REPLAY,SHORT,YES
multi_asset_ig_contrarian_sentiment::AUDJPY=X::2026-04-29_21,AUDJPY=X,multi_asset_copytrader,ig_contrarian_sentiment,forex,LOST,2026-04-29 21:32:41,2026-05-02 09:32:41,60,-0.005,SL_HIT_REPLAY,SHORT,YES
multi_asset_futures_momentum::PL=F::2026-04-29_2132,PL=F,multi_asset_copytrader,futures_momentum,commodity,LOST,2026-04-29 21:32:32,2026-05-01 21:32:32,48,-0.03,SL_HIT_REPLAY,SHORT,YES
multi_asset_futures_momentum::SI=F::2026-04-29_2132,SI=F,multi_asset_copytrader,futures_momentum,commodity,LOST,2026-04-29 21:32:32,2026-05-01 21:32:32,48,-0.03,SL_HIT_REPLAY,SHORT,YES
multi_asset_stocks_rsi2_pullback::RIOT::2026-04-29_2132,RIOT,multi_asset_copytrader,stocks_rsi2_pullback,equity,LOST,2026-04-29 21:32:32,2026-05-01 21:32:32,48,-0.03,SL_HIT_REPLAY,LONG,YES
multi_asset_forex_carry_momentum::USDJPY=X::2026-04-29_2132,USDJPY=X,multi_asset_copytrader,forex_carry_momentum,forex,LOST,2026-04-29 21:32:30,2026-05-02 09:32:30,60,-0.005,SL_HIT_REPLAY,LONG,YES
cta_cross_asset_tsmom::NZDUSD=X::2026-04-29_1942,NZDUSD=X,cta_replicator,cta_cross_asset_tsmom,forex,WON,2026-04-29 19:42:54,2026-05-02 07:42:54,60,0.003,TP_HIT_REPLAY,LONG,YES
multi_asset_ig_contrarian_sentiment::AUDJPY=X::2026-04-29_19,AUDJPY=X,multi_asset_copytrader,ig_contrarian_sentiment,forex,LOST,2026-04-29 19:42:34,2026-05-02 07:42:34,60,-0.005,SL_HIT_REPLAY,SHORT,YES
multi_asset_ig_contrarian_sentiment::CADJPY=X::2026-04-29_19,CADJPY=X,multi_asset_copytrader,ig_contrarian_sentiment,forex,WON,2026-04-29 19:42:34,2026-05-02 07:42:34,60,0.0051,TP_HIT_REPLAY,SHORT,YES
multi_asset_ig_contrarian_sentiment::USDJPY=X::2026-04-29_19,USDJPY=X,multi_asset_copytrader,ig_contrarian_sentiment,forex,WON,2026-04-29 19:42:34,2026-05-02 07:42:34,60,0.0051,TP_HIT_REPLAY,SHORT,YES
multi_asset_futures_momentum::PL=F::2026-04-29_1942,PL=F,multi_asset_copytrader,futures_momentum,commodity,LOST,2026-04-29 19:42:22,2026-05-01 19:42:22,48,-0.03,SL_HIT_REPLAY,SHORT,YES
multi_asset_futures_momentum::SI=F::2026-04-29_1942,SI=F,multi_asset_copytrader,futures_momentum,commodity,LOST,2026-04-29 19:42:22,2026-05-01 19:42:22,48,-0.03,SL_HIT_REPLAY,SHORT,YES
multi_asset_stocks_rsi2_pullback::RIOT::2026-04-29_1942,RIOT,multi_asset_copytrader,stocks_rsi2_pullback,equity,WON,2026-04-29 19:42:22,2026-05-01 19:42:22,48,0.05,TP_HIT_REPLAY,LONG,YES
multi_asset_forex_carry_momentum::USDJPY=X::2026-04-29_1942,USDJPY=X,multi_asset_copytrader,forex_carry_momentum,forex,LOST,2026-04-29 19:42:20,2026-05-02 07:42:20,60,-0.005,SL_HIT_REPLAY,LONG,YES
cta_cross_asset_tsmom::NZDUSD=X::2026-04-29_1804,NZDUSD=X,cta_replicator,cta_cross_asset_tsmom,forex,LOST,2026-04-29 18:04:19,2026-05-02 06:04:19,60,-0.002,SL_HIT_REPLAY,LONG,YES
multi_asset_futures_momentum::PL=F::2026-04-29_1803,PL=F,multi_asset_copytrader,futures_momentum,commodity,LOST,2026-04-29 18:03:47,2026-05-01 18:03:47,48,-0.03,SL_HIT_REPLAY,SHORT,YES
multi_asset_futures_momentum::SI=F::2026-04-29_1803,SI=F,multi_asset_copytrader,futures_momentum,commodity,LOST,2026-04-29 18:03:47,2026-05-01 18:03:47,48,-0.03,SL_HIT_REPLAY,SHORT,YES
multi_asset_ig_contrarian_sentiment::AUDUSD=X::2026-04-29_16,AUDUSD=X,multi_asset_copytrader,ig_contrarian_sentiment,forex,LOST,2026-04-29 16:11:56,2026-05-02 04:11:56,60,-0.005,SL_HIT_REPLAY,SHORT,YES
cta_cross_asset_tsmom::NZDUSD=X::2026-04-29_1521,NZDUSD=X,cta_replicator,cta_cross_asset_tsmom,forex,WON,2026-04-29 15:21:17,2026-05-02 03:21:17,60,0.003,TP_HIT_REPLAY,LONG,YES
multi_asset_futures_momentum::PL=F::2026-04-29_1520,PL=F,multi_asset_copytrader,futures_momentum,commodity,LOST,2026-04-29 15:20:48,2026-05-01 15:20:48,48,-0.03,SL_HIT_REPLAY,SHORT,YES
multi_asset_futures_momentum::SI=F::2026-04-29_1520,SI=F,multi_asset_copytrader,futures_momentum,commodity,LOST,2026-04-29 15:20:48,2026-05-01 15:20:48,48,-0.03,SL_HIT_REPLAY,SHORT,YES
fx_smart_4a95172ee94a,NZDUSD=X,alpha_engine,fx_smart_carry_trade_momentum,forex,LOST,2026-04-29 14:43:59,2026-05-02 02:43:59,60,-0.003,SL_HIT_REPLAY,LONG,YES
fx_smart_4f990f59c857,USDJPY=X,alpha_engine,fx_smart_carry_trade_momentum,forex,WON,2026-04-29 14:43:59,2026-05-02 02:43:59,60,0.005,TP_HIT_REPLAY,LONG,YES
fx_smart_6557cc60da98,AUDUSD=X,alpha_engine,fx_smart_carry_trade_momentum,forex,LOST,2026-04-29 14:43:59,2026-05-02 02:43:59,60,-0.003,SL_HIT_REPLAY,LONG,YES
fx_smart_878b40240634,USDJPY=X,alpha_engine,fx_smart_forex_rsi2_mean_reversion,forex,WON,2026-04-29 14:43:59,2026-05-02 02:43:59,60,0.005,TP_HIT_REPLAY,LONG,YES
cta_cross_asset_tsmom::NZDUSD=X::2026-04-29_1308,NZDUSD=X,cta_replicator,cta_cross_asset_tsmom,forex,LOST,2026-04-29 13:08:06,2026-05-02 01:08:06,60,-0.002,SL_HIT_REPLAY,LONG,YES
multi_asset_stocks_rsi2_pullback::RIOT::2026-04-29_1307,RIOT,multi_asset_copytrader,stocks_rsi2_pullback,equity,LOST,2026-04-29 13:07:35,2026-05-01 13:07:35,48,-0.03,SL_HIT_REPLAY,LONG,YES
cta_cross_asset_tsmom::NZDUSD=X::2026-04-29_1111,NZDUSD=X,cta_replicator,cta_cross_asset_tsmom,forex,WON,2026-04-29 11:11:47,2026-05-01 23:11:47,60,0.003,TP_HIT_REPLAY,LONG,YES
multi_asset_cftc_cot_commercial_signal::CT=F::2026-04-29_111,CT=F,multi_asset_copytrader,cftc_cot_commercial_signal,commodity,WON,2026-04-29 11:11:44,2026-05-01 11:11:44,48,0.0549,TP_HIT_REPLAY,SHORT,YES
multi_asset_cot_positioning::CT=F::2026-04-29_1111,CT=F,multi_asset_cot,cot_positioning,commodity,WON,2026-04-29 11:11:17,2026-05-01 11:11:17,48,0.0549,TP_HIT_REPLAY,SHORT,YES
cta_cross_asset_tsmom::NZDUSD=X::2026-04-29_0922,NZDUSD=X,cta_replicator,cta_cross_asset_tsmom,forex,WON,2026-04-29 09:22:02,2026-05-01 21:22:02,60,0.003,TP_HIT_REPLAY,LONG,YES
multi_asset_cftc_cot_commercial_signal::CT=F::2026-04-29_092,CT=F,multi_asset_copytrader,cftc_cot_commercial_signal,commodity,WON,2026-04-29 09:21:58,2026-05-01 09:21:58,48,0.0547,TP_HIT_REPLAY,SHORT,YES
multi_asset_cot_positioning::CT=F::2026-04-29_0921,CT=F,multi_asset_cot,cot_positioning,commodity,WON,2026-04-29 09:21:23,2026-05-01 09:21:23,48,0.0547,TP_HIT_REPLAY,SHORT,YES
cta_cross_asset_tsmom::CL=F::2026-04-29_0723,CL=F,cta_replicator,cta_cross_asset_tsmom,commodity,LOST,2026-04-29 07:23:02,2026-05-01 07:23:02,48,-0.03,SL_HIT_REPLAY,SHORT,YES
multi_asset_cftc_cot_commercial_signal::CT=F::2026-04-29_072,CT=F,multi_asset_copytrader,cftc_cot_commercial_signal,commodity,WON,2026-04-29 07:23:00,2026-05-01 07:23:00,48,0.0384,TP_HIT_REPLAY,SHORT,YES
multi_asset_cot_positioning::CT=F::2026-04-29_0722,CT=F,multi_asset_cot,cot_positioning,commodity,WON,2026-04-29 07:22:34,2026-05-01 07:22:34,48,0.0384,TP_HIT_REPLAY,SHORT,YES
cta_cross_asset_tsmom::NZDUSD=X::2026-04-29_0605,NZDUSD=X,cta_replicator,cta_cross_asset_tsmom,forex,WON,2026-04-29 06:05:57,2026-05-01 18:05:57,60,0.003,TP_HIT_REPLAY,LONG,YES
cta_cross_asset_tsmom::NZDUSD=X::2026-04-29_0318,NZDUSD=X,cta_replicator,cta_cross_asset_tsmom,forex,WON,2026-04-29 03:18:41,2026-05-01 15:18:41,60,0.003,TP_HIT_REPLAY,LONG,YES
cta_cross_asset_tsmom::NZDUSD=X::2026-04-29_0146,NZDUSD=X,cta_replicator,cta_cross_asset_tsmom,forex,LOST,2026-04-29 01:46:36,2026-05-01 13:46:36,60,-0.002,SL_HIT_REPLAY,LONG,YES
cta_cross_asset_tsmom::NZDUSD=X::2026-04-28_2327,NZDUSD=X,cta_replicator,cta_cross_asset_tsmom,forex,LOST,2026-04-28 23:27:11,2026-05-01 11:27:11,60,-0.002,SL_HIT_REPLAY,LONG,YES
cta_cross_asset_tsmom::USDJPY=X::2026-04-28_2327,USDJPY=X,cta_replicator,cta_cross_asset_tsmom,forex,WON,2026-04-28 23:27:11,2026-05-01 11:27:11,60,0.003,TP_HIT_REPLAY,SHORT,YES
multi_asset_myfxbook_retail_contrarian::USDCAD=X::2026-04-28,USDCAD=X,multi_asset_copytrader,myfxbook_retail_contrarian,forex,LOST,2026-04-28 23:27:02,2026-05-01 11:27:02,60,-0.0049,SL_HIT_REPLAY,LONG,YES
multi_asset_cftc_cot_commercial_signal::CT=F::2026-04-28_232,CT=F,multi_asset_copytrader,cftc_cot_commercial_signal,commodity,WON,2026-04-28 23:27:01,2026-04-30 23:27:01,48,0.0593,TP_HIT_REPLAY,SHORT,YES
multi_asset_ig_contrarian_sentiment::USDCAD=X::2026-04-28_23,USDCAD=X,multi_asset_copytrader,ig_contrarian_sentiment,forex,LOST,2026-04-28 23:26:45,2026-05-01 11:26:45,60,-0.0039,SL_HIT_REPLAY,LONG,YES
multi_asset_cot_positioning::CT=F::2026-04-28_2326,CT=F,multi_asset_cot,cot_positioning,commodity,WON,2026-04-28 23:26:35,2026-04-30 23:26:35,48,0.0593,TP_HIT_REPLAY,SHORT,YES
multi_asset_futures_momentum::ZW=F::2026-04-28_2326,ZW=F,multi_asset_copytrader,futures_momentum,commodity,LOST,2026-04-28 23:26:35,2026-04-30 23:26:35,48,-0.03,SL_HIT_REPLAY,LONG,YES
multi_asset_stocks_rsi2_pullback::AMD::2026-04-28_2326,AMD,multi_asset_copytrader,stocks_rsi2_pullback,equity,LOST,2026-04-28 23:26:35,2026-04-30 23:26:35,48,-0.03,SL_HIT_REPLAY,LONG,YES
multi_asset_stocks_rsi2_pullback::RIOT::2026-04-28_2326,RIOT,multi_asset_copytrader,stocks_rsi2_pullback,equity,WON,2026-04-28 23:26:35,2026-04-30 23:26:35,48,0.05,TP_HIT_REPLAY,LONG,YES
multi_asset_cftc_cot_commercial_signal::CT=F::2026-04-28_222,CT=F,multi_asset_copytrader,cftc_cot_commercial_signal,commodity,WON,2026-04-28 22:28:56,2026-04-30 22:28:56,48,0.0618,TP_HIT_REPLAY,SHORT,YES
multi_asset_cot_positioning::CT=F::2026-04-28_2228,CT=F,multi_asset_cot,cot_positioning,commodity,WON,2026-04-28 22:28:24,2026-04-30 22:28:24,48,0.0618,TP_HIT_REPLAY,SHORT,YES
multi_asset_futures_momentum::ZW=F::2026-04-28_2228,ZW=F,multi_asset_copytrader,futures_momentum,commodity,LOST,2026-04-28 22:28:24,2026-04-30 22:28:24,48,-0.03,SL_HIT_REPLAY,LONG,YES
multi_asset_stocks_rsi2_pullback::AMD::2026-04-28_2228,AMD,multi_asset_copytrader,stocks_rsi2_pullback,equity,LOST,2026-04-28 22:28:24,2026-04-30 22:28:24,48,-0.03,SL_HIT_REPLAY,LONG,YES
multi_asset_stocks_rsi2_pullback::RIOT::2026-04-28_2228,RIOT,multi_asset_copytrader,stocks_rsi2_pullback,equity,WON,2026-04-28 22:28:24,2026-04-30 22:28:24,48,0.05,TP_HIT_REPLAY,LONG,YES
cta_cross_asset_tsmom::NZDUSD=X::2026-04-28_2132,NZDUSD=X,cta_replicator,cta_cross_asset_tsmom,forex,LOST,2026-04-28 21:32:34,2026-05-01 09:32:34,60,-0.002,SL_HIT_REPLAY,LONG,YES
cta_cross_asset_tsmom::USDJPY=X::2026-04-28_2132,USDJPY=X,cta_replicator,cta_cross_asset_tsmom,forex,WON,2026-04-28 21:32:34,2026-05-01 09:32:34,60,0.003,TP_HIT_REPLAY,SHORT,YES
multi_asset_cftc_cot_commercial_signal::CT=F::2026-04-28_213,CT=F,multi_asset_copytrader,cftc_cot_commercial_signal,commodity,WON,2026-04-28 21:32:31,2026-04-30 21:32:31,48,0.0618,TP_HIT_REPLAY,SHORT,YES
multi_asset_ig_contrarian_sentiment::USDCAD=X::2026-04-28_21,USDCAD=X,multi_asset_copytrader,ig_contrarian_sentiment,forex,LOST,2026-04-28 21:32:09,2026-05-01 09:32:09,60,-0.0039,SL_HIT_REPLAY,LONG,YES
multi_asset_cot_positioning::CT=F::2026-04-28_2132,CT=F,multi_asset_cot,cot_positioning,commodity,WON,2026-04-28 21:32:00,2026-04-30 21:32:00,48,0.0618,TP_HIT_REPLAY,SHORT,YES
multi_asset_stocks_rsi2_pullback::AMD::2026-04-28_2132,AMD,multi_asset_copytrader,stocks_rsi2_pullback,equity,LOST,2026-04-28 21:32:00,2026-04-30 21:32:00,48,-0.03,SL_HIT_REPLAY,LONG,YES
multi_asset_stocks_rsi2_pullback::RIOT::2026-04-28_2132,RIOT,multi_asset_copytrader,stocks_rsi2_pullback,equity,WON,2026-04-28 21:32:00,2026-04-30 21:32:00,48,0.05,TP_HIT_REPLAY,LONG,YES
multi_asset_futures_momentum::ZW=F::2026-04-28_2131,ZW=F,multi_asset_copytrader,futures_momentum,commodity,LOST,2026-04-28 21:31:59,2026-04-30 21:31:59,48,-0.03,SL_HIT_REPLAY,LONG,YES
cta_cross_asset_tsmom::NZDUSD=X::2026-04-28_2005,NZDUSD=X,cta_replicator,cta_cross_asset_tsmom,forex,LOST,2026-04-28 20:05:48,2026-05-01 08:05:48,60,-0.002,SL_HIT_REPLAY,LONG,YES
cta_cross_asset_tsmom::USDJPY=X::2026-04-28_2005,USDJPY=X,cta_replicator,cta_cross_asset_tsmom,forex,WON,2026-04-28 20:05:48,2026-05-01 08:05:48,60,0.003,TP_HIT_REPLAY,SHORT,YES
multi_asset_cftc_cot_commercial_signal::CT=F::2026-04-28_200,CT=F,multi_asset_copytrader,cftc_cot_commercial_signal,commodity,WON,2026-04-28 20:05:45,2026-04-30 20:05:45,48,0.0593,TP_HIT_REPLAY,SHORT,YES
multi_asset_myfxbook_retail_contrarian::USDCAD=X::2026-04-28,USDCAD=X,multi_asset_copytrader,myfxbook_retail_contrarian,forex,LOST,2026-04-28 20:05:45,2026-05-01 08:05:45,60,-0.0049,SL_HIT_REPLAY,LONG,YES
multi_asset_ig_contrarian_sentiment::NZDUSD=X::2026-04-28_20,NZDUSD=X,multi_asset_copytrader,ig_contrarian_sentiment,forex,LOST,2026-04-28 20:05:28,2026-05-01 08:05:28,60,-0.005,SL_HIT_REPLAY,SHORT,YES
multi_asset_ig_contrarian_sentiment::USDCAD=X::2026-04-28_20,USDCAD=X,multi_asset_copytrader,ig_contrarian_sentiment,forex,LOST,2026-04-28 20:05:28,2026-05-01 08:05:28,60,-0.0039,SL_HIT_REPLAY,LONG,YES
multi_asset_cot_positioning::CT=F::2026-04-28_2005,CT=F,multi_asset_cot,cot_positioning,commodity,WON,2026-04-28 20:05:14,2026-04-30 20:05:14,48,0.0593,TP_HIT_REPLAY,SHORT,YES
multi_asset_futures_momentum::ZW=F::2026-04-28_2005,ZW=F,multi_asset_copytrader,futures_momentum,commodity,LOST,2026-04-28 20:05:14,2026-04-30 20:05:14,48,-0.03,SL_HIT_REPLAY,LONG,YES
multi_asset_stocks_rsi2_pullback::AMD::2026-04-28_2005,AMD,multi_asset_copytrader,stocks_rsi2_pullback,equity,LOST,2026-04-28 20:05:14,2026-04-30 20:05:14,48,-0.03,SL_HIT_REPLAY,LONG,YES
multi_asset_stocks_rsi2_pullback::RIOT::2026-04-28_2005,RIOT,multi_asset_copytrader,stocks_rsi2_pullback,equity,WON,2026-04-28 20:05:14,2026-04-30 20:05:14,48,0.05,TP_HIT_REPLAY,LONG,YES
multi_asset_forex_rsi2_mean_reversion::NZDUSD=X::2026-04-28_,NZDUSD=X,multi_asset_copytrader,forex_rsi2_mean_reversion,forex,LOST,2026-04-28 20:05:12,2026-05-01 08:05:12,60,-0.005,SL_HIT_REPLAY,SHORT,YES
cta_cross_asset_tsmom::NZDUSD=X::2026-04-28_1908,NZDUSD=X,cta_replicator,cta_cross_asset_tsmom,forex,LOST,2026-04-28 19:08:24,2026-05-01 07:08:24,60,-0.002,SL_HIT_REPLAY,LONG,YES
cta_cross_asset_tsmom::USDJPY=X::2026-04-28_1908,USDJPY=X,cta_replicator,cta_cross_asset_tsmom,forex,WON,2026-04-28 19:08:24,2026-05-01 07:08:24,60,0.003,TP_HIT_REPLAY,SHORT,YES
multi_asset_myfxbook_retail_contrarian::USDCAD=X::2026-04-28,USDCAD=X,multi_asset_copytrader,myfxbook_retail_contrarian,forex,LOST,2026-04-28 19:08:06,2026-05-01 07:08:06,60,-0.0049,SL_HIT_REPLAY,LONG,YES
multi_asset_cftc_cot_commercial_signal::CT=F::2026-04-28_190,CT=F,multi_asset_copytrader,cftc_cot_commercial_signal,commodity,WON,2026-04-28 19:08:05,2026-04-30 19:08:05,48,0.0593,TP_HIT_REPLAY,SHORT,YES
multi_asset_ig_contrarian_sentiment::NZDUSD=X::2026-04-28_19,NZDUSD=X,multi_asset_copytrader,ig_contrarian_sentiment,forex,LOST,2026-04-28 19:07:44,2026-05-01 07:07:44,60,-0.005,SL_HIT_REPLAY,SHORT,YES
multi_asset_ig_contrarian_sentiment::USDCAD=X::2026-04-28_19,USDCAD=X,multi_asset_copytrader,ig_contrarian_sentiment,forex,LOST,2026-04-28 19:07:44,2026-05-01 07:07:44,60,-0.0039,SL_HIT_REPLAY,LONG,YES
multi_asset_cot_positioning::CT=F::2026-04-28_1907,CT=F,multi_asset_cot,cot_positioning,commodity,WON,2026-04-28 19:07:28,2026-04-30 19:07:28,48,0.0593,TP_HIT_REPLAY,SHORT,YES
multi_asset_futures_momentum::ZW=F::2026-04-28_1907,ZW=F,multi_asset_copytrader,futures_momentum,commodity,LOST,2026-04-28 19:07:28,2026-04-30 19:07:28,48,-0.03,SL_HIT_REPLAY,LONG,YES
multi_asset_stocks_rsi2_pullback::AMD::2026-04-28_1907,AMD,multi_asset_copytrader,stocks_rsi2_pullback,equity,LOST,2026-04-28 19:07:28,2026-04-30 19:07:28,48,-0.03,SL_HIT_REPLAY,LONG,YES
multi_asset_stocks_rsi2_pullback::PFE::2026-04-28_1907,PFE,multi_asset_copytrader,stocks_rsi2_pullback,equity,WON,2026-04-28 19:07:28,2026-04-30 19:07:28,48,0.0413,TP_HIT_REPLAY,LONG,YES
multi_asset_stocks_rsi2_pullback::RIOT::2026-04-28_1907,RIOT,multi_asset_copytrader,stocks_rsi2_pullback,equity,WON,2026-04-28 19:07:28,2026-04-30 19:07:28,48,0.05,TP_HIT_REPLAY,LONG,YES
multi_asset_forex_carry_momentum::AUDJPY=X::2026-04-28_1907,AUDJPY=X,multi_asset_copytrader,forex_carry_momentum,forex,LOST,2026-04-28 19:07:26,2026-05-01 07:07:26,60,-0.005,SL_HIT_REPLAY,LONG,YES
multi_asset_forex_rsi2_mean_reversion::NZDUSD=X::2026-04-28_,NZDUSD=X,multi_asset_copytrader,forex_rsi2_mean_reversion,forex,LOST,2026-04-28 19:07:26,2026-05-01 07:07:26,60,-0.005,SL_HIT_REPLAY,SHORT,YES
cta_cross_asset_tsmom::NZDUSD=X::2026-04-28_1808,NZDUSD=X,cta_replicator,cta_cross_asset_tsmom,forex,LOST,2026-04-28 18:08:31,2026-05-01 06:08:31,60,-0.002,SL_HIT_REPLAY,LONG,YES
cta_cross_asset_tsmom::USDJPY=X::2026-04-28_1808,USDJPY=X,cta_replicator,cta_cross_asset_tsmom,forex,WON,2026-04-28 18:08:31,2026-05-01 06:08:31,60,0.003,TP_HIT_REPLAY,SHORT,YES
multi_asset_cftc_cot_commercial_signal::CT=F::2026-04-28_180,CT=F,multi_asset_copytrader,cftc_cot_commercial_signal,commodity,WON,2026-04-28 18:08:13,2026-04-30 18:08:13,48,0.0618,TP_HIT_REPLAY,SHORT,YES
multi_asset_myfxbook_retail_contrarian::USDCAD=X::2026-04-28,USDCAD=X,multi_asset_copytrader,myfxbook_retail_contrarian,forex,LOST,2026-04-28 18:08:13,2026-05-01 06:08:13,60,-0.0049,SL_HIT_REPLAY,LONG,YES
multi_asset_ig_contrarian_sentiment::NZDUSD=X::2026-04-28_18,NZDUSD=X,multi_asset_copytrader,ig_contrarian_sentiment,forex,LOST,2026-04-28 18:07:50,2026-05-01 06:07:50,60,-0.005,SL_HIT_REPLAY,SHORT,YES
multi_asset_ig_contrarian_sentiment::USDCAD=X::2026-04-28_18,USDCAD=X,multi_asset_copytrader,ig_contrarian_sentiment,forex,LOST,2026-04-28 18:07:50,2026-05-01 06:07:50,60,-0.0039,SL_HIT_REPLAY,LONG,YES
multi_asset_cot_positioning::CT=F::2026-04-28_1807,CT=F,multi_asset_cot,cot_positioning,commodity,WON,2026-04-28 18:07:40,2026-04-30 18:07:40,48,0.0618,TP_HIT_REPLAY,SHORT,YES
multi_asset_futures_momentum::ZW=F::2026-04-28_1807,ZW=F,multi_asset_copytrader,futures_momentum,commodity,LOST,2026-04-28 18:07:40,2026-04-30 18:07:40,48,-0.03,SL_HIT_REPLAY,LONG,YES
multi_asset_stocks_rsi2_pullback::AMD::2026-04-28_1807,AMD,multi_asset_copytrader,stocks_rsi2_pullback,equity,LOST,2026-04-28 18:07:40,2026-04-30 18:07:40,48,-0.03,SL_HIT_REPLAY,LONG,YES
multi_asset_forex_rsi2_mean_reversion::NZDUSD=X::2026-04-28_,NZDUSD=X,multi_asset_copytrader,forex_rsi2_mean_reversion,forex,LOST,2026-04-28 18:07:39,2026-05-01 06:07:39,60,-0.005,SL_HIT_REPLAY,SHORT,YES
cta_cross_asset_tsmom::NZDUSD=X::2026-04-28_1710,NZDUSD=X,cta_replicator,cta_cross_asset_tsmom,forex,LOST,2026-04-28 17:10:13,2026-05-01 05:10:13,60,-0.002,SL_HIT_REPLAY,LONG,YES
cta_cross_asset_tsmom::USDJPY=X::2026-04-28_1710,USDJPY=X,cta_replicator,cta_cross_asset_tsmom,forex,WON,2026-04-28 17:10:13,2026-05-01 05:10:13,60,0.003,TP_HIT_REPLAY,SHORT,YES
multi_asset_myfxbook_retail_contrarian::USDCAD=X::2026-04-28,USDCAD=X,multi_asset_copytrader,myfxbook_retail_contrarian,forex,LOST,2026-04-28 17:10:11,2026-05-01 05:10:11,60,-0.0049,SL_HIT_REPLAY,LONG,YES
multi_asset_cftc_cot_commercial_signal::CT=F::2026-04-28_171,CT=F,multi_asset_copytrader,cftc_cot_commercial_signal,commodity,WON,2026-04-28 17:10:10,2026-04-30 17:10:10,48,0.0593,TP_HIT_REPLAY,SHORT,YES
multi_asset_ig_contrarian_sentiment::USDCAD=X::2026-04-28_17,USDCAD=X,multi_asset_copytrader,ig_contrarian_sentiment,forex,LOST,2026-04-28 17:09:53,2026-05-01 05:09:53,60,-0.0039,SL_HIT_REPLAY,LONG,YES
multi_asset_cot_positioning::CT=F::2026-04-28_1709,CT=F,multi_asset_cot,cot_positioning,commodity,WON,2026-04-28 17:09:41,2026-04-30 17:09:41,48,0.0593,TP_HIT_REPLAY,SHORT,YES
multi_asset_futures_momentum::ZW=F::2026-04-28_1709,ZW=F,multi_asset_copytrader,futures_momentum,commodity,LOST,2026-04-28 17:09:41,2026-04-30 17:09:41,48,-0.03,SL_HIT_REPLAY,LONG,YES
multi_asset_stocks_rsi2_pullback::AMD::2026-04-28_1709,AMD,multi_asset_copytrader,stocks_rsi2_pullback,equity,LOST,2026-04-28 17:09:41,2026-04-30 17:09:41,48,-0.03,SL_HIT_REPLAY,LONG,YES
multi_asset_forex_rsi2_mean_reversion::NZDUSD=X::2026-04-28_,NZDUSD=X,multi_asset_copytrader,forex_rsi2_mean_reversion,forex,LOST,2026-04-28 17:09:39,2026-05-01 05:09:39,60,-0.005,SL_HIT_REPLAY,SHORT,YES
cta_cross_asset_tsmom::NZDUSD=X::2026-04-28_1619,NZDUSD=X,cta_replicator,cta_cross_asset_tsmom,forex,LOST,2026-04-28 16:19:48,2026-05-01 04:19:48,60,-0.002,SL_HIT_REPLAY,LONG,YES
cta_cross_asset_tsmom::USDJPY=X::2026-04-28_1619,USDJPY=X,cta_replicator,cta_cross_asset_tsmom,forex,WON,2026-04-28 16:19:48,2026-05-01 04:19:48,60,0.003,TP_HIT_REPLAY,SHORT,YES
multi_asset_myfxbook_retail_contrarian::USDCAD=X::2026-04-28,USDCAD=X,multi_asset_copytrader,myfxbook_retail_contrarian,forex,LOST,2026-04-28 16:19:46,2026-05-01 04:19:46,60,-0.0049,SL_HIT_REPLAY,LONG,YES
multi_asset_cftc_cot_commercial_signal::CT=F::2026-04-28_161,CT=F,multi_asset_copytrader,cftc_cot_commercial_signal,commodity,WON,2026-04-28 16:19:45,2026-04-30 16:19:45,48,0.0593,TP_HIT_REPLAY,SHORT,YES
multi_asset_ig_contrarian_sentiment::NZDUSD=X::2026-04-28_16,NZDUSD=X,multi_asset_copytrader,ig_contrarian_sentiment,forex,LOST,2026-04-28 16:19:27,2026-05-01 04:19:27,60,-0.005,SL_HIT_REPLAY,SHORT,YES
multi_asset_ig_contrarian_sentiment::USDCAD=X::2026-04-28_16,USDCAD=X,multi_asset_copytrader,ig_contrarian_sentiment,forex,LOST,2026-04-28 16:19:27,2026-05-01 04:19:27,60,-0.0039,SL_HIT_REPLAY,LONG,YES
multi_asset_cot_positioning::CT=F::2026-04-28_1619,CT=F,multi_asset_cot,cot_positioning,commodity,WON,2026-04-28 16:19:16,2026-04-30 16:19:16,48,0.0593,TP_HIT_REPLAY,SHORT,YES
multi_asset_stocks_rsi2_pullback::AMD::2026-04-28_1619,AMD,multi_asset_copytrader,stocks_rsi2_pullback,equity,LOST,2026-04-28 16:19:16,2026-04-30 16:19:16,48,-0.03,SL_HIT_REPLAY,LONG,YES
multi_asset_forex_rsi2_mean_reversion::NZDUSD=X::2026-04-28_,NZDUSD=X,multi_asset_copytrader,forex_rsi2_mean_reversion,forex,LOST,2026-04-28 16:19:14,2026-05-01 04:19:14,60,-0.005,SL_HIT_REPLAY,SHORT,YES
multi_asset_forex_rsi2_mean_reversion::USDCAD=X::2026-04-28_,USDCAD=X,multi_asset_copytrader,forex_rsi2_mean_reversion,forex,LOST,2026-04-28 16:19:14,2026-05-01 04:19:14,60,-0.0049,SL_HIT_REPLAY,LONG,YES
cta_cross_asset_tsmom::NZDUSD=X::2026-04-28_1421,NZDUSD=X,cta_replicator,cta_cross_asset_tsmom,forex,LOST,2026-04-28 14:21:54,2026-05-01 02:21:54,60,-0.002,SL_HIT_REPLAY,LONG,YES
cta_cross_asset_tsmom::USDJPY=X::2026-04-28_1421,USDJPY=X,cta_replicator,cta_cross_asset_tsmom,forex,WON,2026-04-28 14:21:54,2026-05-01 02:21:54,60,0.003,TP_HIT_REPLAY,SHORT,YES
multi_asset_cftc_cot_commercial_signal::CT=F::2026-04-28_142,CT=F,multi_asset_copytrader,cftc_cot_commercial_signal,commodity,WON,2026-04-28 14:21:51,2026-04-30 14:21:51,48,0.0616,TP_HIT_REPLAY,SHORT,YES
multi_asset_ig_contrarian_sentiment::USDCAD=X::2026-04-28_14,USDCAD=X,multi_asset_copytrader,ig_contrarian_sentiment,forex,LOST,2026-04-28 14:21:28,2026-05-01 02:21:28,60,-0.0039,SL_HIT_REPLAY,LONG,YES
multi_asset_cot_positioning::CT=F::2026-04-28_1421,CT=F,multi_asset_cot,cot_positioning,commodity,WON,2026-04-28 14:21:14,2026-04-30 14:21:14,48,0.0616,TP_HIT_REPLAY,SHORT,YES
multi_asset_futures_momentum::SI=F::2026-04-28_1421,SI=F,multi_asset_copytrader,futures_momentum,commodity,LOST,2026-04-28 14:21:14,2026-04-30 14:21:14,48,-0.03,SL_HIT_REPLAY,SHORT,YES
multi_asset_stocks_rsi2_pullback::AMD::2026-04-28_1421,AMD,multi_asset_copytrader,stocks_rsi2_pullback,equity,LOST,2026-04-28 14:21:14,2026-04-30 14:21:14,48,-0.03,SL_HIT_REPLAY,LONG,YES
multi_asset_stocks_rsi2_pullback::RIOT::2026-04-28_1421,RIOT,multi_asset_copytrader,stocks_rsi2_pullback,equity,LOST,2026-04-28 14:21:14,2026-04-30 14:21:14,48,-0.03,SL_HIT_REPLAY,LONG,YES
multi_asset_forex_rsi2_mean_reversion::NZDUSD=X::2026-04-28_,NZDUSD=X,multi_asset_copytrader,forex_rsi2_mean_reversion,forex,LOST,2026-04-28 14:21:11,2026-05-01 02:21:11,60,-0.005,SL_HIT_REPLAY,SHORT,YES
multi_asset_futures_momentum::SI=F::2026-04-28_1209,SI=F,multi_asset_copytrader,futures_momentum,commodity,LOST,2026-04-28 12:09:52,2026-04-30 12:09:52,48,-0.03,SL_HIT_REPLAY,SHORT,YES
cta_cross_asset_tsmom::NZDUSD=X::2026-04-28_1117,NZDUSD=X,cta_replicator,cta_cross_asset_tsmom,forex,WON,2026-04-28 11:17:22,2026-04-30 23:17:22,60,0.003,TP_HIT_REPLAY,LONG,YES
cta_cross_asset_tsmom::USDJPY=X::2026-04-28_1117,USDJPY=X,cta_replicator,cta_cross_asset_tsmom,forex,WON,2026-04-28 11:17:22,2026-04-30 23:17:22,60,0.003,TP_HIT_REPLAY,SHORT,YES
multi_asset_cftc_cot_commercial_signal::CT=F::2026-04-28_111,CT=F,multi_asset_copytrader,cftc_cot_commercial_signal,commodity,WON,2026-04-28 11:17:19,2026-04-30 11:17:19,48,0.0619,TP_HIT_REPLAY,SHORT,YES
multi_asset_ig_contrarian_sentiment::EURGBP=X::2026-04-28_11,EURGBP=X,multi_asset_copytrader,ig_contrarian_sentiment,forex,LOST,2026-04-28 11:16:57,2026-04-30 23:16:57,60,-0.0022,SL_HIT_REPLAY,LONG,YES
multi_asset_ig_contrarian_sentiment::USDCAD=X::2026-04-28_11,USDCAD=X,multi_asset_copytrader,ig_contrarian_sentiment,forex,LOST,2026-04-28 11:16:57,2026-04-30 23:16:57,60,-0.0038,SL_HIT_REPLAY,LONG,YES
multi_asset_cot_positioning::CT=F::2026-04-28_1116,CT=F,multi_asset_cot,cot_positioning,commodity,WON,2026-04-28 11:16:45,2026-04-30 11:16:45,48,0.0619,TP_HIT_REPLAY,SHORT,YES
multi_asset_forex_rsi2_mean_reversion::NZDUSD=X::2026-04-28_,NZDUSD=X,multi_asset_copytrader,forex_rsi2_mean_reversion,forex,LOST,2026-04-28 11:16:43,2026-04-30 23:16:43,60,-0.005,SL_HIT_REPLAY,SHORT,YES
cta_cross_asset_tsmom::NZDUSD=X::2026-04-28_0922,NZDUSD=X,cta_replicator,cta_cross_asset_tsmom,forex,WON,2026-04-28 09:22:46,2026-04-30 21:22:46,60,0.003,TP_HIT_REPLAY,LONG,YES
cta_cross_asset_tsmom::USDJPY=X::2026-04-28_0922,USDJPY=X,cta_replicator,cta_cross_asset_tsmom,forex,WON,2026-04-28 09:22:46,2026-04-30 21:22:46,60,0.003,TP_HIT_REPLAY,SHORT,YES
multi_asset_cot_positioning::CT=F::2026-04-28_0922,CT=F,multi_asset_cot,cot_positioning,commodity,WON,2026-04-28 09:22:10,2026-04-30 09:22:10,48,0.0596,TP_HIT_REPLAY,SHORT,YES
cta_cross_asset_tsmom::NZDUSD=X::2026-04-28_0822,NZDUSD=X,cta_replicator,cta_cross_asset_tsmom,forex,WON,2026-04-28 08:22:34,2026-04-30 20:22:34,60,0.003,TP_HIT_REPLAY,LONG,YES
cta_cross_asset_tsmom::USDJPY=X::2026-04-28_0822,USDJPY=X,cta_replicator,cta_cross_asset_tsmom,forex,WON,2026-04-28 08:22:34,2026-04-30 20:22:34,60,0.003,TP_HIT_REPLAY,SHORT,YES
multi_asset_cftc_cot_commercial_signal::CT=F::2026-04-28_082,CT=F,multi_asset_copytrader,cftc_cot_commercial_signal,commodity,WON,2026-04-28 08:22:32,2026-04-30 08:22:32,48,0.0596,TP_HIT_REPLAY,SHORT,YES
multi_asset_cot_positioning::CT=F::2026-04-28_0822,CT=F,multi_asset_cot,cot_positioning,commodity,WON,2026-04-28 08:22:06,2026-04-30 08:22:06,48,0.0596,TP_HIT_REPLAY,SHORT,YES
cta_cross_asset_tsmom::NZDUSD=X::2026-04-28_0726,NZDUSD=X,cta_replicator,cta_cross_asset_tsmom,forex,WON,2026-04-28 07:26:02,2026-04-30 19:26:02,60,0.003,TP_HIT_REPLAY,LONG,YES
cta_cross_asset_tsmom::NZDUSD=X::2026-04-28_0445,NZDUSD=X,cta_replicator,cta_cross_asset_tsmom,forex,LOST,2026-04-28 04:45:47,2026-04-30 16:45:47,60,-0.002,SL_HIT_REPLAY,LONG,YES
cta_cross_asset_tsmom::USDJPY=X::2026-04-28_0445,USDJPY=X,cta_replicator,cta_cross_asset_tsmom,forex,LOST,2026-04-28 04:45:47,2026-04-30 16:45:47,60,-0.002,SL_HIT_REPLAY,SHORT,YES
multi_asset_cftc_cot_commercial_signal::CT=F::2026-04-28_044,CT=F,multi_asset_copytrader,cftc_cot_commercial_signal,commodity,LOST,2026-04-28 04:45:45,2026-04-30 04:45:45,48,-0.0311,SL_HIT,SHORT,YES
multi_asset_cot_positioning::CT=F::2026-04-28_0445,CT=F,multi_asset_cot,cot_positioning,commodity,LOST,2026-04-28 04:45:17,2026-04-30 04:45:17,48,-0.0311,SL_HIT,SHORT,YES
cc_USDCAD=X_S_202604271634,USDCAD=X,combined_confidence_strategy,combined_confidence,forex,WON,2026-04-27 16:34:48,2026-04-30 04:34:48,60,0.0063,TP_HIT,SHORT,YES
multi_asset_cftc_cot_commercial_signal::CT=F::2026-04-27_072,CT=F,multi_asset_copytrader,cftc_cot_commercial_signal,commodity,LOST,2026-04-27 07:29:28,2026-04-29 07:29:28,48,-0.0321,SL_HIT,SHORT,YES
multi_asset_cot_positioning::CT=F::2026-04-27_0728,CT=F,multi_asset_cot,cot_positioning,commodity,LOST,2026-04-27 07:28:54,2026-04-29 07:28:54,48,-0.0321,SL_HIT,SHORT,YES
cta_cross_asset_tsmom::NZDUSD=X::2026-04-26_2322,NZDUSD=X,cta_replicator,cta_cross_asset_tsmom,forex,WON,2026-04-26 23:22:42,2026-04-29 11:22:42,60,0.003,TP_HIT,LONG,YES
multi_asset_cftc_cot_commercial_signal::CT=F::2026-04-24_065,CT=F,multi_asset_copytrader,cftc_cot_commercial_signal,commodity,LOST,2026-04-24 06:52:18,2026-04-26 06:52:18,48,-0.0333,SL_HIT,SHORT,YES
multi_asset_cot_positioning::CT=F::2026-04-24_0651,CT=F,multi_asset_cot,cot_positioning,commodity,LOST,2026-04-24 06:51:47,2026-04-26 06:51:47,48,-0.0333,SL_HIT,SHORT,YES
multi_asset_myfxbook_retail_contrarian::GBPJPY=X::2026-04-24,GBPJPY=X,prediction_market_agents,myfxbook_retail_contrarian,forex,LOST,2026-04-24 05:20:32,2026-04-26 17:20:32,60,-0.015,SL_HIT,SHORT,YES
multi_asset_cftc_cot_commercial_signal::CT=F::2026-04-24_043,CT=F,multi_asset_copytrader,cftc_cot_commercial_signal,commodity,LOST,2026-04-24 04:37:39,2026-04-26 04:37:39,48,-0.0333,SL_HIT,SHORT,YES
multi_asset_cot_positioning::KC=F::2026-04-23_2325,KC=F,alpha_engine,cot_positioning,commodity,LOST,2026-04-23 23:25:07,2026-04-25 23:25:07,48,-0.01,SL_HIT,LONG,YES
cta_cross_asset_tsmom::NZDUSD=X::2026-04-23_1739,NZDUSD=X,cta_replicator,cta_cross_asset_tsmom,forex,LOST,2026-04-23 17:39:54,2026-04-26 05:39:54,60,-0.002,SL_HIT,LONG,YES
multi_asset_cot_positioning::KC=F::2026-04-23_1546,KC=F,alpha_engine,cot_positioning,commodity,LOST,2026-04-23 15:46:06,2026-04-25 15:46:06,48,-0.01,SL_HIT,LONG,YES
cc_GBPJPY=X_L_202604231141,GBPJPY=X,combined_confidence_strategy,combined_confidence,forex,WON,2026-04-23 11:41:53,2026-04-25 23:41:53,60,0.0034,TP_HIT,LONG,YES
multi_asset_ig_contrarian_sentiment::EURGBP=X::2026-04-24_15,EURGBP=X,ml_crypto_predictor,ig_contrarian_sentiment,crypto,WON,2026-04-23 10:55:22,2026-04-23 22:55:22,12,0.03,TP_HIT,LONG,YES
multi_asset_myfxbook_retail_contrarian::EURGBP=X::2026-04-24,EURGBP=X,ml_crypto_predictor,myfxbook_retail_contrarian,crypto,LOST,2026-04-23 10:55:22,2026-04-23 22:55:22,12,-0.02,SL_HIT,LONG,YES
multi_asset_myfxbook_retail_contrarian::EURGBP=X::2026-04-24,EURGBP=X,ml_crypto_predictor,myfxbook_retail_contrarian,crypto,LOST,2026-04-23 10:55:22,2026-04-23 22:55:22,12,-0.02,SL_HIT,LONG,YES
multi_asset_cot_positioning::KC=F::2026-04-23_0743,KC=F,multi_asset_cot,cot_positioning,commodity,LOST,2026-04-23 07:43:22,2026-04-25 07:43:22,48,-0.0491,SL_HIT,LONG,YES
multi_asset_cftc_cot_commercial_signal::CT=F::2026-04-23_065,CT=F,multi_asset_copytrader,cftc_cot_commercial_signal,commodity,LOST,2026-04-23 06:51:20,2026-04-25 06:51:20,48,-0.0328,SL_HIT,SHORT,YES
multi_asset_cot_positioning::CT=F::2026-04-23_0650,CT=F,multi_asset_cot,cot_positioning,commodity,LOST,2026-04-23 06:50:53,2026-04-25 06:50:53,48,-0.0328,SL_HIT,SHORT,YES
multi_asset_cftc_cot_commercial_signal::CT=F::2026-04-23_043,CT=F,multi_asset_copytrader,cftc_cot_commercial_signal,commodity,LOST,2026-04-23 04:36:37,2026-04-25 04:36:37,48,-0.0328,SL_HIT,SHORT,YES
multi_asset_cot_positioning::CT=F::2026-04-23_0435,CT=F,multi_asset_cot,cot_positioning,commodity,LOST,2026-04-23 04:35:59,2026-04-25 04:35:59,48,-0.0328,SL_HIT,SHORT,YES
cta_cross_asset_tsmom::NZDUSD=X::2026-04-22_1040,NZDUSD=X,cta_replicator,cta_cross_asset_tsmom,forex,LOST,2026-04-22 10:40:18,2026-04-24 22:40:18,60,-0.002,SL_HIT,LONG,YES
multi_asset_cot_positioning::ZW=F::2026-04-21_1443,ZW=F,forex_copy_trader,cot_positioning,commodity,LOST,2026-04-21 13:42:42,2026-04-23 13:42:42,48,-0.005,SL_HIT,SHORT,YES
multi_asset_myfxbook_retail_contrarian::AUDUSD=X::2026-04-21,AUDUSD=X,forex_copy_trader,myfxbook_retail_contrarian,forex,LOST,2026-04-21 04:38:09,2026-04-23 16:38:09,60,-0.0297,TP_HIT,SHORT,YES
multi_asset_ig_contrarian_sentiment::USDCHF=X::2026-04-21_15,USDCHF=X,alpha_engine,ig_contrarian_sentiment,forex,LOST,2026-04-20 20:22:29,2026-04-23 08:22:29,60,-0.021,SL_HIT,LONG,YES
stocks_rsi2_pullback_tight::JNJ::2026-04-22,JNJ,auto_dna_mutation,stocks_rsi2_pullback_tight,equity,LOST,2026-04-20 20:22:29,2026-04-22 20:22:29,48,-0.021,SL_HIT,LONG,YES
multi_asset_myfxbook_retail_contrarian::NZDUSD=X::2026-04-20,NZDUSD=X,forex_copy_trader,myfxbook_retail_contrarian,forex,LOST,2026-04-20 17:31:21,2026-04-23 05:31:21,60,-0.005,SL_HIT,SHORT,YES
fx_smart_142f8c891099,USDJPY=X,alpha_engine,fx_smart_carry_trade_momentum,forex,LOST,2026-04-20 14:33:24,2026-04-23 02:33:24,60,-0.0029,PRICE_RESOLVED,LONG,YES
cta_cross_asset_tsmom::CL=F::2026-04-20_1106,CL=F,cta_replicator,cta_cross_asset_tsmom,commodity,LOST,2026-04-20 11:06:46,2026-04-22 11:06:46,48,-0.03,SL_HIT,SHORT,YES
cta_cross_asset_tsmom::CL=F::2026-04-20_0918,CL=F,cta_replicator,cta_cross_asset_tsmom,commodity,LOST,2026-04-20 09:18:05,2026-04-22 09:18:05,48,-0.03,SL_HIT,SHORT,YES
fx_smart_b49375d6ef82,USDJPY=X,alpha_engine,fx_smart_forex_rsi2_mean_reversion,forex,LOST,2026-04-17 14:26:24,2026-04-20 02:26:24,60,-0.003,SL_HIT,LONG,YES
multi_asset_forex_rsi2_mean_reversion::EURJPY=X::2026-04-17_,EURJPY=X,forex_copy_trader,forex_rsi2_mean_reversion,forex,WON,2026-04-17 09:41:04,2026-04-19 21:41:04,60,0.005,TP_HIT,SHORT,YES
multi_asset_cot_positioning::CT=F::2026-04-17_0650,CT=F,multi_asset_cot,cot_positioning,commodity,LOST,2026-04-17 06:50:25,2026-04-19 06:50:25,48,-0.0293,SL_HIT,SHORT,YES
fx_smart_79af7cc3f77e,USDCAD=X,alpha_engine,fx_smart_carry_trade_momentum,forex,LOST,2026-04-16 14:34:37,2026-04-19 02:34:37,60,-0.003,SL_HIT,LONG,YES
fx_smart_9c513a5efe3b,AUDUSD=X,alpha_engine,fx_smart_carry_trade_momentum,forex,WON,2026-04-16 14:34:37,2026-04-19 02:34:37,60,0.005,TP_HIT,LONG,YES
multi_asset_cot_positioning::CT=F::2026-04-16_0549,CT=F,multi_asset_cot,cot_positioning,commodity,LOST,2026-04-16 05:49:47,2026-04-18 05:49:47,48,-0.0306,SL_HIT,SHORT,YES
fx_smart_9974b0d88a0c,AUDJPY=X,alpha_engine,fx_smart_carry_trade_momentum,forex,WON,2026-04-15 14:32:39,2026-04-18 02:32:39,60,0.005,TP_HIT,LONG,YES
fx_smart_e6a8fdeec57b,AUDUSD=X,alpha_engine,fx_smart_carry_trade_momentum,forex,WON,2026-04-15 14:32:39,2026-04-18 02:32:39,60,0.005,TP_HIT,LONG,YES
multi_asset_cot_positioning::CT=F::2026-04-15_0845,CT=F,multi_asset_cot,cot_positioning,commodity,LOST,2026-04-15 08:45:15,2026-04-17 08:45:15,48,-0.0307,SL_HIT,SHORT,YES
cta_cross_asset_tsmom::AUDUSD=X::2026-04-13_1342,AUDUSD=X,cta_replicator,cta_cross_asset_tsmom,forex,LOST,2026-04-13 13:42:20,2026-04-16 01:42:20,60,-0.002,SL_HIT,SHORT,YES
multi_asset_stocks_rsi2_pullback::RIOT::2026-04-13_1341,RIOT,multi_asset_copytrader,stocks_rsi2_pullback,equity,WON,2026-04-13 13:41:33,2026-04-15 13:41:33,48,0.05,TP_HIT,LONG,YES
multi_asset_cot_positioning::CT=F::2026-04-13_0558,CT=F,multi_asset_cot,cot_positioning,commodity,LOST,2026-04-13 05:58:47,2026-04-15 05:58:47,48,-0.0296,SL_HIT,SHORT,YES
cc_SI=F_L_202604201729,SI=F,copy_trader_intel,combined_confidence,commodity,WON,2026-03-19 11:50:50,2026-03-21 11:50:50,48,0.035,TP_HIT,LONG,YES
stocks_rsi2_pullback_wide::PEP::2026-04-25,PEP,copy_trader_intel,stocks_rsi2_pullback_wide,equity,WON,2026-03-19 11:50:50,2026-03-21 11:50:50,48,0.035,TP_HIT,LONG,YES
fear_ADA_20260226_1558,ADA,ml_bg_system_f,extreme_fear,,CLOSED_SL,,,0,-5.68,SL_HIT,LONG,NO_no_created_at
fear_ADA_20260228_0156,ADA,ml_bg_system_f,extreme_fear,,CLOSED_TP,,,0,6.78,TP_HIT,LONG,NO_no_created_at
fear_ADA_20260228_1746,ADA,ml_bg_system_f,extreme_fear,,CLOSED_SL,,,0,-5.61,SL_HIT,LONG,NO_no_created_at
fear_ADA_20260303_0359,ADA,ml_bg_system_f,extreme_fear,,CLOSED_TP,,,0,6.77,TP_HIT,LONG,NO_no_created_at
fear_ADA_20260304_1450,ADA,ml_bg_system_f,extreme_fear,,CLOSED_SL,,,0,-5.95,SL_HIT,LONG,NO_no_created_at
fear_ADA_20260305_1321,ADA,ml_bg_system_f,extreme_fear,,CLOSED_SL,,,0,-5.34,SL_HIT,LONG,NO_no_created_at
fear_ADA_20260307_0910,ADA,ml_bg_system_f,extreme_fear,,CLOSED_TP,,,0,7.24,TP_HIT,LONG,NO_no_created_at
fear_ADA_20260310_1005,ADA,ml_bg_system_f,extreme_fear,,CLOSED_SL,,,0,-5.15,SL_HIT,LONG,NO_no_created_at
fear_ADA_20260311_0246,ADA,ml_bg_system_f,extreme_fear,,CLOSED_TP,,,0,6.04,TP_HIT,LONG,NO_no_created_at
fear_ADA_20260313_0035,ADA,ml_bg_system_f,extreme_fear,,CLOSED_SL,,,0,-5.07,SL_HIT,LONG,NO_no_created_at
fear_ADA_20260314_1327,ADA,ml_bg_system_f,extreme_fear,,CLOSED_TP,,,0,8.92,TP_HIT,LONG,NO_no_created_at
fear_ADA_20260315_2324,ADA,ml_bg_system_f,extreme_fear,,CLOSED_SL,,,0,-5.08,SL_HIT,LONG,NO_no_created_at
fear_ADA_20260319_0234,ADA,ml_bg_system_f,extreme_fear,,CLOSED_SL,,,0,-5.08,SL_HIT,LONG,NO_no_created_at
fear_ADA_20260322_1143,ADA,ml_bg_system_f,extreme_fear,,CLOSED_TP,,,0,6.1,TP_HIT,LONG,NO_no_created_at
fear_ADA_20260325_0151,ADA,ml_bg_system_f,extreme_fear,,CLOSED_SL,,,0,-5.09,SL_HIT,LONG,NO_no_created_at
fear_ADA_20260326_1149,ADA,ml_bg_system_f,extreme_fear,,CLOSED_SL,,,0,-5.33,SL_HIT,LONG,NO_no_created_at
fear_ADA_20260329_0545,ADA,ml_bg_system_f,extreme_fear,,CLOSED_TP,,,0,6.13,TP_HIT,LONG,NO_no_created_at
fear_ADA_20260405_2216,ADA,ml_bg_system_f,extreme_fear,,CLOSED_SL,,,0,-5.27,SL_HIT,LONG,NO_no_created_at
fear_ADA_20260407_0102,ADA,ml_bg_system_f,extreme_fear,,CLOSED_TP,,,0,6.16,TP_HIT,LONG,NO_no_created_at
fear_ADA_20260407_1745,ADA,ml_bg_system_f,extreme_fear,,CLOSED_SL,,,0,-5.73,SL_HIT,LONG,NO_no_created_at
fear_ADA_20260411_2057,ADA,ml_bg_system_f,extreme_fear,,CLOSED_TP,,,0,6.25,TP_HIT,LONG,NO_no_created_at
fear_ADA_20260416_1410,ADA,ml_bg_system_f,extreme_fear,,CLOSED_SL,,,0,-5.48,SL_HIT,LONG,NO_no_created_at
fear_AVAX_20260226_1558,AVAX,ml_bg_system_f,extreme_fear,,CLOSED_SL,,,0,-7.14,SL_HIT,LONG,NO_no_created_at
fear_AVAX_20260228_0156,AVAX,ml_bg_system_f,extreme_fear,,CLOSED_TP,,,0,6.18,TP_HIT,LONG,NO_no_created_at
fear_AVAX_20260228_1547,AVAX,ml_bg_system_f,extreme_fear,,CLOSED_TP,,,0,6.48,TP_HIT,LONG,NO_no_created_at
fear_AVAX_20260304_1450,AVAX,ml_bg_system_f,extreme_fear,,CLOSED_SL,,,0,-5.26,SL_HIT,LONG,NO_no_created_at
fear_AVAX_20260306_0753,AVAX,ml_bg_system_f,extreme_fear,,CLOSED_TP,,,0,7.62,TP_HIT,LONG,NO_no_created_at
fear_AVAX_20260310_1135,AVAX,ml_bg_system_f,extreme_fear,,CLOSED_TP,,,0,6.07,TP_HIT,LONG,NO_no_created_at
fear_AVAX_20260316_1759,AVAX,ml_bg_system_f,extreme_fear,,CLOSED_SL,,,0,-5.62,SL_HIT,LONG,NO_no_created_at
fear_AVAX_20260318_1929,AVAX,ml_bg_system_f,extreme_fear,,CLOSED_SL,,,0,-5.37,SL_HIT,LONG,NO_no_created_at
fear_AVAX_20260322_0309,AVAX,ml_bg_system_f,extreme_fear,,CLOSED_TP,,,0,6.11,TP_HIT,LONG,NO_no_created_at
fear_AVAX_20260325_0548,AVAX,ml_bg_system_f,extreme_fear,,CLOSED_SL,,,0,-5.04,SL_HIT,LONG,NO_no_created_at
fear_AVAX_20260326_1004,AVAX,ml_bg_system_f,extreme_fear,,CLOSED_SL,,,0,-5.42,SL_HIT,LONG,NO_no_created_at
fear_AVAX_20260327_0648,AVAX,ml_bg_system_f,extreme_fear,,CLOSED_TP,,,0,7.45,TP_HIT,LONG,NO_no_created_at
fear_AVAX_20260401_0151,AVAX,ml_bg_system_f,extreme_fear,,CLOSED_SL,,,0,-5.86,SL_HIT,LONG,NO_no_created_at
fear_AVAX_20260401_2336,AVAX,ml_bg_system_f,extreme_fear,,CLOSED_TP,,,0,8.34,TP_HIT,LONG,NO_no_created_at
fear_AVAX_20260405_2011,AVAX,ml_bg_system_f,extreme_fear,,CLOSED_SL,,,0,-5.7,SL_HIT,LONG,NO_no_created_at
fear_AVAX_20260406_1813,AVAX,ml_bg_system_f,extreme_fear,,CLOSED_TP,,,0,6.94,TP_HIT,LONG,NO_no_created_at
fear_AVAX_20260407_1832,AVAX,ml_bg_system_f,extreme_fear,,CLOSED_SL,,,0,-5.23,SL_HIT,LONG,NO_no_created_at
fear_AVAX_20260408_1845,AVAX,ml_bg_system_f,extreme_fear,,CLOSED_TP,,,0,6.62,TP_HIT,LONG,NO_no_created_at
fear_AVAX_20260413_1830,AVAX,ml_bg_system_f,extreme_fear,,CLOSED_SL,,,0,-5.28,SL_HIT,LONG,NO_no_created_at
fear_BNB_20260226_1845,BNB,ml_bg_system_f,extreme_fear,,CLOSED_SL,,,0,-5.32,SL_HIT,LONG,NO_no_created_at
fear_BNB_20260228_1336,BNB,ml_bg_system_f,extreme_fear,,CLOSED_TP,,,0,6.79,TP_HIT,LONG,NO_no_created_at
fear_BNB_20260302_1051,BNB,ml_bg_system_f,extreme_fear,,CLOSED_SL,,,0,-5.12,SL_HIT,LONG,NO_no_created_at
fear_BNB_20260307_2358,BNB,ml_bg_system_f,extreme_fear,,CLOSED_TP,,,0,6.35,TP_HIT,LONG,NO_no_created_at
fear_BNB_20260311_1233,BNB,ml_bg_system_f,extreme_fear,,CLOSED_SL,,,0,-5.18,SL_HIT,LONG,NO_no_created_at
fear_BNB_20260327_0400,BNB,ml_bg_system_f,extreme_fear,,CLOSED_SL,,,0,-5.06,SL_HIT,LONG,NO_no_created_at
fear_BNB_20260402_0139,BNB,ml_bg_system_f,extreme_fear,,CLOSED_TP,,,0,6.04,TP_HIT,LONG,NO_no_created_at
fear_BNB_20260414_1044,BNB,ml_bg_system_f,extreme_fear,,CLOSED_TP,,,0,6.44,TP_HIT,LONG,NO_no_created_at
fear_BTC_20260224_2318,BTC,ml_bg_system_f,extreme_fear,,CLOSED_TP,,,0,6.06,TP_HIT,LONG,NO_no_created_at
fear_BTC_20260302_1051,BTC,ml_bg_system_f,extreme_fear,,CLOSED_TP,,,0,6.31,TP_HIT,LONG,NO_no_created_at
fear_BTC_20260304_1407,BTC,ml_bg_system_f,extreme_fear,,CLOSED_SL,,,0,-5.25,SL_HIT,LONG,NO_no_created_at
fear_BTC_20260306_0753,BTC,ml_bg_system_f,extreme_fear,,CLOSED_SL,,,0,-5.69,SL_HIT,LONG,NO_no_created_at
fear_BTC_20260308_1705,BTC,ml_bg_system_f,extreme_fear,,CLOSED_TP,,,0,6.29,TP_HIT,LONG,NO_no_created_at
fear_BTC_20260309_2138,BTC,ml_bg_system_f,extreme_fear,,CLOSED_TP,,,0,6.05,TP_HIT,LONG,NO_no_created_at
fear_BTC_20260316_1008,BTC,ml_bg_system_f,extreme_fear,,CLOSED_SL,,,0,-5.22,SL_HIT,LONG,NO_no_created_at
fear_BTC_20260319_0728,BTC,ml_bg_system_f,extreme_fear,,CLOSED_SL,,,0,-5.05,SL_HIT,LONG,NO_no_created_at
fear_BTC_20260327_0858,BTC,ml_bg_system_f,extreme_fear,,CLOSED_TP,,,0,6.11,TP_HIT,LONG,NO_no_created_at
fear_BTC_20260406_1146,BTC,ml_bg_system_f,extreme_fear,,CLOSED_TP,,,0,6.29,TP_HIT,LONG,NO_no_created_at
fear_BTC_20260413_1802,BTC,ml_bg_system_f,extreme_fear,,CLOSED_TP,,,0,6.38,TP_HIT,LONG,NO_no_created_at
fear_DOGE_20260226_1558,DOGE,ml_bg_system_f,extreme_fear,,CLOSED_SL,,,0,-11.27,SL_HIT,LONG,NO_no_created_at
fear_DOGE_20260228_0156,DOGE,ml_bg_system_f,extreme_fear,,CLOSED_TP,,,0,6.12,TP_HIT,LONG,NO_no_created_at
fear_DOGE_20260228_1721,DOGE,ml_bg_system_f,extreme_fear,,CLOSED_SL,,,0,-5.11,SL_HIT,LONG,NO_no_created_at
fear_DOGE_20260303_0539,DOGE,ml_bg_system_f,extreme_fear,,CLOSED_TP,,,0,6.35,TP_HIT,LONG,NO_no_created_at
fear_DOGE_20260304_0957,DOGE,ml_bg_system_f,extreme_fear,,CLOSED_TP,,,0,6.14,TP_HIT,LONG,NO_no_created_at
fear_DOGE_20260304_1225,DOGE,ml_bg_system_f,extreme_fear,,CLOSED_SL,,,0,-5.25,SL_HIT,LONG,NO_no_created_at
fear_DOGE_20260305_0302,DOGE,ml_bg_system_f,extreme_fear,,CLOSED_SL,,,0,-5.06,SL_HIT,LONG,NO_no_created_at
fear_DOGE_20260306_0936,DOGE,ml_bg_system_f,extreme_fear,,CLOSED_TP,,,0,6.09,TP_HIT,LONG,NO_no_created_at
fear_DOGE_20260310_0906,DOGE,ml_bg_system_f,extreme_fear,,CLOSED_TP,,,0,6.17,TP_HIT,LONG,NO_no_created_at
fear_DOGE_20260316_0234,DOGE,ml_bg_system_f,extreme_fear,,CLOSED_SL,,,0,-5.06,SL_HIT,LONG,NO_no_created_at
fear_DOGE_20260318_1929,DOGE,ml_bg_system_f,extreme_fear,,CLOSED_SL,,,0,-5.16,SL_HIT,LONG,NO_no_created_at
fear_DOGE_20260322_1424,DOGE,ml_bg_system_f,extreme_fear,,CLOSED_TP,,,0,6.33,TP_HIT,LONG,NO_no_created_at
fear_DOGE_20260325_0011,DOGE,ml_bg_system_f,extreme_fear,,CLOSED_SL,,,0,-5.19,SL_HIT,LONG,NO_no_created_at
fear_DOGE_20260326_1149,DOGE,ml_bg_system_f,extreme_fear,,CLOSED_TP,,,0,6.37,TP_HIT,LONG,NO_no_created_at
fear_DOGE_20260414_0937,DOGE,ml_bg_system_f,extreme_fear,,CLOSED_TP,,,0,7.65,TP_HIT,LONG,NO_no_created_at
fear_DOT_20260226_1558,DOT,ml_bg_system_f,extreme_fear,,CLOSED_SL,,,0,-5.13,SL_HIT,LONG,NO_no_created_at
fear_DOT_20260228_0353,DOT,ml_bg_system_f,extreme_fear,,CLOSED_TP,,,0,7.43,TP_HIT,LONG,NO_no_created_at
fear_DOT_20260228_1431,DOT,ml_bg_system_f,extreme_fear,,CLOSED_SL,,,0,-5.06,SL_HIT,LONG,NO_no_created_at
fear_DOT_20260302_0756,DOT,ml_bg_system_f,extreme_fear,,CLOSED_TP,,,0,6.0,TP_HIT,LONG,NO_no_created_at
fear_DOT_20260302_2102,DOT,ml_bg_system_f,extreme_fear,,CLOSED_SL,,,0,-5.33,SL_HIT,LONG,NO_no_created_at
fear_DOT_20260314_1410,DOT,ml_bg_system_f,extreme_fear,,CLOSED_TP,,,0,7.04,TP_HIT,LONG,NO_no_created_at
fear_DOT_20260316_0016,DOT,ml_bg_system_f,extreme_fear,,CLOSED_TP,,,0,6.58,TP_HIT,LONG,NO_no_created_at
fear_DOT_20260316_1334,DOT,ml_bg_system_f,extreme_fear,,CLOSED_SL,,,0,-5.56,SL_HIT,LONG,NO_no_created_at
fear_DOT_20260319_0234,DOT,ml_bg_system_f,extreme_fear,,CLOSED_SL,,,0,-5.23,SL_HIT,LONG,NO_no_created_at
fear_DOT_20260322_0309,DOT,ml_bg_system_f,extreme_fear,,CLOSED_SL,,,0,-6.21,SL_HIT,LONG,NO_no_created_at
fear_DOT_20260324_1314,DOT,ml_bg_system_f,extreme_fear,,CLOSED_SL,,,0,-5.88,SL_HIT,LONG,NO_no_created_at
fear_DOT_20260327_1027,DOT,ml_bg_system_f,extreme_fear,,CLOSED_SL,,,0,-5.47,SL_HIT,LONG,NO_no_created_at
fear_DOT_20260402_0605,DOT,ml_bg_system_f,extreme_fear,,CLOSED_TP,,,0,6.61,TP_HIT,LONG,NO_no_created_at
fear_DOT_20260406_0509,DOT,ml_bg_system_f,extreme_fear,,CLOSED_SL,,,0,-5.43,SL_HIT,LONG,NO_no_created_at
fear_DOT_20260407_0852,DOT,ml_bg_system_f,extreme_fear,,CLOSED_TP,,,0,6.56,TP_HIT,LONG,NO_no_created_at
fear_DOT_20260407_1745,DOT,ml_bg_system_f,extreme_fear,,CLOSED_SL,,,0,-5.38,SL_HIT,LONG,NO_no_created_at
fear_DOT_20260411_2330,DOT,ml_bg_system_f,extreme_fear,,CLOSED_SL,,,0,-5.69,SL_HIT,LONG,NO_no_created_at
fear_DOT_20260413_0039,DOT,ml_bg_system_f,extreme_fear,,CLOSED_TP,,,0,6.03,TP_HIT,LONG,NO_no_created_at
fear_DOT_20260414_1242,DOT,ml_bg_system_f,extreme_fear,,CLOSED_TP,,,0,6.03,TP_HIT,LONG,NO_no_created_at
fear_DOT_20260416_0036,DOT,ml_bg_system_f,extreme_fear,,CLOSED_TP,,,0,8.13,TP_HIT,LONG,NO_no_created_at
fear_DOT_20260416_1102,DOT,ml_bg_system_f,extreme_fear,,CLOSED_SL,,,0,-5.26,SL_HIT,LONG,NO_no_created_at
fear_ETH_20260224_2318,ETH,ml_bg_system_f,extreme_fear,,CLOSED_TP,,,0,6.0,TP_HIT,LONG,NO_no_created_at
fear_ETH_20260225_1041,ETH,ml_bg_system_f,extreme_fear,,CLOSED_SL,,,0,-5.01,SL_HIT,LONG,NO_no_created_at
fear_ETH_20260227_1358,ETH,ml_bg_system_f,extreme_fear,,CLOSED_TP,,,0,7.01,TP_HIT,LONG,NO_no_created_at
fear_ETH_20260302_1051,ETH,ml_bg_system_f,extreme_fear,,CLOSED_SL,,,0,-5.06,SL_HIT,LONG,NO_no_created_at
fear_ETH_20260303_0455,ETH,ml_bg_system_f,extreme_fear,,CLOSED_TP,,,0,6.29,TP_HIT,LONG,NO_no_created_at
fear_ETH_20260304_0424,ETH,ml_bg_system_f,extreme_fear,,CLOSED_SL,,,0,-5.01,SL_HIT,LONG,NO_no_created_at
fear_ETH_20260307_1423,ETH,ml_bg_system_f,extreme_fear,,CLOSED_TP,,,0,8.25,TP_HIT,LONG,NO_no_created_at
fear_ETH_20260312_1928,ETH,ml_bg_system_f,extreme_fear,,CLOSED_TP,,,0,6.24,TP_HIT,LONG,NO_no_created_at
fear_ETH_20260316_0016,ETH,ml_bg_system_f,extreme_fear,,CLOSED_SL,,,0,-5.96,SL_HIT,LONG,NO_no_created_at
fear_ETH_20260319_0832,ETH,ml_bg_system_f,extreme_fear,,CLOSED_SL,,,0,-5.59,SL_HIT,LONG,NO_no_created_at
fear_ETH_20260327_0554,ETH,ml_bg_system_f,extreme_fear,,CLOSED_TP,,,0,6.95,TP_HIT,LONG,NO_no_created_at
fear_ETH_20260401_0151,ETH,ml_bg_system_f,extreme_fear,,CLOSED_SL,,,0,-5.12,SL_HIT,LONG,NO_no_created_at
fear_ETH_20260402_0533,ETH,ml_bg_system_f,extreme_fear,,CLOSED_TP,,,0,6.22,TP_HIT,LONG,NO_no_created_at
fear_ETH_20260406_1018,ETH,ml_bg_system_f,extreme_fear,,CLOSED_TP,,,0,6.43,TP_HIT,LONG,NO_no_created_at
fear_ETH_20260411_1352,ETH,ml_bg_system_f,extreme_fear,,CLOSED_SL,,,0,-5.03,SL_HIT,LONG,NO_no_created_at
fear_ETH_20260412_0903,ETH,ml_bg_system_f,extreme_fear,,CLOSED_TP,,,0,6.18,TP_HIT,LONG,NO_no_created_at
fear_ETH_20260413_1730,ETH,ml_bg_system_f,extreme_fear,,CLOSED_SL,,,0,-5.6,SL_HIT,LONG,NO_no_created_at
fear_LINK_20260226_1653,LINK,ml_bg_system_f,extreme_fear,,CLOSED_SL,,,0,-8.37,SL_HIT,LONG,NO_no_created_at
fear_LINK_20260228_0156,LINK,ml_bg_system_f,extreme_fear,,CLOSED_TP,,,0,6.25,TP_HIT,LONG,NO_no_created_at
fear_LINK_20260228_1746,LINK,ml_bg_system_f,extreme_fear,,CLOSED_TP,,,0,6.64,TP_HIT,LONG,NO_no_created_at
fear_LINK_20260304_1142,LINK,ml_bg_system_f,extreme_fear,,CLOSED_SL,,,0,-6.22,SL_HIT,LONG,NO_no_created_at
fear_LINK_20260306_0936,LINK,ml_bg_system_f,extreme_fear,,CLOSED_TP,,,0,6.75,TP_HIT,LONG,NO_no_created_at
fear_LINK_20260313_0839,LINK,ml_bg_system_f,extreme_fear,,CLOSED_SL,,,0,-5.27,SL_HIT,LONG,NO_no_created_at
fear_LINK_20260314_0147,LINK,ml_bg_system_f,extreme_fear,,CLOSED_TP,,,0,8.68,TP_HIT,LONG,NO_no_created_at
fear_LINK_20260315_2324,LINK,ml_bg_system_f,extreme_fear,,CLOSED_SL,,,0,-5.83,SL_HIT,LONG,NO_no_created_at
fear_LINK_20260318_1929,LINK,ml_bg_system_f,extreme_fear,,CLOSED_SL,,,0,-5.21,SL_HIT,LONG,NO_no_created_at
fear_LINK_20260322_1346,LINK,ml_bg_system_f,extreme_fear,,CLOSED_TP,,,0,6.18,TP_HIT,LONG,NO_no_created_at
fear_LINK_20260324_1959,LINK,ml_bg_system_f,extreme_fear,,CLOSED_SL,,,0,-5.06,SL_HIT,LONG,NO_no_created_at
fear_LINK_20260327_0436,LINK,ml_bg_system_f,extreme_fear,,CLOSED_SL,,,0,-5.68,SL_HIT,LONG,NO_no_created_at
fear_LINK_20260329_2041,LINK,ml_bg_system_f,extreme_fear,,CLOSED_TP,,,0,6.46,TP_HIT,LONG,NO_no_created_at
fear_LINK_20260401_0151,LINK,ml_bg_system_f,extreme_fear,,CLOSED_SL,,,0,-5.07,SL_HIT,LONG,NO_no_created_at
fear_LINK_20260401_2240,LINK,ml_bg_system_f,extreme_fear,,CLOSED_TP,,,0,7.67,TP_HIT,LONG,NO_no_created_at
fear_LINK_20260407_1814,LINK,ml_bg_system_f,extreme_fear,,CLOSED_SL,,,0,-5.5,SL_HIT,LONG,NO_no_created_at
fear_LINK_20260408_1954,LINK,ml_bg_system_f,extreme_fear,,CLOSED_TP,,,0,6.39,TP_HIT,LONG,NO_no_created_at
fear_LINK_20260413_1802,LINK,ml_bg_system_f,extreme_fear,,CLOSED_TP,,,0,6.01,TP_HIT,LONG,NO_no_created_at
fear_SOL_20260224_2318,SOL,ml_bg_system_f,extreme_fear,,CLOSED_TP,,,0,6.8,TP_HIT,LONG,NO_no_created_at
fear_SOL_20260225_1149,SOL,ml_bg_system_f,extreme_fear,,CLOSED_SL,,,0,-5.2,SL_HIT,LONG,NO_no_created_at
fear_SOL_20260227_0832,SOL,ml_bg_system_f,extreme_fear,,CLOSED_SL,,,0,-5.94,SL_HIT,LONG,NO_no_created_at
fear_SOL_20260228_0156,SOL,ml_bg_system_f,extreme_fear,,CLOSED_TP,,,0,6.85,TP_HIT,LONG,NO_no_created_at
fear_SOL_20260228_1524,SOL,ml_bg_system_f,extreme_fear,,CLOSED_TP,,,0,6.4,TP_HIT,LONG,NO_no_created_at
fear_SOL_20260302_1051,SOL,ml_bg_system_f,extreme_fear,,CLOSED_SL,,,0,-5.02,SL_HIT,LONG,NO_no_created_at
fear_SOL_20260303_0359,SOL,ml_bg_system_f,extreme_fear,,CLOSED_TP,,,0,6.81,TP_HIT,LONG,NO_no_created_at
fear_SOL_20260304_0424,SOL,ml_bg_system_f,extreme_fear,,CLOSED_SL,,,0,-5.41,SL_HIT,LONG,NO_no_created_at
fear_SOL_20260306_0936,SOL,ml_bg_system_f,extreme_fear,,CLOSED_TP,,,0,6.21,TP_HIT,LONG,NO_no_created_at
fear_SOL_20260312_2035,SOL,ml_bg_system_f,extreme_fear,,CLOSED_TP,,,0,6.0,TP_HIT,LONG,NO_no_created_at
fear_SOL_20260316_1546,SOL,ml_bg_system_f,extreme_fear,,CLOSED_SL,,,0,-5.33,SL_HIT,LONG,NO_no_created_at
fear_SOL_20260318_1929,SOL,ml_bg_system_f,extreme_fear,,CLOSED_SL,,,0,-5.01,SL_HIT,LONG,NO_no_created_at
fear_SOL_20260322_1625,SOL,ml_bg_system_f,extreme_fear,,CLOSED_TP,,,0,6.87,TP_HIT,LONG,NO_no_created_at
fear_SOL_20260323_0910,SOL,ml_bg_system_f,extreme_fear,,CLOSED_SL,,,0,-6.14,SL_HIT,LONG,NO_no_created_at
fear_SOL_20260326_1337,SOL,ml_bg_system_f,extreme_fear,,CLOSED_SL,,,0,-5.3,SL_HIT,LONG,NO_no_created_at
fear_SOL_20260329_1230,SOL,ml_bg_system_f,extreme_fear,,CLOSED_SL,,,0,-5.06,SL_HIT,LONG,NO_no_created_at
fear_SOL_20260402_0851,SOL,ml_bg_system_f,extreme_fear,,CLOSED_TP,,,0,6.86,TP_HIT,LONG,NO_no_created_at
fear_SOL_20260405_1932,SOL,ml_bg_system_f,extreme_fear,,CLOSED_TP,,,0,6.27,TP_HIT,LONG,NO_no_created_at
fear_SOL_20260416_1340,SOL,ml_bg_system_f,extreme_fear,,CLOSED_SL,,,0,-5.09,SL_HIT,LONG,NO_no_created_at
fear_XRP_20260226_1558,XRP,ml_bg_system_f,extreme_fear,,CLOSED_SL,,,0,-7.14,SL_HIT,LONG,NO_no_created_at
fear_XRP_20260228_0156,XRP,ml_bg_system_f,extreme_fear,,CLOSED_TP,,,0,6.15,TP_HIT,LONG,NO_no_created_at
fear_XRP_20260228_1643,XRP,ml_bg_system_f,extreme_fear,,CLOSED_TP,,,0,6.52,TP_HIT,LONG,NO_no_created_at
fear_XRP_20260304_1450,XRP,ml_bg_system_f,extreme_fear,,CLOSED_SL,,,0,-5.44,SL_HIT,LONG,NO_no_created_at
fear_XRP_20260306_0753,XRP,ml_bg_system_f,extreme_fear,,CLOSED_TP,,,0,6.47,TP_HIT,LONG,NO_no_created_at
fear_XRP_20260316_0148,XRP,ml_bg_system_f,extreme_fear,,CLOSED_TP,,,0,6.08,TP_HIT,LONG,NO_no_created_at
fear_XRP_20260318_1929,XRP,ml_bg_system_f,extreme_fear,,CLOSED_SL,,,0,-5.48,SL_HIT,LONG,NO_no_created_at
fear_XRP_20260322_1410,XRP,ml_bg_system_f,extreme_fear,,CLOSED_SL,,,0,-5.07,SL_HIT,LONG,NO_no_created_at
fear_XRP_20260329_1748,XRP,ml_bg_system_f,extreme_fear,,CLOSED_TP,,,0,6.11,TP_HIT,LONG,NO_no_created_at
fear_XRP_20260407_1832,XRP,ml_bg_system_f,extreme_fear,,CLOSED_SL,,,0,-5.04,SL_HIT,LONG,NO_no_created_at
fear_XRP_20260409_0939,XRP,ml_bg_system_f,extreme_fear,,CLOSED_TP,,,0,6.06,TP_HIT,LONG,NO_no_created_at
fear_XRP_20260415_1445,XRP,ml_bg_system_f,extreme_fear,,CLOSED_TP,,,0,6.43,TP_HIT,LONG,NO_no_created_at
fear_XRP_20260417_0912,XRP,ml_bg_system_f,extreme_fear,,CLOSED_SL,,,0,-5.37,SL_HIT,LONG,NO_no_created_at
momentum_ADA_20260505_1637,ADA,ml_bg_system_f,momentum_breakout,,CLOSED_TP,,,0,8.8,TP_HIT,LONG,NO_no_created_at
multi_asset_forex_rsi2_mean_reversion::USDCAD=X::2026-04-20_,USDCAD=X,alpha_engine,forex_rsi2_mean_reversion,forex,LOST,,,0,-0.01,SL_HIT,LONG,NO_no_created_at
multi_asset_futures_momentum::SI=F::2026-04-20_2022,SI=F,alpha_engine,futures_momentum,commodity,WON,,,0,0.0007,TP_HIT,LONG,NO_no_created_at
multi_asset_myfxbook_retail_contrarian::USDCAD=X::2026-04-20,USDCAD=X,alpha_engine,myfxbook_retail_contrarian,forex,LOST,,,0,-0.01,SL_HIT,LONG,NO_no_created_at
multi_asset_myfxbook_retail_contrarian::USDCHF=X::2026-04-20,USDCHF=X,alpha_engine,myfxbook_retail_contrarian,forex,LOST,,,0,-0.01,SL_HIT,LONG,NO_no_created_at
